"exp_rep","incubator_id","incubator_temp","datetime","temp_c"
0,1,16,2026-02-24 15:18:54,20.16
0,1,16,2026-02-24 15:28:54,19.17
0,1,16,2026-02-24 15:38:54,18.57
0,1,16,2026-02-24 15:48:54,18.27
0,1,16,2026-02-24 15:58:54,17.97
0,1,16,2026-02-24 16:08:54,17.67
0,1,16,2026-02-24 16:18:54,17.5
0,1,16,2026-02-24 16:28:54,17.29
0,1,16,2026-02-24 16:38:54,17.11
0,1,16,2026-02-24 16:48:54,16.99
0,1,16,2026-02-24 16:58:54,16.9
0,1,16,2026-02-24 17:08:54,16.77
0,1,16,2026-02-24 17:18:54,16.73
0,1,16,2026-02-24 17:28:54,16.64
0,1,16,2026-02-24 17:38:54,16.6
0,1,16,2026-02-24 17:48:54,16.51
0,1,16,2026-02-24 17:58:54,16.47
0,1,16,2026-02-24 18:08:54,16.43
0,1,16,2026-02-24 18:18:54,16.34
0,1,16,2026-02-24 18:28:54,16.3
0,1,16,2026-02-24 18:38:54,16.3
0,1,16,2026-02-24 18:48:54,16.26
0,1,16,2026-02-24 18:58:54,16.26
0,1,16,2026-02-24 19:08:54,16.21
0,1,16,2026-02-24 19:18:54,16.21
0,1,16,2026-02-24 19:28:54,16.21
0,1,16,2026-02-24 19:38:54,16.21
0,1,16,2026-02-24 19:48:54,16.21
0,1,16,2026-02-24 19:58:54,16.17
0,1,16,2026-02-24 20:08:54,16.17
0,1,16,2026-02-24 20:18:54,16.17
0,1,16,2026-02-24 20:28:54,16.17
0,1,16,2026-02-24 20:38:54,16.13
0,1,16,2026-02-24 20:48:54,16.13
0,1,16,2026-02-24 20:58:54,16.17
0,1,16,2026-02-24 21:08:54,16.13
0,1,16,2026-02-24 21:18:54,16.13
0,1,16,2026-02-24 21:28:54,16.08
0,1,16,2026-02-24 21:38:54,16.04
0,1,16,2026-02-24 21:48:54,16.04
0,1,16,2026-02-24 21:58:54,16.04
0,1,16,2026-02-24 22:08:54,15.96
0,1,16,2026-02-24 22:18:54,16
0,1,16,2026-02-24 22:28:54,16.04
0,1,16,2026-02-24 22:38:54,15.96
0,1,16,2026-02-24 22:48:54,16
0,1,16,2026-02-24 22:58:54,15.96
0,1,16,2026-02-24 23:08:54,16.04
0,1,16,2026-02-24 23:18:54,16
0,1,16,2026-02-24 23:28:54,16
0,1,16,2026-02-24 23:38:54,16
0,1,16,2026-02-24 23:48:54,16.04
0,1,16,2026-02-24 23:58:54,16
0,1,16,2026-02-25 00:08:54,16
0,1,16,2026-02-25 00:18:54,16
0,1,16,2026-02-25 00:28:54,16
0,1,16,2026-02-25 00:38:54,16.04
0,1,16,2026-02-25 00:48:54,16.04
0,1,16,2026-02-25 00:58:54,16.04
0,1,16,2026-02-25 01:08:54,16.04
0,1,16,2026-02-25 01:18:54,16.08
0,1,16,2026-02-25 01:28:54,16.04
0,1,16,2026-02-25 01:38:54,16.08
0,1,16,2026-02-25 01:48:54,16.08
0,1,16,2026-02-25 01:58:54,16.08
0,1,16,2026-02-25 02:08:54,16.04
0,1,16,2026-02-25 02:18:54,16
0,1,16,2026-02-25 02:28:54,16
0,1,16,2026-02-25 02:38:54,16.04
0,1,16,2026-02-25 02:48:54,16.08
0,1,16,2026-02-25 02:58:54,16.04
0,1,16,2026-02-25 03:08:54,16.04
0,1,16,2026-02-25 03:18:54,16.04
0,1,16,2026-02-25 03:28:54,16.04
0,1,16,2026-02-25 03:38:54,16.04
0,1,16,2026-02-25 03:48:54,16.04
0,1,16,2026-02-25 03:58:54,16.04
0,1,16,2026-02-25 04:08:54,16.08
0,1,16,2026-02-25 04:18:54,16.04
0,1,16,2026-02-25 04:28:54,16.08
0,1,16,2026-02-25 04:38:54,16.04
0,1,16,2026-02-25 04:48:54,16.13
0,1,16,2026-02-25 04:58:54,16.08
0,1,16,2026-02-25 05:08:54,16.08
0,1,16,2026-02-25 05:18:54,16.04
0,1,16,2026-02-25 05:28:54,16.04
0,1,16,2026-02-25 05:38:54,16.04
0,1,16,2026-02-25 05:48:54,16.08
0,1,16,2026-02-25 05:58:54,16.04
0,1,16,2026-02-25 06:08:54,16.08
0,1,16,2026-02-25 06:18:54,16.04
0,1,16,2026-02-25 06:28:54,16.04
0,1,16,2026-02-25 06:38:54,16
0,1,16,2026-02-25 06:48:54,16.04
0,1,16,2026-02-25 06:58:54,16.04
0,1,16,2026-02-25 07:08:54,16.04
0,1,16,2026-02-25 07:18:54,16.13
0,1,16,2026-02-25 07:28:54,16.08
0,1,16,2026-02-25 07:38:54,16.08
0,1,16,2026-02-25 07:48:54,16.08
0,1,16,2026-02-25 07:58:54,16.08
0,1,16,2026-02-25 08:08:54,16.13
0,1,16,2026-02-25 08:18:54,16.13
0,1,16,2026-02-25 08:28:54,16.08
0,1,16,2026-02-25 08:38:54,16.13
0,1,16,2026-02-25 08:48:54,16.08
0,1,16,2026-02-25 08:58:54,16.08
0,1,16,2026-02-25 09:08:54,16.08
0,1,16,2026-02-25 09:18:54,16.08
0,1,16,2026-02-25 09:28:54,16.08
0,1,16,2026-02-25 09:38:54,16.08
0,1,16,2026-02-25 09:48:54,16.08
0,1,16,2026-02-25 09:58:54,16.04
0,1,16,2026-02-25 10:08:54,16.08
0,1,16,2026-02-25 10:18:54,16.08
0,1,16,2026-02-25 10:28:54,16.08
0,1,16,2026-02-25 10:38:54,16.04
0,1,16,2026-02-25 10:48:54,16.08
0,1,16,2026-02-25 10:58:54,16.13
0,1,16,2026-02-25 11:08:54,16.08
0,1,16,2026-02-25 11:18:54,16.04
0,1,16,2026-02-25 11:28:54,16.08
0,1,16,2026-02-25 11:38:54,16.04
0,1,16,2026-02-25 11:48:54,16.08
0,1,16,2026-02-25 11:58:54,16.08
0,1,16,2026-02-25 12:08:54,16.04
0,1,16,2026-02-25 12:18:54,16.08
0,1,16,2026-02-25 12:28:54,16.08
0,1,16,2026-02-25 12:38:54,16.08
0,1,16,2026-02-25 12:48:54,16.08
0,1,16,2026-02-25 12:58:54,16.08
0,1,16,2026-02-25 13:08:54,16.04
0,1,16,2026-02-25 13:18:54,16.13
0,1,16,2026-02-25 13:28:54,16.08
0,1,16,2026-02-25 13:38:54,16.08
0,1,16,2026-02-25 13:48:54,16.08
0,1,16,2026-02-25 13:58:54,16.08
0,1,16,2026-02-25 14:08:54,16.04
0,1,16,2026-02-25 14:18:54,16.04
0,1,16,2026-02-25 14:28:54,16.08
0,1,16,2026-02-25 14:38:54,16.04
0,1,16,2026-02-25 14:48:54,16.13
0,1,16,2026-02-25 14:58:54,16.04
0,1,16,2026-02-25 15:08:54,16.08
0,1,16,2026-02-25 15:18:54,16.08
0,1,16,2026-02-25 15:28:54,16.08
0,1,16,2026-02-25 15:38:54,16.08
0,1,16,2026-02-25 15:48:54,16.13
0,1,16,2026-02-25 15:58:54,16.08
0,1,16,2026-02-25 16:08:54,16.04
0,1,16,2026-02-25 16:18:54,16.04
0,1,16,2026-02-25 16:28:54,16
0,1,16,2026-02-25 16:38:54,15.96
0,1,16,2026-02-25 16:48:54,15.91
0,1,16,2026-02-25 16:58:54,15.96
0,1,16,2026-02-25 17:08:54,15.87
0,1,16,2026-02-25 17:18:54,15.91
0,1,16,2026-02-25 17:28:54,15.91
0,1,16,2026-02-25 17:38:54,15.87
0,1,16,2026-02-25 17:48:54,15.87
0,1,16,2026-02-25 17:58:54,15.91
0,1,16,2026-02-25 18:08:54,15.87
0,1,16,2026-02-25 18:18:54,15.87
0,1,16,2026-02-25 18:28:54,15.91
0,1,16,2026-02-25 18:38:54,15.96
0,1,16,2026-02-25 18:48:54,15.96
0,1,16,2026-02-25 18:58:54,15.96
0,1,16,2026-02-25 19:08:54,15.91
0,1,16,2026-02-25 19:18:54,15.96
0,1,16,2026-02-25 19:28:54,15.91
0,1,16,2026-02-25 19:38:54,15.96
0,1,16,2026-02-25 19:48:54,15.91
0,1,16,2026-02-25 19:58:54,15.96
0,1,16,2026-02-25 20:08:54,15.96
0,1,16,2026-02-25 20:18:54,15.96
0,1,16,2026-02-25 20:28:54,15.96
0,1,16,2026-02-25 20:38:54,16
0,1,16,2026-02-25 20:48:54,15.91
0,1,16,2026-02-25 20:58:54,16.04
0,1,16,2026-02-25 21:08:54,16
0,1,16,2026-02-25 21:18:54,16
0,1,16,2026-02-25 21:28:54,16.04
0,1,16,2026-02-25 21:38:54,16.04
0,1,16,2026-02-25 21:48:54,16
0,1,16,2026-02-25 21:58:54,16.04
0,1,16,2026-02-25 22:08:54,16.04
0,1,16,2026-02-25 22:18:54,16.08
0,1,16,2026-02-25 22:28:54,16.04
0,1,16,2026-02-25 22:38:54,16.04
0,1,16,2026-02-25 22:48:54,16.08
0,1,16,2026-02-25 22:58:54,16.04
0,1,16,2026-02-25 23:08:54,16.08
0,1,16,2026-02-25 23:18:54,16.08
0,1,16,2026-02-25 23:28:54,16.04
0,1,16,2026-02-25 23:38:54,16.04
0,1,16,2026-02-25 23:48:54,16.08
0,1,16,2026-02-25 23:58:54,16.08
0,1,16,2026-02-26 00:08:54,16.08
0,1,16,2026-02-26 00:18:54,16.08
0,1,16,2026-02-26 00:28:54,16.08
0,1,16,2026-02-26 00:38:54,16.04
0,1,16,2026-02-26 00:48:54,16.13
0,1,16,2026-02-26 00:58:54,16.08
0,1,16,2026-02-26 01:08:54,16.13
0,1,16,2026-02-26 01:18:54,16.13
0,1,16,2026-02-26 01:28:54,16.08
0,1,16,2026-02-26 01:38:54,16.08
0,1,16,2026-02-26 01:48:54,16.08
0,1,16,2026-02-26 01:58:54,16.08
0,1,16,2026-02-26 02:08:54,16.08
0,1,16,2026-02-26 02:18:54,16.13
0,1,16,2026-02-26 02:28:54,16.08
0,1,16,2026-02-26 02:38:54,16.13
0,1,16,2026-02-26 02:48:54,16.08
0,1,16,2026-02-26 02:58:54,16.08
0,1,16,2026-02-26 03:08:54,16.13
0,1,16,2026-02-26 03:18:54,16.13
0,1,16,2026-02-26 03:28:54,16.13
0,1,16,2026-02-26 03:38:54,16.08
0,1,16,2026-02-26 03:48:54,16.08
0,1,16,2026-02-26 03:58:54,16.08
0,1,16,2026-02-26 04:08:54,16.13
0,1,16,2026-02-26 04:18:54,16.13
0,1,16,2026-02-26 04:28:54,16.13
0,1,16,2026-02-26 04:38:54,16.13
0,1,16,2026-02-26 04:48:54,16.13
0,1,16,2026-02-26 04:58:54,16.13
0,1,16,2026-02-26 05:08:54,16.08
0,1,16,2026-02-26 05:18:54,16.08
0,1,16,2026-02-26 05:28:54,16.13
0,1,16,2026-02-26 05:38:54,16.13
0,1,16,2026-02-26 05:48:54,16.13
0,1,16,2026-02-26 05:58:54,16.13
0,1,16,2026-02-26 06:08:54,16.13
0,1,16,2026-02-26 06:18:54,16.13
0,1,16,2026-02-26 06:28:54,16.17
0,1,16,2026-02-26 06:38:54,16.13
0,1,16,2026-02-26 06:48:54,16.13
0,1,16,2026-02-26 06:58:54,16.13
0,1,16,2026-02-26 07:08:54,16.13
0,1,16,2026-02-26 07:18:54,16.17
0,1,16,2026-02-26 07:28:54,16.13
0,1,16,2026-02-26 07:38:54,16.17
0,1,16,2026-02-26 07:48:54,16.17
0,1,16,2026-02-26 07:58:54,16.17
0,1,16,2026-02-26 08:08:54,16.17
0,1,16,2026-02-26 08:18:54,16.17
0,1,16,2026-02-26 08:28:54,16.17
0,1,16,2026-02-26 08:38:54,16.17
0,1,16,2026-02-26 08:48:54,16.17
0,1,16,2026-02-26 08:58:54,16.17
0,1,16,2026-02-26 09:08:54,16.17
0,1,16,2026-02-26 09:18:54,16.17
0,1,16,2026-02-26 09:28:54,16.13
0,1,16,2026-02-26 09:38:54,16.13
0,1,16,2026-02-26 09:48:54,16.17
0,1,16,2026-02-26 09:58:54,16.13
0,1,16,2026-02-26 10:08:54,16.17
0,1,16,2026-02-26 10:18:54,16.13
0,1,16,2026-02-26 10:28:54,16.13
0,1,16,2026-02-26 10:38:54,16.17
0,1,16,2026-02-26 10:48:54,16.13
0,1,16,2026-02-26 10:58:54,16.17
0,1,16,2026-02-26 11:08:54,16.13
0,1,16,2026-02-26 11:18:54,16.17
0,1,16,2026-02-26 11:28:54,16.17
0,1,16,2026-02-26 11:38:54,16.17
0,1,16,2026-02-26 11:48:54,16.17
0,1,16,2026-02-26 11:58:54,16.17
0,1,16,2026-02-26 12:08:54,16.13
0,1,16,2026-02-26 12:18:54,16.17
0,1,16,2026-02-26 12:28:54,16.17
0,1,16,2026-02-26 12:38:54,16.17
0,1,16,2026-02-26 12:48:54,16.17
0,1,16,2026-02-26 12:58:54,16.17
0,1,16,2026-02-26 13:08:54,16.13
0,1,16,2026-02-26 13:18:54,16.17
0,1,16,2026-02-26 13:28:54,16.17
0,1,16,2026-02-26 13:38:54,16.13
0,1,16,2026-02-26 13:48:54,16.17
0,1,16,2026-02-26 13:58:54,16.17
0,1,16,2026-02-26 14:08:54,16.17
0,1,16,2026-02-26 14:18:54,16.17
0,1,16,2026-02-26 14:28:54,16.17
0,1,16,2026-02-26 14:38:54,16.13
0,1,16,2026-02-26 14:48:54,16.08
0,1,16,2026-02-26 14:58:54,16.08
0,1,16,2026-02-26 15:08:54,16.13
0,1,16,2026-02-26 15:18:54,16.08
0,1,16,2026-02-26 15:28:54,16.08
0,1,16,2026-02-26 15:38:54,16.04
0,1,16,2026-02-26 15:48:54,16.04
0,1,16,2026-02-26 15:58:54,16.04
0,1,16,2026-02-26 16:08:54,16.04
0,1,16,2026-02-26 16:18:54,16.08
0,1,16,2026-02-26 16:28:54,16.08
0,1,16,2026-02-26 16:38:54,16.04
0,1,16,2026-02-26 16:48:54,16.08
0,1,16,2026-02-26 16:58:54,16.08
0,1,16,2026-02-26 17:08:54,16.13
0,1,16,2026-02-26 17:18:54,16.13
0,1,16,2026-02-26 17:28:54,16.08
0,1,16,2026-02-26 17:38:54,16.08
0,1,16,2026-02-26 17:48:54,16.13
0,1,16,2026-02-26 17:58:54,16.13
0,1,16,2026-02-26 18:08:54,16.13
0,1,16,2026-02-26 18:18:54,16.08
0,1,16,2026-02-26 18:28:54,16.13
0,1,16,2026-02-26 18:38:54,16.04
0,1,16,2026-02-26 18:48:54,16.17
0,1,16,2026-02-26 18:58:54,16.13
0,1,16,2026-02-26 19:08:54,16.08
0,1,16,2026-02-26 19:18:54,16.08
0,1,16,2026-02-26 19:28:54,16.08
0,1,16,2026-02-26 19:38:54,16.08
0,1,16,2026-02-26 19:48:54,16.08
0,1,16,2026-02-26 19:58:54,16.08
0,1,16,2026-02-26 20:08:54,16.08
0,1,16,2026-02-26 20:18:54,16.08
0,1,16,2026-02-26 20:28:54,16.08
0,1,16,2026-02-26 20:38:54,16.04
0,1,16,2026-02-26 20:48:54,16.13
0,1,16,2026-02-26 20:58:54,16.08
0,1,16,2026-02-26 21:08:54,16.13
0,1,16,2026-02-26 21:18:54,16.13
0,1,16,2026-02-26 21:28:54,16.13
0,1,16,2026-02-26 21:38:54,16.08
0,1,16,2026-02-26 21:48:54,16.13
0,1,16,2026-02-26 21:58:54,16.13
0,1,16,2026-02-26 22:08:54,16.13
0,1,16,2026-02-26 22:18:54,16.13
0,1,16,2026-02-26 22:28:54,16.13
0,1,16,2026-02-26 22:38:54,16.17
0,1,16,2026-02-26 22:48:54,16.17
0,1,16,2026-02-26 22:58:54,16.13
0,1,16,2026-02-26 23:08:54,16.17
0,1,16,2026-02-26 23:18:54,16.13
0,1,16,2026-02-26 23:28:54,16.13
0,1,16,2026-02-26 23:38:54,16.13
0,1,16,2026-02-26 23:48:54,16.17
0,1,16,2026-02-26 23:58:54,16.13
0,1,16,2026-02-27 00:08:54,16.17
0,1,16,2026-02-27 00:18:54,16.13
0,1,16,2026-02-27 00:28:54,16.17
0,1,16,2026-02-27 00:38:54,16.08
0,1,16,2026-02-27 00:48:54,16.17
0,1,16,2026-02-27 00:58:54,16.17
0,1,16,2026-02-27 01:08:54,16.17
0,1,16,2026-02-27 01:18:54,16.13
0,1,16,2026-02-27 01:28:54,16.13
0,1,16,2026-02-27 01:38:54,16.13
0,1,16,2026-02-27 01:48:54,16.17
0,1,16,2026-02-27 01:58:54,16.08
0,1,16,2026-02-27 02:08:54,16.13
0,1,16,2026-02-27 02:18:54,16.21
0,1,16,2026-02-27 02:28:54,16.17
0,1,16,2026-02-27 02:38:54,16.17
0,1,16,2026-02-27 02:48:54,16.17
0,1,16,2026-02-27 02:58:54,16.08
0,1,16,2026-02-27 03:08:54,16.13
0,1,16,2026-02-27 03:18:54,16.17
0,1,16,2026-02-27 03:28:54,16.17
0,1,16,2026-02-27 03:38:54,16.13
0,1,16,2026-02-27 03:48:54,16.13
0,1,16,2026-02-27 03:58:54,16.17
0,1,16,2026-02-27 04:08:54,16.17
0,1,16,2026-02-27 04:18:54,16.13
0,1,16,2026-02-27 04:28:54,16.17
0,1,16,2026-02-27 04:38:54,16.13
0,1,16,2026-02-27 04:48:54,16.13
0,1,16,2026-02-27 04:58:54,16.17
0,1,16,2026-02-27 05:08:54,16.17
0,1,16,2026-02-27 05:18:54,16.17
0,1,16,2026-02-27 05:28:54,16.17
0,1,16,2026-02-27 05:38:54,16.17
0,1,16,2026-02-27 05:48:54,16.17
0,1,16,2026-02-27 05:58:54,16.21
0,1,16,2026-02-27 06:08:54,16.17
0,1,16,2026-02-27 06:18:54,16.13
0,1,16,2026-02-27 06:28:54,16.17
0,1,16,2026-02-27 06:38:54,16.17
0,1,16,2026-02-27 06:48:54,16.13
0,1,16,2026-02-27 06:58:54,16.17
0,1,16,2026-02-27 07:08:54,16.17
0,1,16,2026-02-27 07:18:54,16.17
0,1,16,2026-02-27 07:28:54,16.17
0,1,16,2026-02-27 07:38:54,16.21
0,1,16,2026-02-27 07:48:54,16.17
0,1,16,2026-02-27 07:58:54,16.17
0,1,16,2026-02-27 08:08:54,16.21
0,1,16,2026-02-27 08:18:54,16.17
0,1,16,2026-02-27 08:28:54,16.21
0,1,16,2026-02-27 08:38:54,16.17
0,1,16,2026-02-27 08:48:54,16.21
0,1,16,2026-02-27 08:58:54,16.17
0,1,16,2026-02-27 09:08:54,16.17
0,1,16,2026-02-27 09:18:54,16.21
0,1,16,2026-02-27 09:28:54,16.21
0,1,16,2026-02-27 09:38:54,16.17
0,1,16,2026-02-27 09:48:54,16.21
0,1,16,2026-02-27 09:58:54,16.17
0,1,16,2026-02-27 10:08:54,16.21
0,1,16,2026-02-27 10:18:54,16.17
0,1,16,2026-02-27 10:28:54,16.17
0,1,16,2026-02-27 10:38:54,16.17
0,1,16,2026-02-27 10:48:54,16.17
0,1,16,2026-02-27 10:58:54,16.17
0,1,16,2026-02-27 11:08:54,16.13
0,1,16,2026-02-27 11:18:54,16.21
0,1,16,2026-02-27 11:28:54,16.21
0,1,16,2026-02-27 11:38:54,16.17
0,1,16,2026-02-27 11:48:54,16.17
0,1,16,2026-02-27 11:58:54,16.17
0,1,16,2026-02-27 12:08:54,16.17
0,1,16,2026-02-27 12:18:54,16.21
0,1,16,2026-02-27 12:28:54,16.21
0,1,16,2026-02-27 12:38:54,16.21
0,1,16,2026-02-27 12:48:54,16.21
0,1,16,2026-02-27 12:58:54,16.17
0,1,16,2026-02-27 13:08:54,16.17
0,1,16,2026-02-27 13:18:54,16.13
0,1,16,2026-02-27 13:28:54,16.17
0,1,16,2026-02-27 13:38:54,16.17
0,1,16,2026-02-27 13:48:54,16.17
0,1,16,2026-02-27 13:58:54,16.17
0,1,16,2026-02-27 14:08:54,16.17
0,1,16,2026-02-27 14:18:54,16.21
0,1,16,2026-02-27 14:28:54,16.08
0,1,16,2026-02-27 14:38:54,16.17
0,1,16,2026-02-27 14:48:54,16.13
0,1,16,2026-02-27 14:58:54,16.17
0,1,16,2026-02-27 15:08:54,16.17
0,1,16,2026-02-27 15:18:54,16.17
0,1,16,2026-02-27 15:28:54,16.21
0,1,16,2026-02-27 15:38:54,16.17
0,1,16,2026-02-27 15:48:54,16.17
0,1,16,2026-02-27 15:58:54,16.17
0,1,16,2026-02-27 16:08:54,16.17
0,1,16,2026-02-27 16:18:54,16.17
0,1,16,2026-02-27 16:28:54,16.17
0,1,16,2026-02-27 16:38:54,16.17
0,1,16,2026-02-27 16:48:54,16.17
0,1,16,2026-02-27 16:58:54,16.17
0,1,16,2026-02-27 17:08:54,16.21
0,1,16,2026-02-27 17:18:54,16.21
0,1,16,2026-02-27 17:28:54,16.13
0,1,16,2026-02-27 17:38:54,16.21
0,1,16,2026-02-27 17:48:54,16.13
0,1,16,2026-02-27 17:58:54,16.17
0,1,16,2026-02-27 18:08:54,16.13
0,1,16,2026-02-27 18:18:54,16.17
0,1,16,2026-02-27 18:28:54,16.13
0,1,16,2026-02-27 18:38:54,16.13
0,1,16,2026-02-27 18:48:54,16.21
0,1,16,2026-02-27 18:58:54,16.17
0,1,16,2026-02-27 19:08:54,16.17
0,1,16,2026-02-27 19:18:54,16.17
0,1,16,2026-02-27 19:28:54,16.13
0,1,16,2026-02-27 19:38:54,16.08
0,1,16,2026-02-27 19:48:54,16.17
0,1,16,2026-02-27 19:58:54,16.13
0,1,16,2026-02-27 20:08:54,16.13
0,1,16,2026-02-27 20:18:54,16.17
0,1,16,2026-02-27 20:28:54,16.13
0,1,16,2026-02-27 20:38:54,16.13
0,1,16,2026-02-27 20:48:54,16.17
0,1,16,2026-02-27 20:58:54,16.21
0,1,16,2026-02-27 21:08:54,16.17
0,1,16,2026-02-27 21:18:54,16.13
0,1,16,2026-02-27 21:28:54,16.13
0,1,16,2026-02-27 21:38:54,16.13
0,1,16,2026-02-27 21:48:54,16.13
0,1,16,2026-02-27 21:58:54,16.17
0,1,16,2026-02-27 22:08:54,16.17
0,1,16,2026-02-27 22:18:54,16.17
0,1,16,2026-02-27 22:28:54,16.17
0,1,16,2026-02-27 22:38:54,16.17
0,1,16,2026-02-27 22:48:54,16.13
0,1,16,2026-02-27 22:58:54,16.13
0,1,16,2026-02-27 23:08:54,16.13
0,1,16,2026-02-27 23:18:54,16.13
0,1,16,2026-02-27 23:28:54,16.17
0,1,16,2026-02-27 23:38:54,16.13
0,1,16,2026-02-27 23:48:54,16.17
0,1,16,2026-02-27 23:58:54,16.17
0,1,16,2026-02-28 00:08:54,16.17
0,1,16,2026-02-28 00:18:54,16.13
0,1,16,2026-02-28 00:28:54,16.17
0,1,16,2026-02-28 00:38:54,16.17
0,1,16,2026-02-28 00:48:54,16.17
0,1,16,2026-02-28 00:58:54,16.17
0,1,16,2026-02-28 01:08:54,16.13
0,1,16,2026-02-28 01:18:54,16.17
0,1,16,2026-02-28 01:28:54,16.17
0,1,16,2026-02-28 01:38:54,16.13
0,1,16,2026-02-28 01:48:54,16.17
0,1,16,2026-02-28 01:58:54,16.13
0,1,16,2026-02-28 02:08:54,16.17
0,1,16,2026-02-28 02:18:54,16.17
0,1,16,2026-02-28 02:28:54,16.17
0,1,16,2026-02-28 02:38:54,16.13
0,1,16,2026-02-28 02:48:54,16.17
0,1,16,2026-02-28 02:58:54,16.17
0,1,16,2026-02-28 03:08:54,16.17
0,1,16,2026-02-28 03:18:54,16.13
0,1,16,2026-02-28 03:28:54,16.17
0,1,16,2026-02-28 03:38:54,16.17
0,1,16,2026-02-28 03:48:54,16.17
0,1,16,2026-02-28 03:58:54,16.17
0,1,16,2026-02-28 04:08:54,16.17
0,1,16,2026-02-28 04:18:54,16.13
0,1,16,2026-02-28 04:28:54,16.13
0,1,16,2026-02-28 04:38:54,16.13
0,1,16,2026-02-28 04:48:54,16.13
0,1,16,2026-02-28 04:58:54,16.17
0,1,16,2026-02-28 05:08:54,16.13
0,1,16,2026-02-28 05:18:54,16.13
0,1,16,2026-02-28 05:28:54,16.17
0,1,16,2026-02-28 05:38:54,16.17
0,1,16,2026-02-28 05:48:54,16.17
0,1,16,2026-02-28 05:58:54,16.21
0,1,16,2026-02-28 06:08:54,16.17
0,1,16,2026-02-28 06:18:54,16.17
0,1,16,2026-02-28 06:28:54,16.21
0,1,16,2026-02-28 06:38:54,16.17
0,1,16,2026-02-28 06:48:54,16.17
0,1,16,2026-02-28 06:58:54,16.17
0,1,16,2026-02-28 07:08:54,16.17
0,1,16,2026-02-28 07:18:54,16.17
0,1,16,2026-02-28 07:28:54,16.21
0,1,16,2026-02-28 07:38:54,16.17
0,1,16,2026-02-28 07:48:54,16.17
0,1,16,2026-02-28 07:58:54,16.21
0,1,16,2026-02-28 08:08:54,16.21
0,1,16,2026-02-28 08:18:54,16.17
0,1,16,2026-02-28 08:28:54,16.21
0,1,16,2026-02-28 08:38:54,16.21
0,1,16,2026-02-28 08:48:54,16.17
0,1,16,2026-02-28 08:58:54,16.21
0,1,16,2026-02-28 09:08:54,16.21
0,1,16,2026-02-28 09:18:54,16.17
0,1,16,2026-02-28 09:28:54,16.17
0,1,16,2026-02-28 09:38:54,16.17
0,1,16,2026-02-28 09:48:54,16.17
0,1,16,2026-02-28 09:58:54,16.17
0,1,16,2026-02-28 10:08:54,16.21
0,1,16,2026-02-28 10:18:54,16.17
0,1,16,2026-02-28 10:28:54,16.17
0,1,16,2026-02-28 10:38:54,16.21
0,1,16,2026-02-28 10:48:54,16.17
0,1,16,2026-02-28 10:58:54,16.17
0,1,16,2026-02-28 11:08:54,16.17
0,1,16,2026-02-28 11:18:54,16.17
0,1,16,2026-02-28 11:28:54,16.21
0,1,16,2026-02-28 11:38:54,16.17
0,1,16,2026-02-28 11:48:54,16.17
0,1,16,2026-02-28 11:58:54,16.21
0,1,16,2026-02-28 12:08:54,16.17
0,1,16,2026-02-28 12:18:54,16.21
0,1,16,2026-02-28 12:28:54,16.21
0,1,16,2026-02-28 12:38:54,16.17
0,1,16,2026-02-28 12:48:54,16.21
0,1,16,2026-02-28 12:58:54,16.21
0,1,16,2026-02-28 13:08:54,16.17
0,1,16,2026-02-28 13:18:54,16.17
0,1,16,2026-02-28 13:28:54,16.13
0,1,16,2026-02-28 13:38:54,16.21
0,1,16,2026-02-28 13:48:54,16.17
0,1,16,2026-02-28 13:58:54,16.13
0,1,16,2026-02-28 14:08:54,16.13
0,1,16,2026-02-28 14:18:54,16.21
0,1,16,2026-02-28 14:28:54,16.17
0,1,16,2026-02-28 14:38:54,16.17
0,1,16,2026-02-28 14:48:54,16.17
0,1,16,2026-02-28 14:58:54,16.17
0,1,16,2026-02-28 15:08:54,16.13
0,1,16,2026-02-28 15:18:54,16.21
0,1,16,2026-02-28 15:28:54,16.13
0,1,16,2026-02-28 15:38:54,16.13
0,1,16,2026-02-28 15:48:54,16.17
0,1,16,2026-02-28 15:58:54,16.17
0,1,16,2026-02-28 16:08:54,16.13
0,1,16,2026-02-28 16:18:54,16.17
0,1,16,2026-02-28 16:28:54,16.17
0,1,16,2026-02-28 16:38:54,16.13
0,1,16,2026-02-28 16:48:54,16.17
0,1,16,2026-02-28 16:58:54,16.13
0,1,16,2026-02-28 17:08:54,16.17
0,1,16,2026-02-28 17:18:54,16.17
0,1,16,2026-02-28 17:28:54,16.17
0,1,16,2026-02-28 17:38:54,16.17
0,1,16,2026-02-28 17:48:54,16.17
0,1,16,2026-02-28 17:58:54,16.17
0,1,16,2026-02-28 18:08:54,16.17
0,1,16,2026-02-28 18:18:54,16.17
0,1,16,2026-02-28 18:28:54,16.17
0,1,16,2026-02-28 18:38:54,16.17
0,1,16,2026-02-28 18:48:54,16.21
0,1,16,2026-02-28 18:58:54,16.17
0,1,16,2026-02-28 19:08:54,16.21
0,1,16,2026-02-28 19:18:54,16.17
0,1,16,2026-02-28 19:28:54,16.17
0,1,16,2026-02-28 19:38:54,16.13
0,1,16,2026-02-28 19:48:54,16.17
0,1,16,2026-02-28 19:58:54,16.17
0,1,16,2026-02-28 20:08:54,16.13
0,1,16,2026-02-28 20:18:54,16.13
0,1,16,2026-02-28 20:28:54,16.13
0,1,16,2026-02-28 20:38:54,16.08
0,1,16,2026-02-28 20:48:54,16.17
0,1,16,2026-02-28 20:58:54,16.13
0,1,16,2026-02-28 21:08:54,16.13
0,1,16,2026-02-28 21:18:54,16.17
0,1,16,2026-02-28 21:28:54,16.13
0,1,16,2026-02-28 21:38:54,16.13
0,1,16,2026-02-28 21:48:54,16.17
0,1,16,2026-02-28 21:58:54,16.13
0,1,16,2026-02-28 22:08:54,16.13
0,1,16,2026-02-28 22:18:54,16.17
0,1,16,2026-02-28 22:28:54,16.17
0,1,16,2026-02-28 22:38:54,16.17
0,1,16,2026-02-28 22:48:54,16.17
0,1,16,2026-02-28 22:58:54,16.17
0,1,16,2026-02-28 23:08:54,16.13
0,1,16,2026-02-28 23:18:54,16.13
0,1,16,2026-02-28 23:28:54,16.13
0,1,16,2026-02-28 23:38:54,16.13
0,1,16,2026-02-28 23:48:54,16.17
0,1,16,2026-02-28 23:58:54,16.17
0,1,16,2026-03-01 00:08:54,16.21
0,1,16,2026-03-01 00:18:54,16.13
0,1,16,2026-03-01 00:28:54,16.17
0,1,16,2026-03-01 00:38:54,16.17
0,1,16,2026-03-01 00:48:54,16.17
0,1,16,2026-03-01 00:58:54,16.21
0,1,16,2026-03-01 01:08:54,16.17
0,1,16,2026-03-01 01:18:54,16.13
0,1,16,2026-03-01 01:28:54,16.17
0,1,16,2026-03-01 01:38:54,16.08
0,1,16,2026-03-01 01:48:54,16.13
0,1,16,2026-03-01 01:58:54,16.17
0,1,16,2026-03-01 02:08:54,16.17
0,1,16,2026-03-01 02:18:54,16.17
0,1,16,2026-03-01 02:28:54,16.17
0,1,16,2026-03-01 02:38:54,16.17
0,1,16,2026-03-01 02:48:54,16.21
0,1,16,2026-03-01 02:58:54,16.17
0,1,16,2026-03-01 03:08:54,16.17
0,1,16,2026-03-01 03:18:54,16.13
0,1,16,2026-03-01 03:28:54,16.17
0,1,16,2026-03-01 03:38:54,16.13
0,1,16,2026-03-01 03:48:54,16.13
0,1,16,2026-03-01 03:58:54,16.17
0,1,16,2026-03-01 04:08:54,16.13
0,1,16,2026-03-01 04:18:54,16.17
0,1,16,2026-03-01 04:28:54,16.21
0,1,16,2026-03-01 04:38:54,16.17
0,1,16,2026-03-01 04:48:54,16.13
0,1,16,2026-03-01 04:58:54,16.17
0,1,16,2026-03-01 05:08:54,16.13
0,1,16,2026-03-01 05:18:54,16.17
0,1,16,2026-03-01 05:28:54,16.17
0,1,16,2026-03-01 05:38:54,16.17
0,1,16,2026-03-01 05:48:54,16.17
0,1,16,2026-03-01 05:58:54,16.17
0,1,16,2026-03-01 06:08:54,16.17
0,1,16,2026-03-01 06:18:54,16.17
0,1,16,2026-03-01 06:28:54,16.17
0,1,16,2026-03-01 06:38:54,16.17
0,1,16,2026-03-01 06:48:54,16.17
0,1,16,2026-03-01 06:58:54,16.17
0,1,16,2026-03-01 07:08:54,16.17
0,1,16,2026-03-01 07:18:54,16.21
0,1,16,2026-03-01 07:28:54,16.17
0,1,16,2026-03-01 07:38:54,16.21
0,1,16,2026-03-01 07:48:54,16.17
0,1,16,2026-03-01 07:58:54,16.21
0,1,16,2026-03-01 08:08:54,16.21
0,1,16,2026-03-01 08:18:54,16.17
0,1,16,2026-03-01 08:28:54,16.21
0,1,16,2026-03-01 08:38:54,16.21
0,1,16,2026-03-01 08:48:54,16.21
0,1,16,2026-03-01 08:58:54,16.21
0,1,16,2026-03-01 09:08:54,16.21
0,1,16,2026-03-01 09:18:54,16.21
0,1,16,2026-03-01 09:28:54,16.17
0,1,16,2026-03-01 09:38:54,16.21
0,1,16,2026-03-01 09:48:54,16.17
0,1,16,2026-03-01 09:58:54,16.21
0,1,16,2026-03-01 10:08:54,16.21
0,1,16,2026-03-01 10:18:54,16.17
0,1,16,2026-03-01 10:28:54,16.17
0,1,16,2026-03-01 10:38:54,16.26
0,1,16,2026-03-01 10:48:54,16.17
0,1,16,2026-03-01 10:58:54,16.21
0,1,16,2026-03-01 11:08:54,16.17
0,1,16,2026-03-01 11:18:54,16.21
0,1,16,2026-03-01 11:28:54,16.21
0,1,16,2026-03-01 11:38:54,16.17
0,1,16,2026-03-01 11:48:54,16.17
0,1,16,2026-03-01 11:58:54,16.21
0,1,16,2026-03-01 12:08:54,16.17
0,1,16,2026-03-01 12:18:54,16.21
0,1,16,2026-03-01 12:28:54,16.13
0,1,16,2026-03-01 12:38:54,16.17
0,1,16,2026-03-01 12:48:54,16.17
0,1,16,2026-03-01 12:58:54,16.21
0,1,16,2026-03-01 13:08:54,16.17
0,1,16,2026-03-01 13:18:54,16.17
0,1,16,2026-03-01 13:28:54,16.21
0,1,16,2026-03-01 13:38:54,16.17
0,1,16,2026-03-01 13:48:54,16.13
0,1,16,2026-03-01 13:58:54,16.17
0,1,16,2026-03-01 14:08:54,16.21
0,1,16,2026-03-01 14:18:54,16.21
0,1,16,2026-03-01 14:28:54,16.13
0,1,16,2026-03-01 14:38:54,16.17
0,1,16,2026-03-01 14:48:54,16.17
0,1,16,2026-03-01 14:58:54,16.17
0,1,16,2026-03-01 15:08:54,16.21
0,1,16,2026-03-01 15:18:54,16.17
0,1,16,2026-03-01 15:28:54,16.17
0,1,16,2026-03-01 15:38:54,16.21
0,1,16,2026-03-01 15:48:54,16.17
0,1,16,2026-03-01 15:58:54,16.17
0,1,16,2026-03-01 16:08:54,16.17
0,1,16,2026-03-01 16:18:54,16.17
0,1,16,2026-03-01 16:28:54,16.17
0,1,16,2026-03-01 16:38:54,16.17
0,1,16,2026-03-01 16:48:54,16.21
0,1,16,2026-03-01 16:58:54,16.21
0,1,16,2026-03-01 17:08:54,16.17
0,1,16,2026-03-01 17:18:54,16.21
0,1,16,2026-03-01 17:28:54,16.17
0,1,16,2026-03-01 17:38:54,16.21
0,1,16,2026-03-01 17:48:54,16.17
0,1,16,2026-03-01 17:58:54,16.13
0,1,16,2026-03-01 18:08:54,16.21
0,1,16,2026-03-01 18:18:54,16.21
0,1,16,2026-03-01 18:28:54,16.21
0,1,16,2026-03-01 18:38:54,16.13
0,1,16,2026-03-01 18:48:54,16.21
0,1,16,2026-03-01 18:58:54,16.21
0,1,16,2026-03-01 19:08:54,16.13
0,1,16,2026-03-01 19:18:54,16.17
0,1,16,2026-03-01 19:28:54,16.13
0,1,16,2026-03-01 19:38:54,16.17
0,1,16,2026-03-01 19:48:54,16.13
0,1,16,2026-03-01 19:58:54,16.17
0,1,16,2026-03-01 20:08:54,16.13
0,1,16,2026-03-01 20:18:54,16.13
0,1,16,2026-03-01 20:28:54,16.17
0,1,16,2026-03-01 20:38:54,16.08
0,1,16,2026-03-01 20:48:54,16.17
0,1,16,2026-03-01 20:58:54,16.13
0,1,16,2026-03-01 21:08:54,16.13
0,1,16,2026-03-01 21:18:54,16.13
0,1,16,2026-03-01 21:28:54,16.17
0,1,16,2026-03-01 21:38:54,16.17
0,1,16,2026-03-01 21:48:54,16.17
0,1,16,2026-03-01 21:58:54,16.17
0,1,16,2026-03-01 22:08:54,16.17
0,1,16,2026-03-01 22:18:54,16.17
0,1,16,2026-03-01 22:28:54,16.17
0,1,16,2026-03-01 22:38:54,16.21
0,1,16,2026-03-01 22:48:54,16.13
0,1,16,2026-03-01 22:58:54,16.17
0,1,16,2026-03-01 23:08:54,16.21
0,1,16,2026-03-01 23:18:54,16.13
0,1,16,2026-03-01 23:28:54,16.21
0,1,16,2026-03-01 23:38:54,16.13
0,1,16,2026-03-01 23:48:54,16.26
0,1,16,2026-03-01 23:58:54,16.17
0,1,16,2026-03-02 00:08:54,16.17
0,1,16,2026-03-02 00:18:54,16.17
0,1,16,2026-03-02 00:28:54,16.17
0,1,16,2026-03-02 00:38:54,16.21
0,1,16,2026-03-02 00:48:54,16.17
0,1,16,2026-03-02 00:58:54,16.21
0,1,16,2026-03-02 01:08:54,16.17
0,1,16,2026-03-02 01:18:54,16.17
0,1,16,2026-03-02 01:28:54,16.21
0,1,16,2026-03-02 01:38:54,16.21
0,1,16,2026-03-02 01:48:54,16.17
0,1,16,2026-03-02 01:58:54,16.17
0,1,16,2026-03-02 02:08:54,16.17
0,1,16,2026-03-02 02:18:54,16.17
0,1,16,2026-03-02 02:28:54,16.17
0,1,16,2026-03-02 02:38:54,16.21
0,1,16,2026-03-02 02:48:54,16.21
0,1,16,2026-03-02 02:58:54,16.17
0,1,16,2026-03-02 03:08:54,16.21
0,1,16,2026-03-02 03:18:54,16.17
0,1,16,2026-03-02 03:28:54,16.17
0,1,16,2026-03-02 03:38:54,16.21
0,1,16,2026-03-02 03:48:54,16.17
0,1,16,2026-03-02 03:58:54,16.17
0,1,16,2026-03-02 04:08:54,16.21
0,1,16,2026-03-02 04:18:54,16.17
0,1,16,2026-03-02 04:28:54,16.21
0,1,16,2026-03-02 04:38:54,16.21
0,1,16,2026-03-02 04:48:54,16.21
0,1,16,2026-03-02 04:58:54,16.17
0,1,16,2026-03-02 05:08:54,16.17
0,1,16,2026-03-02 05:18:54,16.17
0,1,16,2026-03-02 05:28:54,16.21
0,1,16,2026-03-02 05:38:54,16.17
0,1,16,2026-03-02 05:48:54,16.17
0,1,16,2026-03-02 05:58:54,16.21
0,1,16,2026-03-02 06:08:54,16.17
0,1,16,2026-03-02 06:18:54,16.21
0,1,16,2026-03-02 06:28:54,16.21
0,1,16,2026-03-02 06:38:54,16.21
0,1,16,2026-03-02 06:48:54,16.21
0,1,16,2026-03-02 06:58:54,16.17
0,1,16,2026-03-02 07:08:54,16.21
0,1,16,2026-03-02 07:18:54,16.21
0,1,16,2026-03-02 07:28:54,16.21
0,1,16,2026-03-02 07:38:54,16.21
0,1,16,2026-03-02 07:48:54,16.21
0,1,16,2026-03-02 07:58:54,16.21
0,1,16,2026-03-02 08:08:54,16.21
0,1,16,2026-03-02 08:18:54,16.21
0,1,16,2026-03-02 08:28:54,16.21
0,1,16,2026-03-02 08:38:54,16.21
0,1,16,2026-03-02 08:48:54,16.21
0,1,16,2026-03-02 08:58:54,16.26
0,1,16,2026-03-02 09:08:54,16.21
0,1,16,2026-03-02 09:18:54,16.26
0,1,16,2026-03-02 09:28:54,16.21
0,1,16,2026-03-02 09:38:54,16.21
0,1,16,2026-03-02 09:48:54,16.17
0,1,16,2026-03-02 09:58:54,16.26
0,1,16,2026-03-02 10:08:54,16.21
0,1,16,2026-03-02 10:18:54,16.21
0,1,16,2026-03-02 10:28:54,16.21
0,1,16,2026-03-02 10:38:54,16.21
0,1,16,2026-03-02 10:48:54,16.21
0,1,16,2026-03-02 10:58:54,16.21
0,1,16,2026-03-02 11:08:54,16.17
0,1,16,2026-03-02 11:18:54,16.21
0,1,16,2026-03-02 11:28:54,16.21
0,1,16,2026-03-02 11:38:54,16.21
0,1,16,2026-03-02 11:48:54,16.26
0,1,16,2026-03-02 11:58:54,16.21
0,1,16,2026-03-02 12:08:54,16.21
0,1,16,2026-03-02 12:18:54,16.21
0,1,16,2026-03-02 12:28:54,16.21
0,1,16,2026-03-02 12:38:54,16.17
0,1,16,2026-03-02 12:48:54,16.21
0,1,16,2026-03-02 12:58:54,16.17
0,1,16,2026-03-02 13:08:54,16.21
0,1,16,2026-03-02 13:18:54,16.21
0,1,16,2026-03-02 13:28:54,16.21
0,1,16,2026-03-02 13:38:54,16.21
0,1,16,2026-03-02 13:48:54,16.21
0,1,16,2026-03-02 13:58:54,16.21
0,1,16,2026-03-02 14:08:54,16.21
0,1,16,2026-03-02 14:18:54,16.21
0,1,16,2026-03-02 14:28:54,16.21
0,1,16,2026-03-02 14:38:54,16.21
0,1,16,2026-03-02 14:48:54,16.17
0,1,16,2026-03-02 14:58:54,16.17
0,1,16,2026-03-02 15:08:54,16.17
0,1,16,2026-03-02 15:18:54,16.17
0,1,16,2026-03-02 15:28:54,16.13
0,1,16,2026-03-02 15:38:54,16.13
0,1,16,2026-03-02 15:48:54,16.13
0,1,16,2026-03-02 15:58:54,16.13
0,1,16,2026-03-02 16:08:54,16.13
0,1,16,2026-03-02 16:18:54,16.08
0,1,16,2026-03-02 16:28:54,16.17
0,1,16,2026-03-02 16:38:54,16.13
0,1,16,2026-03-02 16:48:54,16.08
0,1,16,2026-03-02 16:58:54,16.13
0,1,16,2026-03-02 17:08:54,16.13
0,1,16,2026-03-02 17:18:54,16.13
0,1,16,2026-03-02 17:28:54,16.13
0,1,16,2026-03-02 17:38:54,16.17
0,1,16,2026-03-02 17:48:54,16.17
0,1,16,2026-03-02 17:58:54,16.13
0,1,16,2026-03-02 18:08:54,16.13
0,1,16,2026-03-02 18:18:54,16.13
0,1,16,2026-03-02 18:28:54,16.17
0,1,16,2026-03-02 18:38:54,16.17
0,1,16,2026-03-02 18:48:54,16.13
0,1,16,2026-03-02 18:58:54,16.13
0,1,16,2026-03-02 19:08:54,16.13
0,1,16,2026-03-02 19:18:54,16.17
0,1,16,2026-03-02 19:28:54,16.13
0,1,16,2026-03-02 19:38:54,16.17
0,1,16,2026-03-02 19:48:54,16.13
0,1,16,2026-03-02 19:58:54,16.17
0,1,16,2026-03-02 20:08:54,16.08
0,1,16,2026-03-02 20:18:54,16.17
0,1,16,2026-03-02 20:28:54,16.17
0,1,16,2026-03-02 20:38:54,16.13
0,1,16,2026-03-02 20:48:54,16.13
0,1,16,2026-03-02 20:58:54,16.13
0,1,16,2026-03-02 21:08:54,16.17
0,1,16,2026-03-02 21:18:54,16.17
0,1,16,2026-03-02 21:28:54,16.13
0,1,16,2026-03-02 21:38:54,16.13
0,1,16,2026-03-02 21:48:54,16.17
0,1,16,2026-03-02 21:58:54,16.17
0,1,16,2026-03-02 22:08:54,16.21
0,1,16,2026-03-02 22:18:54,16.13
0,1,16,2026-03-02 22:28:54,16.17
0,1,16,2026-03-02 22:38:54,16.13
0,1,16,2026-03-02 22:48:54,16.21
0,1,16,2026-03-02 22:58:54,16.17
0,1,16,2026-03-02 23:08:54,16.17
0,1,16,2026-03-02 23:18:54,16.17
0,1,16,2026-03-02 23:28:54,16.17
0,1,16,2026-03-02 23:38:54,16.17
0,1,16,2026-03-02 23:48:54,16.17
0,1,16,2026-03-02 23:58:54,16.21
0,1,16,2026-03-03 00:08:54,16.21
0,1,16,2026-03-03 00:18:54,16.21
0,1,16,2026-03-03 00:28:54,16.21
0,1,16,2026-03-03 00:38:54,16.17
0,1,16,2026-03-03 00:48:54,16.17
0,1,16,2026-03-03 00:58:54,16.17
0,1,16,2026-03-03 01:08:54,16.21
0,1,16,2026-03-03 01:18:54,16.17
0,1,16,2026-03-03 01:28:54,16.21
0,1,16,2026-03-03 01:38:54,16.17
0,1,16,2026-03-03 01:48:54,16.17
0,1,16,2026-03-03 01:58:54,16.17
0,1,16,2026-03-03 02:08:54,16.21
0,1,16,2026-03-03 02:18:54,16.17
0,1,16,2026-03-03 02:28:54,16.17
0,1,16,2026-03-03 02:38:54,16.21
0,1,16,2026-03-03 02:48:54,16.21
0,1,16,2026-03-03 02:58:54,16.21
0,1,16,2026-03-03 03:08:54,16.13
0,1,16,2026-03-03 03:18:54,16.17
0,1,16,2026-03-03 03:28:54,16.17
0,1,16,2026-03-03 03:38:54,16.21
0,1,16,2026-03-03 03:48:54,16.21
0,1,16,2026-03-03 03:58:54,16.13
0,1,16,2026-03-03 04:08:54,16.21
0,1,16,2026-03-03 04:18:54,16.21
0,1,16,2026-03-03 04:28:54,16.17
0,1,16,2026-03-03 04:38:54,16.17
0,1,16,2026-03-03 04:48:54,16.21
0,1,16,2026-03-03 04:58:54,16.21
0,1,16,2026-03-03 05:08:54,16.21
0,1,16,2026-03-03 05:18:54,16.21
0,1,16,2026-03-03 05:28:54,16.17
0,1,16,2026-03-03 05:38:54,16.21
0,1,16,2026-03-03 05:48:54,16.21
0,1,16,2026-03-03 05:58:54,16.21
0,1,16,2026-03-03 06:08:54,16.21
0,1,16,2026-03-03 06:18:54,16.13
0,1,16,2026-03-03 06:28:54,16.17
0,1,16,2026-03-03 06:38:54,16.21
0,1,16,2026-03-03 06:48:54,16.17
0,1,16,2026-03-03 06:58:54,16.21
0,1,16,2026-03-03 07:08:54,16.21
0,1,16,2026-03-03 07:18:54,16.21
0,1,16,2026-03-03 07:28:54,16.21
0,1,16,2026-03-03 07:38:54,16.21
0,1,16,2026-03-03 07:48:54,16.21
0,1,16,2026-03-03 07:58:54,16.21
0,1,16,2026-03-03 08:08:54,16.21
0,1,16,2026-03-03 08:18:54,16.21
0,1,16,2026-03-03 08:28:54,16.21
0,1,16,2026-03-03 08:38:54,16.21
0,1,16,2026-03-03 08:48:54,16.21
0,1,16,2026-03-03 08:58:54,16.21
0,1,16,2026-03-03 09:08:54,16.21
0,1,16,2026-03-03 09:18:54,16.21
0,1,16,2026-03-03 09:28:54,16.21
0,1,16,2026-03-03 09:38:54,16.17
0,1,16,2026-03-03 09:48:54,16.17
0,1,16,2026-03-03 09:58:54,16.17
0,1,16,2026-03-03 10:08:54,16.17
0,1,16,2026-03-03 10:18:54,16.21
0,1,16,2026-03-03 10:28:54,16.21
0,1,16,2026-03-03 10:38:54,16.21
0,1,16,2026-03-03 10:48:54,16.21
0,1,16,2026-03-03 10:58:54,16.21
0,1,16,2026-03-03 11:08:54,16.21
0,1,16,2026-03-03 11:18:54,16.21
0,1,16,2026-03-03 11:28:54,16.17
0,1,16,2026-03-03 11:38:54,16.21
0,1,16,2026-03-03 11:48:54,16.21
0,1,16,2026-03-03 11:58:54,16.21
0,1,16,2026-03-03 12:08:54,16.21
0,1,16,2026-03-03 12:18:54,16.21
0,1,16,2026-03-03 12:28:54,16.21
0,1,16,2026-03-03 12:38:54,16.17
0,1,16,2026-03-03 12:48:54,16.21
0,1,16,2026-03-03 12:58:54,16.21
0,1,16,2026-03-03 13:08:54,16.21
0,1,16,2026-03-03 13:18:54,16.13
0,1,16,2026-03-03 13:28:54,16.21
0,1,16,2026-03-03 13:38:54,16.21
0,1,16,2026-03-03 13:48:54,16.21
0,1,16,2026-03-03 13:58:54,16.17
0,1,16,2026-03-03 14:08:54,16.21
0,1,16,2026-03-03 14:18:54,16.21
0,1,16,2026-03-03 14:28:54,16.17
0,1,16,2026-03-03 14:38:54,16.17
0,1,16,2026-03-03 14:48:54,16.17
0,1,16,2026-03-03 14:58:54,16.17
0,1,16,2026-03-03 15:08:54,16.21
0,1,16,2026-03-03 15:18:54,16.17
0,1,16,2026-03-03 15:28:54,16.17
0,1,16,2026-03-03 15:38:54,16.17
0,1,16,2026-03-03 15:48:54,16.21
0,1,16,2026-03-03 15:58:54,16.17
0,1,16,2026-03-03 16:08:54,16.17
0,1,16,2026-03-03 16:18:54,16.21
0,1,16,2026-03-03 16:28:54,16.21
0,1,16,2026-03-03 16:38:54,16.17
0,1,16,2026-03-03 16:48:54,16.21
0,1,16,2026-03-03 16:58:54,16.21
0,1,16,2026-03-03 17:08:54,16.13
0,1,16,2026-03-03 17:18:54,16.21
0,1,16,2026-03-03 17:28:54,16.13
0,1,16,2026-03-03 17:38:54,16.21
0,1,16,2026-03-03 17:48:54,16.21
0,1,16,2026-03-03 17:58:54,16.17
0,1,16,2026-03-03 18:08:54,16.17
0,1,16,2026-03-03 18:18:54,16.17
0,1,16,2026-03-03 18:28:54,16.13
0,1,16,2026-03-03 18:38:54,16.17
0,1,16,2026-03-03 18:48:54,16.21
0,1,16,2026-03-03 18:58:54,16.21
0,1,16,2026-03-03 19:08:54,16.17
0,1,16,2026-03-03 19:18:54,16.17
0,1,16,2026-03-03 19:28:54,16.17
0,1,16,2026-03-03 19:38:54,16.21
0,1,16,2026-03-03 19:48:54,16.17
0,1,16,2026-03-03 19:58:54,16.13
0,1,16,2026-03-03 20:08:54,16.17
0,1,16,2026-03-03 20:18:54,16.17
0,1,16,2026-03-03 20:28:54,16.17
0,1,16,2026-03-03 20:38:54,16.17
0,1,16,2026-03-03 20:48:54,16.13
0,1,16,2026-03-03 20:58:54,16.13
0,1,16,2026-03-03 21:08:54,16.21
0,1,16,2026-03-03 21:18:54,16.13
0,1,16,2026-03-03 21:28:54,16.13
0,1,16,2026-03-03 21:38:54,16.21
0,1,16,2026-03-03 21:48:54,16.17
0,1,16,2026-03-03 21:58:54,16.17
0,1,16,2026-03-03 22:08:54,16.17
0,1,16,2026-03-03 22:18:54,16.21
0,1,16,2026-03-03 22:28:54,16.17
0,1,16,2026-03-03 22:38:54,16.17
0,1,16,2026-03-03 22:48:54,16.21
0,1,16,2026-03-03 22:58:54,16.17
0,1,16,2026-03-03 23:08:54,16.17
0,1,16,2026-03-03 23:18:54,16.17
0,1,16,2026-03-03 23:28:54,16.17
0,1,16,2026-03-03 23:38:54,16.17
0,1,16,2026-03-03 23:48:54,16.21
0,1,16,2026-03-03 23:58:54,16.17
0,1,16,2026-03-04 00:08:54,16.13
0,1,16,2026-03-04 00:18:54,16.17
0,1,16,2026-03-04 00:28:54,16.17
0,1,16,2026-03-04 00:38:54,16.21
0,1,16,2026-03-04 00:48:54,16.17
0,1,16,2026-03-04 00:58:54,16.17
0,1,16,2026-03-04 01:08:54,16.17
0,1,16,2026-03-04 01:18:54,16.17
0,1,16,2026-03-04 01:28:54,16.17
0,1,16,2026-03-04 01:38:54,16.17
0,1,16,2026-03-04 01:48:54,16.17
0,1,16,2026-03-04 01:58:54,16.21
0,1,16,2026-03-04 02:08:54,16.17
0,1,16,2026-03-04 02:18:54,16.17
0,1,16,2026-03-04 02:28:54,16.17
0,1,16,2026-03-04 02:38:54,16.17
0,1,16,2026-03-04 02:48:54,16.17
0,1,16,2026-03-04 02:58:54,16.17
0,1,16,2026-03-04 03:08:54,16.13
0,1,16,2026-03-04 03:18:54,16.21
0,1,16,2026-03-04 03:28:54,16.13
0,1,16,2026-03-04 03:38:54,16.21
0,1,16,2026-03-04 03:48:54,16.17
0,1,16,2026-03-04 03:58:54,16.13
0,1,16,2026-03-04 04:08:54,16.13
0,1,16,2026-03-04 04:18:54,16.21
0,1,16,2026-03-04 04:28:54,16.17
0,1,16,2026-03-04 04:38:54,16.17
0,1,16,2026-03-04 04:48:54,16.13
0,1,16,2026-03-04 04:58:54,16.17
0,1,16,2026-03-04 05:08:54,16.17
0,1,16,2026-03-04 05:18:54,16.17
0,1,16,2026-03-04 05:28:54,16.21
0,1,16,2026-03-04 05:38:54,16.17
0,1,16,2026-03-04 05:48:54,16.17
0,1,16,2026-03-04 05:58:54,16.21
0,1,16,2026-03-04 06:08:54,16.17
0,1,16,2026-03-04 06:18:54,16.21
0,1,16,2026-03-04 06:28:54,16.13
0,1,16,2026-03-04 06:38:54,16.21
0,1,16,2026-03-04 06:48:54,16.21
0,1,16,2026-03-04 06:58:54,16.21
0,1,16,2026-03-04 07:08:54,16.17
0,1,16,2026-03-04 07:18:54,16.17
0,1,16,2026-03-04 07:28:54,16.17
0,1,16,2026-03-04 07:38:54,16.17
0,1,16,2026-03-04 07:48:54,16.21
0,1,16,2026-03-04 07:58:54,16.17
0,1,16,2026-03-04 08:08:54,16.21
0,1,16,2026-03-04 08:18:54,16.21
0,1,16,2026-03-04 08:28:54,16.21
0,1,16,2026-03-04 08:38:54,16.21
0,1,16,2026-03-04 08:48:54,16.21
0,1,16,2026-03-04 08:58:54,16.17
0,1,16,2026-03-04 09:08:54,16.13
0,1,16,2026-03-04 09:18:54,16.21
0,1,16,2026-03-04 09:28:54,16.21
0,1,16,2026-03-04 09:38:54,16.17
0,1,16,2026-03-04 09:48:54,16.17
0,1,16,2026-03-04 09:58:54,16.21
0,1,16,2026-03-04 10:08:54,16.17
0,1,16,2026-03-04 10:18:54,16.21
0,1,16,2026-03-04 10:28:54,16.17
0,1,16,2026-03-04 10:38:54,16.21
0,1,16,2026-03-04 10:48:54,16.21
0,1,16,2026-03-04 10:58:54,16.17
0,1,16,2026-03-04 11:08:54,16.21
0,1,16,2026-03-04 11:18:54,16.17
0,1,16,2026-03-04 11:28:54,16.17
0,1,16,2026-03-04 11:38:54,16.21
0,1,16,2026-03-04 11:48:54,16.17
0,1,16,2026-03-04 11:58:54,16.17
0,1,16,2026-03-04 12:08:54,16.17
0,1,16,2026-03-04 12:18:54,16.17
0,1,16,2026-03-04 12:28:54,16.21
0,1,16,2026-03-04 12:38:54,16.21
0,1,16,2026-03-04 12:48:54,16.17
0,1,16,2026-03-04 12:58:54,16.17
0,1,16,2026-03-04 13:08:54,16.17
0,1,16,2026-03-04 13:18:54,16.13
0,1,16,2026-03-04 13:28:54,16.21
0,1,16,2026-03-04 13:38:54,16.21
0,1,16,2026-03-04 13:48:54,16.17
0,1,16,2026-03-04 13:58:54,16.17
0,1,16,2026-03-04 14:08:54,16.17
0,1,16,2026-03-04 14:18:54,16.13
0,1,16,2026-03-04 14:28:54,16.17
0,1,16,2026-03-04 14:38:54,16.17
0,1,16,2026-03-04 14:48:54,16.17
0,1,16,2026-03-04 14:58:54,16.13
0,1,16,2026-03-04 15:08:54,16.17
0,1,16,2026-03-04 15:18:54,16.17
0,1,16,2026-03-04 15:28:54,16.13
0,1,16,2026-03-04 15:38:54,16.17
0,1,16,2026-03-04 15:48:54,16.17
0,1,16,2026-03-04 15:58:54,16.17
0,1,16,2026-03-04 16:08:54,16.17
0,1,16,2026-03-04 16:18:54,16.21
0,1,16,2026-03-04 16:28:54,16.17
0,1,16,2026-03-04 16:38:54,16.17
0,1,16,2026-03-04 16:48:54,16.13
0,1,16,2026-03-04 16:58:54,16.17
0,1,16,2026-03-04 17:08:54,16.21
0,1,16,2026-03-04 17:18:54,16.13
0,1,16,2026-03-04 17:28:54,16.17
0,1,16,2026-03-04 17:38:54,16.13
0,1,16,2026-03-04 17:48:54,16.21
0,1,16,2026-03-04 17:58:54,16.17
0,1,16,2026-03-04 18:08:54,16.17
0,1,16,2026-03-04 18:18:54,16.17
0,1,16,2026-03-04 18:28:54,16.17
0,1,16,2026-03-04 18:38:54,16.17
0,1,16,2026-03-04 18:48:54,16.13
0,1,16,2026-03-04 18:58:54,16.17
0,1,16,2026-03-04 19:08:54,16.17
0,1,16,2026-03-04 19:18:54,16.17
0,1,16,2026-03-04 19:28:54,16.13
0,1,16,2026-03-04 19:38:54,16.17
0,1,16,2026-03-04 19:48:54,16.21
0,1,16,2026-03-04 19:58:54,16.17
0,1,16,2026-03-04 20:08:54,16.17
0,1,16,2026-03-04 20:18:54,16.17
0,1,16,2026-03-04 20:28:54,16.17
0,1,16,2026-03-04 20:38:54,16.13
0,1,16,2026-03-04 20:48:54,16.17
0,1,16,2026-03-04 20:58:54,16.17
0,1,16,2026-03-04 21:08:54,16.17
0,1,16,2026-03-04 21:18:54,16.13
0,1,16,2026-03-04 21:28:54,16.17
0,1,16,2026-03-04 21:38:54,16.17
0,1,16,2026-03-04 21:48:54,16.21
0,1,16,2026-03-04 21:58:54,16.17
0,1,16,2026-03-04 22:08:54,16.17
0,1,16,2026-03-04 22:18:54,16.21
0,1,16,2026-03-04 22:28:54,16.17
0,1,16,2026-03-04 22:38:54,16.21
0,1,16,2026-03-04 22:48:54,16.17
0,1,16,2026-03-04 22:58:54,16.17
0,1,16,2026-03-04 23:08:54,16.17
0,1,16,2026-03-04 23:18:54,16.17
0,1,16,2026-03-04 23:28:54,16.17
0,1,16,2026-03-04 23:38:54,16.17
0,1,16,2026-03-04 23:48:54,16.21
0,1,16,2026-03-04 23:58:54,16.21
0,1,16,2026-03-05 00:08:54,16.17
0,1,16,2026-03-05 00:18:54,16.17
0,1,16,2026-03-05 00:28:54,16.17
0,1,16,2026-03-05 00:38:54,16.17
0,1,16,2026-03-05 00:48:54,16.17
0,1,16,2026-03-05 00:58:54,16.17
0,1,16,2026-03-05 01:08:54,16.13
0,1,16,2026-03-05 01:18:54,16.21
0,1,16,2026-03-05 01:28:54,16.21
0,1,16,2026-03-05 01:38:54,16.21
0,1,16,2026-03-05 01:48:54,16.17
0,1,16,2026-03-05 01:58:54,16.21
0,1,16,2026-03-05 02:08:54,16.17
0,1,16,2026-03-05 02:18:54,16.17
0,1,16,2026-03-05 02:28:54,16.13
0,1,16,2026-03-05 02:38:54,16.13
0,1,16,2026-03-05 02:48:54,16.17
0,1,16,2026-03-05 02:58:54,16.17
0,1,16,2026-03-05 03:08:54,16.17
0,1,16,2026-03-05 03:18:54,16.17
0,1,16,2026-03-05 03:28:54,16.17
0,1,16,2026-03-05 03:38:54,16.17
0,1,16,2026-03-05 03:48:54,16.21
0,1,16,2026-03-05 03:58:54,16.17
0,1,16,2026-03-05 04:08:54,16.17
0,1,16,2026-03-05 04:18:54,16.17
0,1,16,2026-03-05 04:28:54,16.17
0,1,16,2026-03-05 04:38:54,16.17
0,1,16,2026-03-05 04:48:54,16.17
0,1,16,2026-03-05 04:58:54,16.21
0,1,16,2026-03-05 05:08:54,16.17
0,1,16,2026-03-05 05:18:54,16.13
0,1,16,2026-03-05 05:28:54,16.17
0,1,16,2026-03-05 05:38:54,16.17
0,1,16,2026-03-05 05:48:54,16.21
0,1,16,2026-03-05 05:58:54,16.17
0,1,16,2026-03-05 06:08:54,16.17
0,1,16,2026-03-05 06:18:54,16.17
0,1,16,2026-03-05 06:28:54,16.17
0,1,16,2026-03-05 06:38:54,16.17
0,1,16,2026-03-05 06:48:54,16.17
0,1,16,2026-03-05 06:58:54,16.17
0,1,16,2026-03-05 07:08:54,16.21
0,1,16,2026-03-05 07:18:54,16.17
0,1,16,2026-03-05 07:28:54,16.21
0,1,16,2026-03-05 07:38:54,16.21
0,1,16,2026-03-05 07:48:54,16.21
0,1,16,2026-03-05 07:58:54,16.21
0,1,16,2026-03-05 08:08:54,16.21
0,1,16,2026-03-05 08:18:54,16.21
0,1,16,2026-03-05 08:28:54,16.17
0,1,16,2026-03-05 08:38:54,16.21
0,1,16,2026-03-05 08:48:54,16.17
0,1,16,2026-03-05 08:58:54,16.21
0,1,16,2026-03-05 09:08:54,16.17
0,1,16,2026-03-05 09:18:54,16.17
0,1,16,2026-03-05 09:28:54,16.21
0,1,16,2026-03-05 09:38:54,16.21
0,1,16,2026-03-05 09:48:54,16.21
0,1,16,2026-03-05 09:58:54,16.21
0,1,16,2026-03-05 10:08:54,16.21
0,1,16,2026-03-05 10:18:54,16.21
0,1,16,2026-03-05 10:28:54,16.21
0,1,16,2026-03-05 10:38:54,16.17
0,1,16,2026-03-05 10:48:54,16.21
0,1,16,2026-03-05 10:58:54,16.17
0,1,16,2026-03-05 11:08:54,16.17
0,1,16,2026-03-05 11:18:54,16.17
0,1,16,2026-03-05 11:28:54,16.17
0,1,16,2026-03-05 11:38:54,16.17
0,1,16,2026-03-05 11:48:54,16.21
0,1,16,2026-03-05 11:58:54,16.21
0,1,16,2026-03-05 12:08:54,16.21
0,1,16,2026-03-05 12:18:54,16.17
0,1,16,2026-03-05 12:28:54,16.17
0,1,16,2026-03-05 12:38:54,16.17
0,1,16,2026-03-05 12:48:54,16.17
0,1,16,2026-03-05 12:58:54,16.21
0,1,16,2026-03-05 13:08:54,16.17
0,1,16,2026-03-05 13:18:54,16.13
0,1,16,2026-03-05 13:28:54,16.21
0,1,16,2026-03-05 13:38:54,16.17
0,1,16,2026-03-05 13:48:54,16.21
0,1,16,2026-03-05 13:58:54,16.21
0,1,16,2026-03-05 14:08:54,16.17
0,1,16,2026-03-05 14:18:54,16.17
0,1,16,2026-03-05 14:28:54,16.21
0,1,16,2026-03-05 14:38:54,16.17
0,1,16,2026-03-05 14:48:54,16.17
0,1,16,2026-03-05 14:58:54,16.17
0,1,16,2026-03-05 15:08:54,16.26
0,1,16,2026-03-05 15:18:54,16.13
0,1,16,2026-03-05 15:28:54,16.17
0,1,16,2026-03-05 15:38:54,16.21
0,1,16,2026-03-05 15:48:54,16.17
0,1,16,2026-03-05 15:58:54,16.17
0,1,16,2026-03-05 16:08:54,16.17
0,1,16,2026-03-05 16:18:54,16.17
0,1,16,2026-03-05 16:28:54,16.17
0,1,16,2026-03-05 16:38:54,16.13
0,1,16,2026-03-05 16:48:54,16.13
0,1,16,2026-03-05 16:58:54,16.17
0,1,16,2026-03-05 17:08:54,16.21
0,1,16,2026-03-05 17:18:54,16.17
0,1,16,2026-03-05 17:28:54,16.21
0,1,16,2026-03-05 17:38:54,16.17
0,1,16,2026-03-05 17:48:54,16.17
0,1,16,2026-03-05 17:58:54,16.17
0,1,16,2026-03-05 18:08:54,16.13
0,1,16,2026-03-05 18:18:54,16.21
0,1,16,2026-03-05 18:28:54,16.17
0,1,16,2026-03-05 18:38:54,16.13
0,1,16,2026-03-05 18:48:54,16.13
0,1,16,2026-03-05 18:58:54,16.17
0,1,16,2026-03-05 19:08:54,16.17
0,1,16,2026-03-05 19:18:54,16.13
0,1,16,2026-03-05 19:28:54,16.17
0,1,16,2026-03-05 19:38:54,16.08
0,1,16,2026-03-05 19:48:54,16.17
0,1,16,2026-03-05 19:58:54,16.08
0,1,16,2026-03-05 20:08:54,16.13
0,1,16,2026-03-05 20:18:54,16.13
0,1,16,2026-03-05 20:28:54,16.17
0,1,16,2026-03-05 20:38:54,16.17
0,1,16,2026-03-05 20:48:54,16.08
0,1,16,2026-03-05 20:58:54,16.13
0,1,16,2026-03-05 21:08:54,16.13
0,1,16,2026-03-05 21:18:54,16.17
0,1,16,2026-03-05 21:28:54,16.13
0,1,16,2026-03-05 21:38:54,16.17
0,1,16,2026-03-05 21:48:54,16.17
0,1,16,2026-03-05 21:58:54,16.13
0,1,16,2026-03-05 22:08:54,16.13
0,1,16,2026-03-05 22:18:54,16.08
0,1,16,2026-03-05 22:28:54,16.13
0,1,16,2026-03-05 22:38:54,16.13
0,1,16,2026-03-05 22:48:54,16.13
0,1,16,2026-03-05 22:58:54,16.13
0,1,16,2026-03-05 23:08:54,16.13
0,1,16,2026-03-05 23:18:54,16.13
0,1,16,2026-03-05 23:28:54,16.17
0,1,16,2026-03-05 23:38:54,16.13
0,1,16,2026-03-05 23:48:54,16.13
0,1,16,2026-03-05 23:58:54,16.17
0,1,16,2026-03-06 00:08:54,16.17
0,1,16,2026-03-06 00:18:54,16.17
0,1,16,2026-03-06 00:28:54,16.13
0,1,16,2026-03-06 00:38:54,16.13
0,1,16,2026-03-06 00:48:54,16.17
0,1,16,2026-03-06 00:58:54,16.13
0,1,16,2026-03-06 01:08:54,16.17
0,1,16,2026-03-06 01:18:54,16.17
0,1,16,2026-03-06 01:28:54,16.13
0,1,16,2026-03-06 01:38:54,16.13
0,1,16,2026-03-06 01:48:54,16.13
0,1,16,2026-03-06 01:58:54,16.13
0,1,16,2026-03-06 02:08:54,16.08
0,1,16,2026-03-06 02:18:54,16.13
0,1,16,2026-03-06 02:28:54,16.17
0,1,16,2026-03-06 02:38:54,16.13
0,1,16,2026-03-06 02:48:54,16.13
0,1,16,2026-03-06 02:58:54,16.13
0,1,16,2026-03-06 03:08:54,16.17
0,1,16,2026-03-06 03:18:54,16.17
0,1,16,2026-03-06 03:28:54,16.17
0,1,16,2026-03-06 03:38:54,16.17
0,1,16,2026-03-06 03:48:54,16.17
0,1,16,2026-03-06 03:58:54,16.13
0,1,16,2026-03-06 04:08:54,16.17
0,1,16,2026-03-06 04:18:54,16.17
0,1,16,2026-03-06 04:28:54,16.08
0,1,16,2026-03-06 04:38:54,16.13
0,1,16,2026-03-06 04:48:54,16.13
0,1,16,2026-03-06 04:58:54,16.13
0,1,16,2026-03-06 05:08:54,16.13
0,1,16,2026-03-06 05:18:54,16.13
0,1,16,2026-03-06 05:28:54,16.13
0,1,16,2026-03-06 05:38:54,16.08
0,1,16,2026-03-06 05:48:54,16.13
0,1,16,2026-03-06 05:58:54,16.13
0,1,16,2026-03-06 06:08:54,16.13
0,1,16,2026-03-06 06:18:54,16.13
0,1,16,2026-03-06 06:28:54,16.13
0,1,16,2026-03-06 06:38:54,16.13
0,1,16,2026-03-06 06:48:54,16.08
0,1,16,2026-03-06 06:58:54,16.17
0,1,16,2026-03-06 07:08:54,16.17
0,1,16,2026-03-06 07:18:54,16.17
0,1,16,2026-03-06 07:28:54,16.17
0,1,16,2026-03-06 07:38:54,16.17
0,1,16,2026-03-06 07:48:54,16.21
0,1,16,2026-03-06 07:58:54,16.21
0,1,16,2026-03-06 08:08:54,16.17
0,1,16,2026-03-06 08:18:54,16.17
0,1,16,2026-03-06 08:28:54,16.13
0,1,16,2026-03-06 08:38:54,16.17
0,1,16,2026-03-06 08:48:54,16.17
0,1,16,2026-03-06 08:58:54,16.17
0,1,16,2026-03-06 09:08:54,16.21
0,1,16,2026-03-06 09:18:54,16.17
0,1,16,2026-03-06 09:28:54,16.21
0,1,16,2026-03-06 09:38:54,16.17
0,1,16,2026-03-06 09:48:54,16.17
0,1,16,2026-03-06 09:58:54,16.21
0,1,16,2026-03-06 10:08:54,16.17
0,1,16,2026-03-06 10:18:54,16.17
0,1,16,2026-03-06 10:28:54,16.17
0,1,16,2026-03-06 10:38:54,16.17
0,1,16,2026-03-06 10:48:54,16.17
0,1,16,2026-03-06 10:58:54,16.21
0,1,16,2026-03-06 11:08:54,16.17
0,1,16,2026-03-06 11:18:54,16.13
0,1,16,2026-03-06 11:28:54,16.17
0,1,16,2026-03-06 11:38:54,16.21
0,1,16,2026-03-06 11:48:54,16.17
0,1,16,2026-03-06 11:58:54,16.17
0,1,16,2026-03-06 12:08:54,16.21
0,1,16,2026-03-06 12:18:54,16.13
0,1,16,2026-03-06 12:28:54,16.17
0,2,22,2026-02-24 15:19:27,22.35
0,2,22,2026-02-24 15:29:27,21.92
0,2,22,2026-02-24 15:39:27,21.88
0,2,22,2026-02-24 15:49:27,21.79
0,2,22,2026-02-24 15:59:27,21.7
0,2,22,2026-02-24 16:09:27,21.7
0,2,22,2026-02-24 16:19:27,21.62
0,2,22,2026-02-24 16:29:27,21.62
0,2,22,2026-02-24 16:39:27,21.58
0,2,22,2026-02-24 16:49:27,21.53
0,2,22,2026-02-24 16:59:27,21.53
0,2,22,2026-02-24 17:09:27,21.53
0,2,22,2026-02-24 17:19:27,21.53
0,2,22,2026-02-24 17:29:27,21.53
0,2,22,2026-02-24 17:39:27,21.45
0,2,22,2026-02-24 17:49:27,21.49
0,2,22,2026-02-24 17:59:27,21.45
0,2,22,2026-02-24 18:09:27,21.49
0,2,22,2026-02-24 18:19:27,21.45
0,2,22,2026-02-24 18:29:27,21.45
0,2,22,2026-02-24 18:39:27,21.45
0,2,22,2026-02-24 18:49:27,21.49
0,2,22,2026-02-24 18:59:27,21.45
0,2,22,2026-02-24 19:09:27,21.4
0,2,22,2026-02-24 19:19:27,21.45
0,2,22,2026-02-24 19:29:27,21.49
0,2,22,2026-02-24 19:39:27,21.4
0,2,22,2026-02-24 19:49:27,21.45
0,2,22,2026-02-24 19:59:27,21.4
0,2,22,2026-02-24 20:09:27,21.4
0,2,22,2026-02-24 20:19:27,21.45
0,2,22,2026-02-24 20:29:27,21.4
0,2,22,2026-02-24 20:39:27,21.4
0,2,22,2026-02-24 20:49:27,21.4
0,2,22,2026-02-24 20:59:27,21.45
0,2,22,2026-02-24 21:09:27,21.4
0,2,22,2026-02-24 21:19:27,21.4
0,2,22,2026-02-24 21:29:27,21.4
0,2,22,2026-02-24 21:39:27,21.4
0,2,22,2026-02-24 21:49:27,21.4
0,2,22,2026-02-24 21:59:27,21.4
0,2,22,2026-02-24 22:09:27,21.4
0,2,22,2026-02-24 22:19:27,21.36
0,2,22,2026-02-24 22:29:27,21.36
0,2,22,2026-02-24 22:39:27,21.4
0,2,22,2026-02-24 22:49:27,21.36
0,2,22,2026-02-24 22:59:27,21.4
0,2,22,2026-02-24 23:09:27,21.36
0,2,22,2026-02-24 23:19:27,21.4
0,2,22,2026-02-24 23:29:27,21.36
0,2,22,2026-02-24 23:39:27,21.4
0,2,22,2026-02-24 23:49:27,21.36
0,2,22,2026-02-24 23:59:27,21.4
0,2,22,2026-02-25 00:09:27,21.4
0,2,22,2026-02-25 00:19:27,21.4
0,2,22,2026-02-25 00:29:27,21.36
0,2,22,2026-02-25 00:39:27,21.36
0,2,22,2026-02-25 00:49:27,21.4
0,2,22,2026-02-25 00:59:27,21.36
0,2,22,2026-02-25 01:09:27,21.36
0,2,22,2026-02-25 01:19:27,21.4
0,2,22,2026-02-25 01:29:27,21.36
0,2,22,2026-02-25 01:39:27,21.36
0,2,22,2026-02-25 01:49:27,21.4
0,2,22,2026-02-25 01:59:27,21.36
0,2,22,2026-02-25 02:09:27,21.36
0,2,22,2026-02-25 02:19:27,21.4
0,2,22,2026-02-25 02:29:27,21.4
0,2,22,2026-02-25 02:39:27,21.4
0,2,22,2026-02-25 02:49:27,21.32
0,2,22,2026-02-25 02:59:27,21.36
0,2,22,2026-02-25 03:09:27,21.36
0,2,22,2026-02-25 03:19:27,21.4
0,2,22,2026-02-25 03:29:27,21.4
0,2,22,2026-02-25 03:39:27,21.4
0,2,22,2026-02-25 03:49:27,21.36
0,2,22,2026-02-25 03:59:27,21.4
0,2,22,2026-02-25 04:09:27,21.36
0,2,22,2026-02-25 04:19:27,21.36
0,2,22,2026-02-25 04:29:27,21.36
0,2,22,2026-02-25 04:39:27,21.4
0,2,22,2026-02-25 04:49:27,21.4
0,2,22,2026-02-25 04:59:27,21.36
0,2,22,2026-02-25 05:09:27,21.4
0,2,22,2026-02-25 05:19:27,21.4
0,2,22,2026-02-25 05:29:27,21.4
0,2,22,2026-02-25 05:39:27,21.36
0,2,22,2026-02-25 05:49:27,21.4
0,2,22,2026-02-25 05:59:27,21.4
0,2,22,2026-02-25 06:09:27,21.36
0,2,22,2026-02-25 06:19:27,21.4
0,2,22,2026-02-25 06:29:27,21.36
0,2,22,2026-02-25 06:39:27,21.36
0,2,22,2026-02-25 06:49:27,21.36
0,2,22,2026-02-25 06:59:27,21.36
0,2,22,2026-02-25 07:09:27,21.4
0,2,22,2026-02-25 07:19:27,21.4
0,2,22,2026-02-25 07:29:27,21.4
0,2,22,2026-02-25 07:39:27,21.45
0,2,22,2026-02-25 07:49:27,21.4
0,2,22,2026-02-25 07:59:27,21.45
0,2,22,2026-02-25 08:09:27,21.4
0,2,22,2026-02-25 08:19:27,21.4
0,2,22,2026-02-25 08:29:27,21.4
0,2,22,2026-02-25 08:39:27,21.36
0,2,22,2026-02-25 08:49:27,21.45
0,2,22,2026-02-25 08:59:27,21.4
0,2,22,2026-02-25 09:09:27,21.45
0,2,22,2026-02-25 09:19:27,21.4
0,2,22,2026-02-25 09:29:27,21.4
0,2,22,2026-02-25 09:39:27,21.4
0,2,22,2026-02-25 09:49:27,21.45
0,2,22,2026-02-25 09:59:27,21.45
0,2,22,2026-02-25 10:09:27,21.45
0,2,22,2026-02-25 10:19:27,21.4
0,2,22,2026-02-25 10:29:27,21.45
0,2,22,2026-02-25 10:39:27,21.4
0,2,22,2026-02-25 10:49:27,21.45
0,2,22,2026-02-25 10:59:27,21.4
0,2,22,2026-02-25 11:09:27,21.4
0,2,22,2026-02-25 11:19:27,21.4
0,2,22,2026-02-25 11:29:27,21.4
0,2,22,2026-02-25 11:39:27,21.4
0,2,22,2026-02-25 11:49:27,21.4
0,2,22,2026-02-25 11:59:27,21.4
0,2,22,2026-02-25 12:09:27,21.45
0,2,22,2026-02-25 12:19:27,21.4
0,2,22,2026-02-25 12:29:27,21.4
0,2,22,2026-02-25 12:39:27,21.45
0,2,22,2026-02-25 12:49:27,21.36
0,2,22,2026-02-25 12:59:27,21.45
0,2,22,2026-02-25 13:09:27,21.4
0,2,22,2026-02-25 13:19:27,21.4
0,2,22,2026-02-25 13:29:27,21.36
0,2,22,2026-02-25 13:39:27,21.4
0,2,22,2026-02-25 13:49:27,21.4
0,2,22,2026-02-25 13:59:27,21.4
0,2,22,2026-02-25 14:09:27,21.45
0,2,22,2026-02-25 14:19:27,21.4
0,2,22,2026-02-25 14:29:27,21.4
0,2,22,2026-02-25 14:39:27,21.36
0,2,22,2026-02-25 14:49:27,21.45
0,2,22,2026-02-25 14:59:27,21.45
0,2,22,2026-02-25 15:09:27,21.4
0,2,22,2026-02-25 15:19:27,21.4
0,2,22,2026-02-25 15:29:27,21.45
0,2,22,2026-02-25 15:39:27,21.45
0,2,22,2026-02-25 15:49:27,21.45
0,2,22,2026-02-25 15:59:27,21.4
0,2,22,2026-02-25 16:09:27,21.32
0,2,22,2026-02-25 16:19:27,21.28
0,2,22,2026-02-25 16:29:27,21.23
0,2,22,2026-02-25 16:39:27,21.19
0,2,22,2026-02-25 16:49:27,21.19
0,2,22,2026-02-25 16:59:27,21.19
0,2,22,2026-02-25 17:09:27,21.19
0,2,22,2026-02-25 17:19:27,21.15
0,2,22,2026-02-25 17:29:27,21.19
0,2,22,2026-02-25 17:39:27,21.19
0,2,22,2026-02-25 17:49:27,21.23
0,2,22,2026-02-25 17:59:27,21.19
0,2,22,2026-02-25 18:09:27,21.19
0,2,22,2026-02-25 18:19:27,21.19
0,2,22,2026-02-25 18:29:27,21.28
0,2,22,2026-02-25 18:39:27,21.32
0,2,22,2026-02-25 18:49:27,21.36
0,2,22,2026-02-25 18:59:27,21.4
0,2,22,2026-02-25 19:09:27,21.45
0,2,22,2026-02-25 19:19:27,21.4
0,2,22,2026-02-25 19:29:27,21.45
0,2,22,2026-02-25 19:39:27,21.45
0,2,22,2026-02-25 19:49:27,21.49
0,2,22,2026-02-25 19:59:27,21.53
0,2,22,2026-02-25 20:09:27,21.53
0,2,22,2026-02-25 20:19:27,21.53
0,2,22,2026-02-25 20:29:27,21.58
0,2,22,2026-02-25 20:39:27,21.58
0,2,22,2026-02-25 20:49:27,21.58
0,2,22,2026-02-25 20:59:27,21.58
0,2,22,2026-02-25 21:09:27,21.62
0,2,22,2026-02-25 21:19:27,21.58
0,2,22,2026-02-25 21:29:27,21.62
0,2,22,2026-02-25 21:39:27,21.58
0,2,22,2026-02-25 21:49:27,21.58
0,2,22,2026-02-25 21:59:27,21.62
0,2,22,2026-02-25 22:09:27,21.66
0,2,22,2026-02-25 22:19:27,21.62
0,2,22,2026-02-25 22:29:27,21.62
0,2,22,2026-02-25 22:39:27,21.62
0,2,22,2026-02-25 22:49:27,21.62
0,2,22,2026-02-25 22:59:27,21.62
0,2,22,2026-02-25 23:09:27,21.62
0,2,22,2026-02-25 23:19:27,21.62
0,2,22,2026-02-25 23:29:27,21.62
0,2,22,2026-02-25 23:39:27,21.62
0,2,22,2026-02-25 23:49:27,21.62
0,2,22,2026-02-25 23:59:27,21.62
0,2,22,2026-02-26 00:09:27,21.62
0,2,22,2026-02-26 00:19:27,21.62
0,2,22,2026-02-26 00:29:27,21.62
0,2,22,2026-02-26 00:39:27,21.66
0,2,22,2026-02-26 00:49:27,21.62
0,2,22,2026-02-26 00:59:27,21.66
0,2,22,2026-02-26 01:09:27,21.66
0,2,22,2026-02-26 01:19:27,21.66
0,2,22,2026-02-26 01:29:27,21.62
0,2,22,2026-02-26 01:39:27,21.62
0,2,22,2026-02-26 01:49:27,21.62
0,2,22,2026-02-26 01:59:27,21.62
0,2,22,2026-02-26 02:09:27,21.66
0,2,22,2026-02-26 02:19:27,21.62
0,2,22,2026-02-26 02:29:27,21.66
0,2,22,2026-02-26 02:39:27,21.62
0,2,22,2026-02-26 02:49:27,21.62
0,2,22,2026-02-26 02:59:27,21.62
0,2,22,2026-02-26 03:09:27,21.62
0,2,22,2026-02-26 03:19:27,21.62
0,2,22,2026-02-26 03:29:27,21.62
0,2,22,2026-02-26 03:39:27,21.62
0,2,22,2026-02-26 03:49:27,21.62
0,2,22,2026-02-26 03:59:27,21.62
0,2,22,2026-02-26 04:09:27,21.66
0,2,22,2026-02-26 04:19:27,21.62
0,2,22,2026-02-26 04:29:27,21.62
0,2,22,2026-02-26 04:39:27,21.62
0,2,22,2026-02-26 04:49:27,21.62
0,2,22,2026-02-26 04:59:27,21.62
0,2,22,2026-02-26 05:09:27,21.66
0,2,22,2026-02-26 05:19:27,21.62
0,2,22,2026-02-26 05:29:27,21.62
0,2,22,2026-02-26 05:39:27,21.62
0,2,22,2026-02-26 05:49:27,21.62
0,2,22,2026-02-26 05:59:27,21.62
0,2,22,2026-02-26 06:09:27,21.62
0,2,22,2026-02-26 06:19:27,21.58
0,2,22,2026-02-26 06:29:27,21.62
0,2,22,2026-02-26 06:39:27,21.66
0,2,22,2026-02-26 06:49:27,21.62
0,2,22,2026-02-26 06:59:27,21.66
0,2,22,2026-02-26 07:09:27,21.7
0,2,22,2026-02-26 07:19:27,21.62
0,2,22,2026-02-26 07:29:27,21.62
0,2,22,2026-02-26 07:39:27,21.62
0,2,22,2026-02-26 07:49:27,21.62
0,2,22,2026-02-26 07:59:27,21.62
0,2,22,2026-02-26 08:09:27,21.66
0,2,22,2026-02-26 08:19:27,21.66
0,2,22,2026-02-26 08:29:27,21.62
0,2,22,2026-02-26 08:39:27,21.66
0,2,22,2026-02-26 08:49:27,21.7
0,2,22,2026-02-26 08:59:27,21.66
0,2,22,2026-02-26 09:09:27,21.66
0,2,22,2026-02-26 09:19:27,21.66
0,2,22,2026-02-26 09:29:27,21.66
0,2,22,2026-02-26 09:39:27,21.7
0,2,22,2026-02-26 09:49:27,21.66
0,2,22,2026-02-26 09:59:27,21.66
0,2,22,2026-02-26 10:09:27,21.62
0,2,22,2026-02-26 10:19:27,21.7
0,2,22,2026-02-26 10:29:27,21.66
0,2,22,2026-02-26 10:39:27,21.66
0,2,22,2026-02-26 10:49:27,21.66
0,2,22,2026-02-26 10:59:27,21.7
0,2,22,2026-02-26 11:09:27,21.66
0,2,22,2026-02-26 11:19:27,21.62
0,2,22,2026-02-26 11:29:27,21.62
0,2,22,2026-02-26 11:39:27,21.66
0,2,22,2026-02-26 11:49:27,21.66
0,2,22,2026-02-26 11:59:27,21.75
0,2,22,2026-02-26 12:09:27,21.7
0,2,22,2026-02-26 12:19:27,21.66
0,2,22,2026-02-26 12:29:27,21.7
0,2,22,2026-02-26 12:39:27,21.7
0,2,22,2026-02-26 12:49:27,21.7
0,2,22,2026-02-26 12:59:27,21.7
0,2,22,2026-02-26 13:09:27,21.7
0,2,22,2026-02-26 13:19:27,21.75
0,2,22,2026-02-26 13:29:27,21.7
0,2,22,2026-02-26 13:39:27,21.7
0,2,22,2026-02-26 13:49:27,21.75
0,2,22,2026-02-26 13:59:27,21.66
0,2,22,2026-02-26 14:09:27,21.62
0,2,22,2026-02-26 14:19:27,21.62
0,2,22,2026-02-26 14:29:27,21.58
0,2,22,2026-02-26 14:39:27,21.58
0,2,22,2026-02-26 14:49:27,21.62
0,2,22,2026-02-26 14:59:27,21.58
0,2,22,2026-02-26 15:09:27,21.58
0,2,22,2026-02-26 15:19:27,21.62
0,2,22,2026-02-26 15:29:27,21.66
0,2,22,2026-02-26 15:39:27,21.62
0,2,22,2026-02-26 15:49:27,21.7
0,2,22,2026-02-26 15:59:27,21.75
0,2,22,2026-02-26 16:09:27,21.75
0,2,22,2026-02-26 16:19:27,21.7
0,2,22,2026-02-26 16:29:27,21.75
0,2,22,2026-02-26 16:39:27,21.75
0,2,22,2026-02-26 16:49:27,21.75
0,2,22,2026-02-26 16:59:27,21.79
0,2,22,2026-02-26 17:09:27,21.79
0,2,22,2026-02-26 17:19:27,21.79
0,2,22,2026-02-26 17:29:27,21.79
0,2,22,2026-02-26 17:39:27,21.83
0,2,22,2026-02-26 17:49:27,21.83
0,2,22,2026-02-26 17:59:27,21.83
0,2,22,2026-02-26 18:09:27,21.83
0,2,22,2026-02-26 18:19:27,21.88
0,2,22,2026-02-26 18:29:27,21.83
0,2,22,2026-02-26 18:39:27,21.88
0,2,22,2026-02-26 18:49:27,21.83
0,2,22,2026-02-26 18:59:27,21.79
0,2,22,2026-02-26 19:09:27,21.83
0,2,22,2026-02-26 19:19:27,21.83
0,2,22,2026-02-26 19:29:27,21.83
0,2,22,2026-02-26 19:39:27,21.83
0,2,22,2026-02-26 19:49:27,21.83
0,2,22,2026-02-26 19:59:27,21.79
0,2,22,2026-02-26 20:09:27,21.83
0,2,22,2026-02-26 20:19:27,21.79
0,2,22,2026-02-26 20:29:27,21.79
0,2,22,2026-02-26 20:39:27,21.75
0,2,22,2026-02-26 20:49:27,21.79
0,2,22,2026-02-26 20:59:27,21.83
0,2,22,2026-02-26 21:09:27,21.79
0,2,22,2026-02-26 21:19:27,21.79
0,2,22,2026-02-26 21:29:27,21.79
0,2,22,2026-02-26 21:39:27,21.79
0,2,22,2026-02-26 21:49:27,21.79
0,2,22,2026-02-26 21:59:27,21.83
0,2,22,2026-02-26 22:09:27,21.79
0,2,22,2026-02-26 22:19:27,21.79
0,2,22,2026-02-26 22:29:27,21.83
0,2,22,2026-02-26 22:39:27,21.79
0,2,22,2026-02-26 22:49:27,21.79
0,2,22,2026-02-26 22:59:27,21.79
0,2,22,2026-02-26 23:09:27,21.79
0,2,22,2026-02-26 23:19:27,21.79
0,2,22,2026-02-26 23:29:27,21.83
0,2,22,2026-02-26 23:39:27,21.79
0,2,22,2026-02-26 23:49:27,21.83
0,2,22,2026-02-26 23:59:27,21.79
0,2,22,2026-02-27 00:09:27,21.79
0,2,22,2026-02-27 00:19:27,21.79
0,2,22,2026-02-27 00:29:27,21.75
0,2,22,2026-02-27 00:39:27,21.79
0,2,22,2026-02-27 00:49:27,21.79
0,2,22,2026-02-27 00:59:27,21.79
0,2,22,2026-02-27 01:09:27,21.83
0,2,22,2026-02-27 01:19:27,21.79
0,2,22,2026-02-27 01:29:27,21.75
0,2,22,2026-02-27 01:39:27,21.79
0,2,22,2026-02-27 01:49:27,21.79
0,2,22,2026-02-27 01:59:27,21.79
0,2,22,2026-02-27 02:09:27,21.83
0,2,22,2026-02-27 02:19:27,21.79
0,2,22,2026-02-27 02:29:27,21.79
0,2,22,2026-02-27 02:39:27,21.79
0,2,22,2026-02-27 02:49:27,21.79
0,2,22,2026-02-27 02:59:27,21.79
0,2,22,2026-02-27 03:09:27,21.79
0,2,22,2026-02-27 03:19:27,21.79
0,2,22,2026-02-27 03:29:27,21.79
0,2,22,2026-02-27 03:39:27,21.79
0,2,22,2026-02-27 03:49:27,21.79
0,2,22,2026-02-27 03:59:27,21.75
0,2,22,2026-02-27 04:09:27,21.79
0,2,22,2026-02-27 04:19:27,21.75
0,2,22,2026-02-27 04:29:27,21.79
0,2,22,2026-02-27 04:39:27,21.79
0,2,22,2026-02-27 04:49:27,21.79
0,2,22,2026-02-27 04:59:27,21.79
0,2,22,2026-02-27 05:09:27,21.79
0,2,22,2026-02-27 05:19:27,21.79
0,2,22,2026-02-27 05:29:27,21.79
0,2,22,2026-02-27 05:39:27,21.79
0,2,22,2026-02-27 05:49:27,21.75
0,2,22,2026-02-27 05:59:27,21.79
0,2,22,2026-02-27 06:09:27,21.79
0,2,22,2026-02-27 06:19:27,21.79
0,2,22,2026-02-27 06:29:27,21.83
0,2,22,2026-02-27 06:39:27,21.79
0,2,22,2026-02-27 06:49:27,21.79
0,2,22,2026-02-27 06:59:27,21.79
0,2,22,2026-02-27 07:09:27,21.79
0,2,22,2026-02-27 07:19:27,21.79
0,2,22,2026-02-27 07:29:27,21.83
0,2,22,2026-02-27 07:39:27,21.83
0,2,22,2026-02-27 07:49:27,21.79
0,2,22,2026-02-27 07:59:27,21.83
0,2,22,2026-02-27 08:09:27,21.83
0,2,22,2026-02-27 08:19:27,21.83
0,2,22,2026-02-27 08:29:27,21.83
0,2,22,2026-02-27 08:39:27,21.79
0,2,22,2026-02-27 08:49:27,21.83
0,2,22,2026-02-27 08:59:27,21.79
0,2,22,2026-02-27 09:09:27,21.79
0,2,22,2026-02-27 09:19:27,21.83
0,2,22,2026-02-27 09:29:27,21.83
0,2,22,2026-02-27 09:39:27,21.83
0,2,22,2026-02-27 09:49:27,21.88
0,2,22,2026-02-27 09:59:27,21.83
0,2,22,2026-02-27 10:09:27,21.83
0,2,22,2026-02-27 10:19:27,21.79
0,2,22,2026-02-27 10:29:27,21.83
0,2,22,2026-02-27 10:39:27,21.83
0,2,22,2026-02-27 10:49:27,21.79
0,2,22,2026-02-27 10:59:27,21.83
0,2,22,2026-02-27 11:09:27,21.83
0,2,22,2026-02-27 11:19:27,21.79
0,2,22,2026-02-27 11:29:27,21.83
0,2,22,2026-02-27 11:39:27,21.83
0,2,22,2026-02-27 11:49:27,21.83
0,2,22,2026-02-27 11:59:27,21.79
0,2,22,2026-02-27 12:09:27,21.79
0,2,22,2026-02-27 12:19:27,21.83
0,2,22,2026-02-27 12:29:27,21.83
0,2,22,2026-02-27 12:39:27,21.83
0,2,22,2026-02-27 12:49:27,21.83
0,2,22,2026-02-27 12:59:27,21.83
0,2,22,2026-02-27 13:09:27,21.88
0,2,22,2026-02-27 13:19:27,21.83
0,2,22,2026-02-27 13:29:27,21.83
0,2,22,2026-02-27 13:39:27,21.83
0,2,22,2026-02-27 13:49:27,21.79
0,2,22,2026-02-27 13:59:27,21.79
0,2,22,2026-02-27 14:09:27,21.83
0,2,22,2026-02-27 14:19:27,21.83
0,2,22,2026-02-27 14:29:27,21.83
0,2,22,2026-02-27 14:39:27,21.83
0,2,22,2026-02-27 14:49:27,21.83
0,2,22,2026-02-27 14:59:27,21.83
0,2,22,2026-02-27 15:09:27,21.83
0,2,22,2026-02-27 15:19:27,21.79
0,2,22,2026-02-27 15:29:27,21.79
0,2,22,2026-02-27 15:39:27,21.83
0,2,22,2026-02-27 15:49:27,21.79
0,2,22,2026-02-27 15:59:27,21.79
0,2,22,2026-02-27 16:09:27,21.88
0,2,22,2026-02-27 16:19:27,21.83
0,2,22,2026-02-27 16:29:27,21.88
0,2,22,2026-02-27 16:39:27,21.79
0,2,22,2026-02-27 16:49:27,21.79
0,2,22,2026-02-27 16:59:27,21.83
0,2,22,2026-02-27 17:09:27,21.83
0,2,22,2026-02-27 17:19:27,21.83
0,2,22,2026-02-27 17:29:27,21.79
0,2,22,2026-02-27 17:39:27,21.79
0,2,22,2026-02-27 17:49:27,21.88
0,2,22,2026-02-27 17:59:27,21.79
0,2,22,2026-02-27 18:09:27,21.83
0,2,22,2026-02-27 18:19:27,21.83
0,2,22,2026-02-27 18:29:27,21.83
0,2,22,2026-02-27 18:39:27,21.83
0,2,22,2026-02-27 18:49:27,21.83
0,2,22,2026-02-27 18:59:27,21.83
0,2,22,2026-02-27 19:09:27,21.79
0,2,22,2026-02-27 19:19:27,21.83
0,2,22,2026-02-27 19:29:27,21.79
0,2,22,2026-02-27 19:39:27,21.79
0,2,22,2026-02-27 19:49:27,21.79
0,2,22,2026-02-27 19:59:27,21.79
0,2,22,2026-02-27 20:09:27,21.83
0,2,22,2026-02-27 20:19:27,21.83
0,2,22,2026-02-27 20:29:27,21.79
0,2,22,2026-02-27 20:39:27,21.79
0,2,22,2026-02-27 20:49:27,21.79
0,2,22,2026-02-27 20:59:27,21.83
0,2,22,2026-02-27 21:09:27,21.79
0,2,22,2026-02-27 21:19:27,21.79
0,2,22,2026-02-27 21:29:27,21.75
0,2,22,2026-02-27 21:39:27,21.79
0,2,22,2026-02-27 21:49:27,21.79
0,2,22,2026-02-27 21:59:27,21.79
0,2,22,2026-02-27 22:09:27,21.83
0,2,22,2026-02-27 22:19:27,21.79
0,2,22,2026-02-27 22:29:27,21.79
0,2,22,2026-02-27 22:39:27,21.79
0,2,22,2026-02-27 22:49:27,21.79
0,2,22,2026-02-27 22:59:27,21.79
0,2,22,2026-02-27 23:09:27,21.79
0,2,22,2026-02-27 23:19:27,21.79
0,2,22,2026-02-27 23:29:27,21.83
0,2,22,2026-02-27 23:39:27,21.79
0,2,22,2026-02-27 23:49:27,21.79
0,2,22,2026-02-27 23:59:27,21.79
0,2,22,2026-02-28 00:09:27,21.79
0,2,22,2026-02-28 00:19:27,21.79
0,2,22,2026-02-28 00:29:27,21.79
0,2,22,2026-02-28 00:39:27,21.79
0,2,22,2026-02-28 00:49:27,21.79
0,2,22,2026-02-28 00:59:27,21.79
0,2,22,2026-02-28 01:09:27,21.79
0,2,22,2026-02-28 01:19:27,21.79
0,2,22,2026-02-28 01:29:27,21.79
0,2,22,2026-02-28 01:39:27,21.79
0,2,22,2026-02-28 01:49:27,21.79
0,2,22,2026-02-28 01:59:27,21.79
0,2,22,2026-02-28 02:09:27,21.79
0,2,22,2026-02-28 02:19:27,21.79
0,2,22,2026-02-28 02:29:27,21.79
0,2,22,2026-02-28 02:39:27,21.75
0,2,22,2026-02-28 02:49:27,21.79
0,2,22,2026-02-28 02:59:27,21.79
0,2,22,2026-02-28 03:09:27,21.79
0,2,22,2026-02-28 03:19:27,21.79
0,2,22,2026-02-28 03:29:27,21.79
0,2,22,2026-02-28 03:39:27,21.79
0,2,22,2026-02-28 03:49:27,21.79
0,2,22,2026-02-28 03:59:27,21.79
0,2,22,2026-02-28 04:09:27,21.79
0,2,22,2026-02-28 04:19:27,21.83
0,2,22,2026-02-28 04:29:27,21.79
0,2,22,2026-02-28 04:39:27,21.79
0,2,22,2026-02-28 04:49:27,21.79
0,2,22,2026-02-28 04:59:27,21.79
0,2,22,2026-02-28 05:09:27,21.83
0,2,22,2026-02-28 05:19:27,21.79
0,2,22,2026-02-28 05:29:27,21.79
0,2,22,2026-02-28 05:39:27,21.79
0,2,22,2026-02-28 05:49:27,21.79
0,2,22,2026-02-28 05:59:27,21.79
0,2,22,2026-02-28 06:09:27,21.79
0,2,22,2026-02-28 06:19:27,21.79
0,2,22,2026-02-28 06:29:27,21.79
0,2,22,2026-02-28 06:39:27,21.79
0,2,22,2026-02-28 06:49:27,21.79
0,2,22,2026-02-28 06:59:27,21.79
0,2,22,2026-02-28 07:09:27,21.83
0,2,22,2026-02-28 07:19:27,21.83
0,2,22,2026-02-28 07:29:27,21.79
0,2,22,2026-02-28 07:39:27,21.83
0,2,22,2026-02-28 07:49:27,21.83
0,2,22,2026-02-28 07:59:27,21.83
0,2,22,2026-02-28 08:09:27,21.79
0,2,22,2026-02-28 08:19:27,21.83
0,2,22,2026-02-28 08:29:27,21.79
0,2,22,2026-02-28 08:39:27,21.88
0,2,22,2026-02-28 08:49:27,21.83
0,2,22,2026-02-28 08:59:27,21.83
0,2,22,2026-02-28 09:09:27,21.88
0,2,22,2026-02-28 09:19:27,21.83
0,2,22,2026-02-28 09:29:27,21.83
0,2,22,2026-02-28 09:39:27,21.83
0,2,22,2026-02-28 09:49:27,21.88
0,2,22,2026-02-28 09:59:27,21.79
0,2,22,2026-02-28 10:09:27,21.83
0,2,22,2026-02-28 10:19:27,21.83
0,2,22,2026-02-28 10:29:27,21.83
0,2,22,2026-02-28 10:39:27,21.83
0,2,22,2026-02-28 10:49:27,21.79
0,2,22,2026-02-28 10:59:27,21.79
0,2,22,2026-02-28 11:09:27,21.83
0,2,22,2026-02-28 11:19:27,21.83
0,2,22,2026-02-28 11:29:27,21.88
0,2,22,2026-02-28 11:39:27,21.83
0,2,22,2026-02-28 11:49:27,21.83
0,2,22,2026-02-28 11:59:27,21.83
0,2,22,2026-02-28 12:09:27,21.83
0,2,22,2026-02-28 12:19:27,21.83
0,2,22,2026-02-28 12:29:27,21.83
0,2,22,2026-02-28 12:39:27,21.83
0,2,22,2026-02-28 12:49:27,21.79
0,2,22,2026-02-28 12:59:27,21.83
0,2,22,2026-02-28 13:09:27,21.79
0,2,22,2026-02-28 13:19:27,21.83
0,2,22,2026-02-28 13:29:27,21.79
0,2,22,2026-02-28 13:39:27,21.83
0,2,22,2026-02-28 13:49:27,21.83
0,2,22,2026-02-28 13:59:27,21.88
0,2,22,2026-02-28 14:09:27,21.79
0,2,22,2026-02-28 14:19:27,21.83
0,2,22,2026-02-28 14:29:27,21.83
0,2,22,2026-02-28 14:39:27,21.83
0,2,22,2026-02-28 14:49:27,21.83
0,2,22,2026-02-28 14:59:27,21.79
0,2,22,2026-02-28 15:09:27,21.83
0,2,22,2026-02-28 15:19:27,21.83
0,2,22,2026-02-28 15:29:27,21.83
0,2,22,2026-02-28 15:39:27,21.83
0,2,22,2026-02-28 15:49:27,21.79
0,2,22,2026-02-28 15:59:27,21.83
0,2,22,2026-02-28 16:09:27,21.83
0,2,22,2026-02-28 16:19:27,21.83
0,2,22,2026-02-28 16:29:27,21.83
0,2,22,2026-02-28 16:39:27,21.83
0,2,22,2026-02-28 16:49:27,21.88
0,2,22,2026-02-28 16:59:27,21.83
0,2,22,2026-02-28 17:09:27,21.79
0,2,22,2026-02-28 17:19:27,21.83
0,2,22,2026-02-28 17:29:27,21.83
0,2,22,2026-02-28 17:39:27,21.83
0,2,22,2026-02-28 17:49:27,21.83
0,2,22,2026-02-28 17:59:27,21.83
0,2,22,2026-02-28 18:09:27,21.83
0,2,22,2026-02-28 18:19:27,21.83
0,2,22,2026-02-28 18:29:27,21.79
0,2,22,2026-02-28 18:39:27,21.83
0,2,22,2026-02-28 18:49:27,21.83
0,2,22,2026-02-28 18:59:27,21.83
0,2,22,2026-02-28 19:09:27,21.83
0,2,22,2026-02-28 19:19:27,21.83
0,2,22,2026-02-28 19:29:27,21.83
0,2,22,2026-02-28 19:39:27,21.75
0,2,22,2026-02-28 19:49:27,21.79
0,2,22,2026-02-28 19:59:27,21.79
0,2,22,2026-02-28 20:09:27,21.79
0,2,22,2026-02-28 20:19:27,21.79
0,2,22,2026-02-28 20:29:27,21.83
0,2,22,2026-02-28 20:39:27,21.79
0,2,22,2026-02-28 20:49:27,21.79
0,2,22,2026-02-28 20:59:27,21.79
0,2,22,2026-02-28 21:09:27,21.79
0,2,22,2026-02-28 21:19:27,21.79
0,2,22,2026-02-28 21:29:27,21.79
0,2,22,2026-02-28 21:39:27,21.79
0,2,22,2026-02-28 21:49:27,21.79
0,2,22,2026-02-28 21:59:27,21.79
0,2,22,2026-02-28 22:09:27,21.79
0,2,22,2026-02-28 22:19:27,21.79
0,2,22,2026-02-28 22:29:27,21.79
0,2,22,2026-02-28 22:39:27,21.79
0,2,22,2026-02-28 22:49:27,21.79
0,2,22,2026-02-28 22:59:27,21.83
0,2,22,2026-02-28 23:09:27,21.79
0,2,22,2026-02-28 23:19:27,21.83
0,2,22,2026-02-28 23:29:27,21.79
0,2,22,2026-02-28 23:39:27,21.79
0,2,22,2026-02-28 23:49:27,21.83
0,2,22,2026-02-28 23:59:27,21.79
0,2,22,2026-03-01 00:09:27,21.79
0,2,22,2026-03-01 00:19:27,21.79
0,2,22,2026-03-01 00:29:27,21.79
0,2,22,2026-03-01 00:39:27,21.83
0,2,22,2026-03-01 00:49:27,21.83
0,2,22,2026-03-01 00:59:27,21.79
0,2,22,2026-03-01 01:09:27,21.79
0,2,22,2026-03-01 01:19:27,21.75
0,2,22,2026-03-01 01:29:27,21.79
0,2,22,2026-03-01 01:39:27,21.79
0,2,22,2026-03-01 01:49:27,21.79
0,2,22,2026-03-01 01:59:27,21.79
0,2,22,2026-03-01 02:09:27,21.83
0,2,22,2026-03-01 02:19:27,21.79
0,2,22,2026-03-01 02:29:27,21.75
0,2,22,2026-03-01 02:39:27,21.79
0,2,22,2026-03-01 02:49:27,21.79
0,2,22,2026-03-01 02:59:27,21.79
0,2,22,2026-03-01 03:09:27,21.79
0,2,22,2026-03-01 03:19:27,21.83
0,2,22,2026-03-01 03:29:27,21.79
0,2,22,2026-03-01 03:39:27,21.79
0,2,22,2026-03-01 03:49:27,21.79
0,2,22,2026-03-01 03:59:27,21.79
0,2,22,2026-03-01 04:09:27,21.79
0,2,22,2026-03-01 04:19:27,21.75
0,2,22,2026-03-01 04:29:27,21.75
0,2,22,2026-03-01 04:39:27,21.79
0,2,22,2026-03-01 04:49:27,21.83
0,2,22,2026-03-01 04:59:27,21.79
0,2,22,2026-03-01 05:09:27,21.79
0,2,22,2026-03-01 05:19:27,21.79
0,2,22,2026-03-01 05:29:27,21.83
0,2,22,2026-03-01 05:39:27,21.79
0,2,22,2026-03-01 05:49:27,21.79
0,2,22,2026-03-01 05:59:27,21.79
0,2,22,2026-03-01 06:09:27,21.79
0,2,22,2026-03-01 06:19:27,21.79
0,2,22,2026-03-01 06:29:27,21.83
0,2,22,2026-03-01 06:39:27,21.79
0,2,22,2026-03-01 06:49:27,21.83
0,2,22,2026-03-01 06:59:27,21.79
0,2,22,2026-03-01 07:09:27,21.79
0,2,22,2026-03-01 07:19:27,21.79
0,2,22,2026-03-01 07:29:27,21.83
0,2,22,2026-03-01 07:39:27,21.79
0,2,22,2026-03-01 07:49:27,21.79
0,2,22,2026-03-01 07:59:27,21.83
0,2,22,2026-03-01 08:09:27,21.79
0,2,22,2026-03-01 08:19:27,21.79
0,2,22,2026-03-01 08:29:27,21.83
0,2,22,2026-03-01 08:39:27,21.88
0,2,22,2026-03-01 08:49:27,21.83
0,2,22,2026-03-01 08:59:27,21.79
0,2,22,2026-03-01 09:09:27,21.88
0,2,22,2026-03-01 09:19:27,21.83
0,2,22,2026-03-01 09:29:27,21.83
0,2,22,2026-03-01 09:39:27,21.83
0,2,22,2026-03-01 09:49:27,21.83
0,2,22,2026-03-01 09:59:27,21.83
0,2,22,2026-03-01 10:09:27,21.79
0,2,22,2026-03-01 10:19:27,21.83
0,2,22,2026-03-01 10:29:27,21.83
0,2,22,2026-03-01 10:39:27,21.79
0,2,22,2026-03-01 10:49:27,21.83
0,2,22,2026-03-01 10:59:27,21.83
0,2,22,2026-03-01 11:09:27,21.83
0,2,22,2026-03-01 11:19:27,21.79
0,2,22,2026-03-01 11:29:27,21.83
0,2,22,2026-03-01 11:39:27,21.83
0,2,22,2026-03-01 11:49:27,21.83
0,2,22,2026-03-01 11:59:27,21.83
0,2,22,2026-03-01 12:09:27,21.88
0,2,22,2026-03-01 12:19:27,21.79
0,2,22,2026-03-01 12:29:27,21.79
0,2,22,2026-03-01 12:39:27,21.83
0,2,22,2026-03-01 12:49:27,21.79
0,2,22,2026-03-01 12:59:27,21.79
0,2,22,2026-03-01 13:09:27,21.79
0,2,22,2026-03-01 13:19:27,21.88
0,2,22,2026-03-01 13:29:27,21.83
0,2,22,2026-03-01 13:39:27,21.88
0,2,22,2026-03-01 13:49:27,21.83
0,2,22,2026-03-01 13:59:27,21.79
0,2,22,2026-03-01 14:09:27,21.83
0,2,22,2026-03-01 14:19:27,21.83
0,2,22,2026-03-01 14:29:27,21.88
0,2,22,2026-03-01 14:39:27,21.79
0,2,22,2026-03-01 14:49:27,21.83
0,2,22,2026-03-01 14:59:27,21.79
0,2,22,2026-03-01 15:09:27,21.83
0,2,22,2026-03-01 15:19:27,21.83
0,2,22,2026-03-01 15:29:27,21.83
0,2,22,2026-03-01 15:39:27,21.83
0,2,22,2026-03-01 15:49:27,21.79
0,2,22,2026-03-01 15:59:27,21.83
0,2,22,2026-03-01 16:09:27,21.88
0,2,22,2026-03-01 16:19:27,21.79
0,2,22,2026-03-01 16:29:27,21.79
0,2,22,2026-03-01 16:39:27,21.83
0,2,22,2026-03-01 16:49:27,21.83
0,2,22,2026-03-01 16:59:27,21.83
0,2,22,2026-03-01 17:09:27,21.88
0,2,22,2026-03-01 17:19:27,21.79
0,2,22,2026-03-01 17:29:27,21.83
0,2,22,2026-03-01 17:39:27,21.83
0,2,22,2026-03-01 17:49:27,21.83
0,2,22,2026-03-01 17:59:27,21.88
0,2,22,2026-03-01 18:09:27,21.88
0,2,22,2026-03-01 18:19:27,21.83
0,2,22,2026-03-01 18:29:27,21.83
0,2,22,2026-03-01 18:39:27,21.88
0,2,22,2026-03-01 18:49:27,21.83
0,2,22,2026-03-01 18:59:27,21.79
0,2,22,2026-03-01 19:09:27,21.83
0,2,22,2026-03-01 19:19:27,21.79
0,2,22,2026-03-01 19:29:27,21.83
0,2,22,2026-03-01 19:39:27,21.83
0,2,22,2026-03-01 19:49:27,21.79
0,2,22,2026-03-01 19:59:27,21.79
0,2,22,2026-03-01 20:09:27,21.79
0,2,22,2026-03-01 20:19:27,21.83
0,2,22,2026-03-01 20:29:27,21.79
0,2,22,2026-03-01 20:39:27,21.79
0,2,22,2026-03-01 20:49:27,21.83
0,2,22,2026-03-01 20:59:27,21.79
0,2,22,2026-03-01 21:09:27,21.79
0,2,22,2026-03-01 21:19:27,21.79
0,2,22,2026-03-01 21:29:27,21.79
0,2,22,2026-03-01 21:39:27,21.79
0,2,22,2026-03-01 21:49:27,21.79
0,2,22,2026-03-01 21:59:27,21.83
0,2,22,2026-03-01 22:09:27,21.79
0,2,22,2026-03-01 22:19:27,21.79
0,2,22,2026-03-01 22:29:27,21.83
0,2,22,2026-03-01 22:39:27,21.83
0,2,22,2026-03-01 22:49:27,21.79
0,2,22,2026-03-01 22:59:27,21.83
0,2,22,2026-03-01 23:09:27,21.79
0,2,22,2026-03-01 23:19:27,21.79
0,2,22,2026-03-01 23:29:27,21.83
0,2,22,2026-03-01 23:39:27,21.83
0,2,22,2026-03-01 23:49:27,21.79
0,2,22,2026-03-01 23:59:27,21.88
0,2,22,2026-03-02 00:09:27,21.79
0,2,22,2026-03-02 00:19:27,21.83
0,2,22,2026-03-02 00:29:27,21.79
0,2,22,2026-03-02 00:39:27,21.83
0,2,22,2026-03-02 00:49:27,21.79
0,2,22,2026-03-02 00:59:27,21.79
0,2,22,2026-03-02 01:09:27,21.83
0,2,22,2026-03-02 01:19:27,21.79
0,2,22,2026-03-02 01:29:27,21.79
0,2,22,2026-03-02 01:39:27,21.83
0,2,22,2026-03-02 01:49:27,21.79
0,2,22,2026-03-02 01:59:27,21.79
0,2,22,2026-03-02 02:09:27,21.83
0,2,22,2026-03-02 02:19:27,21.83
0,2,22,2026-03-02 02:29:27,21.88
0,2,22,2026-03-02 02:39:27,21.79
0,2,22,2026-03-02 02:49:27,21.79
0,2,22,2026-03-02 02:59:27,21.79
0,2,22,2026-03-02 03:09:27,21.83
0,2,22,2026-03-02 03:19:27,21.83
0,2,22,2026-03-02 03:29:27,21.83
0,2,22,2026-03-02 03:39:27,21.79
0,2,22,2026-03-02 03:49:27,21.83
0,2,22,2026-03-02 03:59:27,21.79
0,2,22,2026-03-02 04:09:27,21.79
0,2,22,2026-03-02 04:19:27,21.83
0,2,22,2026-03-02 04:29:27,21.79
0,2,22,2026-03-02 04:39:27,21.79
0,2,22,2026-03-02 04:49:27,21.79
0,2,22,2026-03-02 04:59:27,21.79
0,2,22,2026-03-02 05:09:27,21.83
0,2,22,2026-03-02 05:19:27,21.83
0,2,22,2026-03-02 05:29:27,21.79
0,2,22,2026-03-02 05:39:27,21.79
0,2,22,2026-03-02 05:49:27,21.83
0,2,22,2026-03-02 05:59:27,21.79
0,2,22,2026-03-02 06:09:27,21.88
0,2,22,2026-03-02 06:19:27,21.83
0,2,22,2026-03-02 06:29:27,21.83
0,2,22,2026-03-02 06:39:27,21.88
0,2,22,2026-03-02 06:49:27,21.83
0,2,22,2026-03-02 06:59:27,21.79
0,2,22,2026-03-02 07:09:27,21.83
0,2,22,2026-03-02 07:19:27,21.83
0,2,22,2026-03-02 07:29:27,21.88
0,2,22,2026-03-02 07:39:27,21.83
0,2,22,2026-03-02 07:49:27,21.83
0,2,22,2026-03-02 07:59:27,21.79
0,2,22,2026-03-02 08:09:27,21.83
0,2,22,2026-03-02 08:19:27,21.83
0,2,22,2026-03-02 08:29:27,21.88
0,2,22,2026-03-02 08:39:27,21.83
0,2,22,2026-03-02 08:49:27,21.83
0,2,22,2026-03-02 08:59:27,21.88
0,2,22,2026-03-02 09:09:27,21.92
0,2,22,2026-03-02 09:19:27,21.83
0,2,22,2026-03-02 09:29:27,21.83
0,2,22,2026-03-02 09:39:27,21.83
0,2,22,2026-03-02 09:49:27,21.79
0,2,22,2026-03-02 09:59:27,21.83
0,2,22,2026-03-02 10:09:27,21.83
0,2,22,2026-03-02 10:19:27,21.83
0,2,22,2026-03-02 10:29:27,21.83
0,2,22,2026-03-02 10:39:27,21.88
0,2,22,2026-03-02 10:49:27,21.83
0,2,22,2026-03-02 10:59:27,21.88
0,2,22,2026-03-02 11:09:27,21.88
0,2,22,2026-03-02 11:19:27,21.83
0,2,22,2026-03-02 11:29:27,21.83
0,2,22,2026-03-02 11:39:27,21.83
0,2,22,2026-03-02 11:49:27,21.83
0,2,22,2026-03-02 11:59:27,21.88
0,2,22,2026-03-02 12:09:27,21.83
0,2,22,2026-03-02 12:19:27,21.88
0,2,22,2026-03-02 12:29:27,21.88
0,2,22,2026-03-02 12:39:27,21.83
0,2,22,2026-03-02 12:49:27,21.83
0,2,22,2026-03-02 12:59:27,21.88
0,2,22,2026-03-02 13:09:27,21.88
0,2,22,2026-03-02 13:19:27,21.88
0,2,22,2026-03-02 13:29:27,21.88
0,2,22,2026-03-02 13:39:27,21.83
0,2,22,2026-03-02 13:49:27,21.83
0,2,22,2026-03-02 13:59:27,21.79
0,2,22,2026-03-02 14:09:27,21.83
0,2,22,2026-03-02 14:19:27,21.79
0,2,22,2026-03-02 14:29:27,21.83
0,2,22,2026-03-02 14:39:27,21.7
0,2,22,2026-03-02 14:49:27,21.7
0,2,22,2026-03-02 14:59:27,21.66
0,2,22,2026-03-02 15:09:27,21.62
0,2,22,2026-03-02 15:19:27,21.62
0,2,22,2026-03-02 15:29:27,21.58
0,2,22,2026-03-02 15:39:27,21.58
0,2,22,2026-03-02 15:49:27,21.58
0,2,22,2026-03-02 15:59:27,21.62
0,2,22,2026-03-02 16:09:27,21.58
0,2,22,2026-03-02 16:19:27,21.53
0,2,22,2026-03-02 16:29:27,21.58
0,2,22,2026-03-02 16:39:27,21.62
0,2,22,2026-03-02 16:49:27,21.58
0,2,22,2026-03-02 16:59:27,21.62
0,2,22,2026-03-02 17:09:27,21.62
0,2,22,2026-03-02 17:19:27,21.58
0,2,22,2026-03-02 17:29:27,21.62
0,2,22,2026-03-02 17:39:27,21.62
0,2,22,2026-03-02 17:49:27,21.62
0,2,22,2026-03-02 17:59:27,21.66
0,2,22,2026-03-02 18:09:27,21.58
0,2,22,2026-03-02 18:19:27,21.62
0,2,22,2026-03-02 18:29:27,21.62
0,2,22,2026-03-02 18:39:27,21.62
0,2,22,2026-03-02 18:49:27,21.62
0,2,22,2026-03-02 18:59:27,21.62
0,2,22,2026-03-02 19:09:27,21.62
0,2,22,2026-03-02 19:19:27,21.62
0,2,22,2026-03-02 19:29:27,21.58
0,2,22,2026-03-02 19:39:27,21.62
0,2,22,2026-03-02 19:49:27,21.62
0,2,22,2026-03-02 19:59:27,21.62
0,2,22,2026-03-02 20:09:27,21.62
0,2,22,2026-03-02 20:19:27,21.62
0,2,22,2026-03-02 20:29:27,21.62
0,2,22,2026-03-02 20:39:27,21.62
0,2,22,2026-03-02 20:49:27,21.58
0,2,22,2026-03-02 20:59:27,21.62
0,2,22,2026-03-02 21:09:27,21.62
0,2,22,2026-03-02 21:19:27,21.66
0,2,22,2026-03-02 21:29:27,21.62
0,2,22,2026-03-02 21:39:27,21.62
0,2,22,2026-03-02 21:49:27,21.7
0,2,22,2026-03-02 21:59:27,21.58
0,2,22,2026-03-02 22:09:27,21.58
0,2,22,2026-03-02 22:19:27,21.62
0,2,22,2026-03-02 22:29:27,21.62
0,2,22,2026-03-02 22:39:27,21.62
0,2,22,2026-03-02 22:49:27,21.62
0,2,22,2026-03-02 22:59:27,21.58
0,2,22,2026-03-02 23:09:27,21.62
0,2,22,2026-03-02 23:19:27,21.62
0,2,22,2026-03-02 23:29:27,21.58
0,2,22,2026-03-02 23:39:27,21.62
0,2,22,2026-03-02 23:49:27,21.58
0,2,22,2026-03-02 23:59:27,21.62
0,2,22,2026-03-03 00:09:27,21.62
0,2,22,2026-03-03 00:19:27,21.62
0,2,22,2026-03-03 00:29:27,21.62
0,2,22,2026-03-03 00:39:27,21.62
0,2,22,2026-03-03 00:49:27,21.62
0,2,22,2026-03-03 00:59:27,21.62
0,2,22,2026-03-03 01:09:27,21.62
0,2,22,2026-03-03 01:19:27,21.66
0,2,22,2026-03-03 01:29:27,21.66
0,2,22,2026-03-03 01:39:27,21.62
0,2,22,2026-03-03 01:49:27,21.62
0,2,22,2026-03-03 01:59:27,21.58
0,2,22,2026-03-03 02:09:27,21.66
0,2,22,2026-03-03 02:19:27,21.62
0,2,22,2026-03-03 02:29:27,21.62
0,2,22,2026-03-03 02:39:27,21.62
0,2,22,2026-03-03 02:49:27,21.66
0,2,22,2026-03-03 02:59:27,21.62
0,2,22,2026-03-03 03:09:27,21.62
0,2,22,2026-03-03 03:19:27,21.62
0,2,22,2026-03-03 03:29:27,21.66
0,2,22,2026-03-03 03:39:27,21.66
0,2,22,2026-03-03 03:49:27,21.62
0,2,22,2026-03-03 03:59:27,21.62
0,2,22,2026-03-03 04:09:27,21.62
0,2,22,2026-03-03 04:19:27,21.62
0,2,22,2026-03-03 04:29:27,21.62
0,2,22,2026-03-03 04:39:27,21.62
0,2,22,2026-03-03 04:49:27,21.62
0,2,22,2026-03-03 04:59:27,21.62
0,2,22,2026-03-03 05:09:27,21.66
0,2,22,2026-03-03 05:19:27,21.66
0,2,22,2026-03-03 05:29:27,21.66
0,2,22,2026-03-03 05:39:27,21.62
0,2,22,2026-03-03 05:49:27,21.62
0,2,22,2026-03-03 05:59:27,21.62
0,2,22,2026-03-03 06:09:27,21.66
0,2,22,2026-03-03 06:19:27,21.62
0,2,22,2026-03-03 06:29:27,21.62
0,2,22,2026-03-03 06:39:27,21.62
0,2,22,2026-03-03 06:49:27,21.62
0,2,22,2026-03-03 06:59:27,21.62
0,2,22,2026-03-03 07:09:27,21.62
0,2,22,2026-03-03 07:19:27,21.66
0,2,22,2026-03-03 07:29:27,21.7
0,2,22,2026-03-03 07:39:27,21.62
0,2,22,2026-03-03 07:49:27,21.66
0,2,22,2026-03-03 07:59:27,21.66
0,2,22,2026-03-03 08:09:27,21.62
0,2,22,2026-03-03 08:19:27,21.66
0,2,22,2026-03-03 08:29:27,21.7
0,2,22,2026-03-03 08:39:27,21.66
0,2,22,2026-03-03 08:49:27,21.66
0,2,22,2026-03-03 08:59:27,21.7
0,2,22,2026-03-03 09:09:27,21.66
0,2,22,2026-03-03 09:19:27,21.66
0,2,22,2026-03-03 09:29:27,21.62
0,2,22,2026-03-03 09:39:27,21.62
0,2,22,2026-03-03 09:49:27,21.7
0,2,22,2026-03-03 09:59:27,21.7
0,2,22,2026-03-03 10:09:27,21.66
0,2,22,2026-03-03 10:19:27,21.7
0,2,22,2026-03-03 10:29:27,21.66
0,2,22,2026-03-03 10:39:27,21.66
0,2,22,2026-03-03 10:49:27,21.66
0,2,22,2026-03-03 10:59:27,21.66
0,2,22,2026-03-03 11:09:27,21.62
0,2,22,2026-03-03 11:19:27,21.7
0,2,22,2026-03-03 11:29:27,21.66
0,2,22,2026-03-03 11:39:27,21.66
0,2,22,2026-03-03 11:49:27,21.7
0,2,22,2026-03-03 11:59:27,21.7
0,2,22,2026-03-03 12:09:27,21.7
0,2,22,2026-03-03 12:19:27,21.75
0,2,22,2026-03-03 12:29:27,21.66
0,2,22,2026-03-03 12:39:27,21.66
0,2,22,2026-03-03 12:49:27,21.7
0,2,22,2026-03-03 12:59:27,21.66
0,2,22,2026-03-03 13:09:27,21.62
0,2,22,2026-03-03 13:19:27,21.62
0,2,22,2026-03-03 13:29:27,21.62
0,2,22,2026-03-03 13:39:27,21.7
0,2,22,2026-03-03 13:49:27,21.62
0,2,22,2026-03-03 13:59:27,21.66
0,2,22,2026-03-03 14:09:27,21.62
0,2,22,2026-03-03 14:19:27,21.62
0,2,22,2026-03-03 14:29:27,21.66
0,2,22,2026-03-03 14:39:27,21.62
0,2,22,2026-03-03 14:49:27,21.62
0,2,22,2026-03-03 14:59:27,21.62
0,2,22,2026-03-03 15:09:27,21.62
0,2,22,2026-03-03 15:19:27,21.7
0,2,22,2026-03-03 15:29:27,21.62
0,2,22,2026-03-03 15:39:27,21.62
0,2,22,2026-03-03 15:49:27,21.62
0,2,22,2026-03-03 15:59:27,21.66
0,2,22,2026-03-03 16:09:27,21.62
0,2,22,2026-03-03 16:19:27,21.62
0,2,22,2026-03-03 16:29:27,21.62
0,2,22,2026-03-03 16:39:27,21.62
0,2,22,2026-03-03 16:49:27,21.66
0,2,22,2026-03-03 16:59:27,21.66
0,2,22,2026-03-03 17:09:27,21.62
0,2,22,2026-03-03 17:19:27,21.7
0,2,22,2026-03-03 17:29:27,21.62
0,2,22,2026-03-03 17:39:27,21.66
0,2,22,2026-03-03 17:49:27,21.7
0,2,22,2026-03-03 17:59:27,21.62
0,2,22,2026-03-03 18:09:27,21.66
0,2,22,2026-03-03 18:19:27,21.62
0,2,22,2026-03-03 18:29:27,21.7
0,2,22,2026-03-03 18:39:27,21.62
0,2,22,2026-03-03 18:49:27,21.7
0,2,22,2026-03-03 18:59:27,21.66
0,2,22,2026-03-03 19:09:27,21.66
0,2,22,2026-03-03 19:19:27,21.7
0,2,22,2026-03-03 19:29:27,21.62
0,2,22,2026-03-03 19:39:27,21.62
0,2,22,2026-03-03 19:49:27,21.62
0,2,22,2026-03-03 19:59:27,21.58
0,2,22,2026-03-03 20:09:27,21.66
0,2,22,2026-03-03 20:19:27,21.66
0,2,22,2026-03-03 20:29:27,21.58
0,2,22,2026-03-03 20:39:27,21.62
0,2,22,2026-03-03 20:49:27,21.62
0,2,22,2026-03-03 20:59:27,21.62
0,2,22,2026-03-03 21:09:27,21.58
0,2,22,2026-03-03 21:19:27,21.66
0,2,22,2026-03-03 21:29:27,21.62
0,2,22,2026-03-03 21:39:27,21.62
0,2,22,2026-03-03 21:49:27,21.62
0,2,22,2026-03-03 21:59:27,21.62
0,2,22,2026-03-03 22:09:27,21.62
0,2,22,2026-03-03 22:19:27,21.62
0,2,22,2026-03-03 22:29:27,21.62
0,2,22,2026-03-03 22:39:27,21.66
0,2,22,2026-03-03 22:49:27,21.66
0,2,22,2026-03-03 22:59:27,21.62
0,2,22,2026-03-03 23:09:27,21.62
0,2,22,2026-03-03 23:19:27,21.62
0,2,22,2026-03-03 23:29:27,21.62
0,2,22,2026-03-03 23:39:27,21.62
0,2,22,2026-03-03 23:49:27,21.62
0,2,22,2026-03-03 23:59:27,21.62
0,2,22,2026-03-04 00:09:27,21.62
0,2,22,2026-03-04 00:19:27,21.62
0,2,22,2026-03-04 00:29:27,21.58
0,2,22,2026-03-04 00:39:27,21.62
0,2,22,2026-03-04 00:49:27,21.62
0,2,22,2026-03-04 00:59:27,21.62
0,2,22,2026-03-04 01:09:27,21.66
0,2,22,2026-03-04 01:19:27,21.62
0,2,22,2026-03-04 01:29:27,21.62
0,2,22,2026-03-04 01:39:27,21.66
0,2,22,2026-03-04 01:49:27,21.62
0,2,22,2026-03-04 01:59:27,21.62
0,2,22,2026-03-04 02:09:27,21.66
0,2,22,2026-03-04 02:19:27,21.62
0,2,22,2026-03-04 02:29:27,21.66
0,2,22,2026-03-04 02:39:27,21.62
0,2,22,2026-03-04 02:49:27,21.62
0,2,22,2026-03-04 02:59:27,21.62
0,2,22,2026-03-04 03:09:27,21.62
0,2,22,2026-03-04 03:19:27,21.66
0,2,22,2026-03-04 03:29:27,21.62
0,2,22,2026-03-04 03:39:27,21.62
0,2,22,2026-03-04 03:49:27,21.62
0,2,22,2026-03-04 03:59:27,21.62
0,2,22,2026-03-04 04:09:27,21.62
0,2,22,2026-03-04 04:19:27,21.66
0,2,22,2026-03-04 04:29:27,21.62
0,2,22,2026-03-04 04:39:27,21.62
0,2,22,2026-03-04 04:49:27,21.62
0,2,22,2026-03-04 04:59:27,21.62
0,2,22,2026-03-04 05:09:27,21.62
0,2,22,2026-03-04 05:19:27,21.62
0,2,22,2026-03-04 05:29:27,21.62
0,2,22,2026-03-04 05:39:27,21.62
0,2,22,2026-03-04 05:49:27,21.66
0,2,22,2026-03-04 05:59:27,21.62
0,2,22,2026-03-04 06:09:27,21.62
0,2,22,2026-03-04 06:19:27,21.62
0,2,22,2026-03-04 06:29:27,21.66
0,2,22,2026-03-04 06:39:27,21.62
0,2,22,2026-03-04 06:49:27,21.62
0,2,22,2026-03-04 06:59:27,21.62
0,2,22,2026-03-04 07:09:27,21.7
0,2,22,2026-03-04 07:19:27,21.62
0,2,22,2026-03-04 07:29:27,21.62
0,2,22,2026-03-04 07:39:27,21.66
0,2,22,2026-03-04 07:49:27,21.62
0,2,22,2026-03-04 07:59:27,21.62
0,2,22,2026-03-04 08:09:27,21.66
0,2,22,2026-03-04 08:19:27,21.7
0,2,22,2026-03-04 08:29:27,21.7
0,2,22,2026-03-04 08:39:27,21.66
0,2,22,2026-03-04 08:49:27,21.7
0,2,22,2026-03-04 08:59:27,21.7
0,2,22,2026-03-04 09:09:27,21.7
0,2,22,2026-03-04 09:19:27,21.66
0,2,22,2026-03-04 09:29:27,21.66
0,2,22,2026-03-04 09:39:27,21.66
0,2,22,2026-03-04 09:49:27,21.62
0,2,22,2026-03-04 09:59:27,21.66
0,2,22,2026-03-04 10:09:27,21.66
0,2,22,2026-03-04 10:19:27,21.66
0,2,22,2026-03-04 10:29:27,21.62
0,2,22,2026-03-04 10:39:27,21.66
0,2,22,2026-03-04 10:49:27,21.62
0,2,22,2026-03-04 10:59:27,21.66
0,2,22,2026-03-04 11:09:27,21.62
0,2,22,2026-03-04 11:19:27,21.66
0,2,22,2026-03-04 11:29:27,21.58
0,2,22,2026-03-04 11:39:27,21.7
0,2,22,2026-03-04 11:49:27,21.66
0,2,22,2026-03-04 11:59:27,21.66
0,2,22,2026-03-04 12:09:27,21.7
0,2,22,2026-03-04 12:19:27,21.66
0,2,22,2026-03-04 12:29:27,21.66
0,2,22,2026-03-04 12:39:27,21.66
0,2,22,2026-03-04 12:49:27,21.62
0,2,22,2026-03-04 12:59:27,21.66
0,2,22,2026-03-04 13:09:27,21.7
0,2,22,2026-03-04 13:19:27,21.7
0,2,22,2026-03-04 13:29:27,21.7
0,2,22,2026-03-04 13:39:27,21.66
0,2,22,2026-03-04 13:49:27,21.7
0,2,22,2026-03-04 13:59:27,21.62
0,2,22,2026-03-04 14:09:27,21.66
0,2,22,2026-03-04 14:19:27,21.62
0,2,22,2026-03-04 14:29:27,21.62
0,2,22,2026-03-04 14:39:27,21.66
0,2,22,2026-03-04 14:49:27,21.66
0,2,22,2026-03-04 14:59:27,21.62
0,2,22,2026-03-04 15:09:27,21.66
0,2,22,2026-03-04 15:19:27,21.66
0,2,22,2026-03-04 15:29:27,21.62
0,2,22,2026-03-04 15:39:27,21.62
0,2,22,2026-03-04 15:49:27,21.7
0,2,22,2026-03-04 15:59:27,21.66
0,2,22,2026-03-04 16:09:27,21.66
0,2,22,2026-03-04 16:19:27,21.62
0,2,22,2026-03-04 16:29:27,21.62
0,2,22,2026-03-04 16:39:27,21.66
0,2,22,2026-03-04 16:49:27,21.66
0,2,22,2026-03-04 16:59:27,21.62
0,2,22,2026-03-04 17:09:27,21.62
0,2,22,2026-03-04 17:19:27,21.7
0,2,22,2026-03-04 17:29:27,21.66
0,2,22,2026-03-04 17:39:27,21.62
0,2,22,2026-03-04 17:49:27,21.66
0,2,22,2026-03-04 17:59:27,21.66
0,2,22,2026-03-04 18:09:27,21.62
0,2,22,2026-03-04 18:19:27,21.66
0,2,22,2026-03-04 18:29:27,21.66
0,2,22,2026-03-04 18:39:27,21.7
0,2,22,2026-03-04 18:49:27,21.66
0,2,22,2026-03-04 18:59:27,21.66
0,2,22,2026-03-04 19:09:27,21.62
0,2,22,2026-03-04 19:19:27,21.62
0,2,22,2026-03-04 19:29:27,21.62
0,2,22,2026-03-04 19:39:27,21.62
0,2,22,2026-03-04 19:49:27,21.62
0,2,22,2026-03-04 19:59:27,21.62
0,2,22,2026-03-04 20:09:27,21.62
0,2,22,2026-03-04 20:19:27,21.58
0,2,22,2026-03-04 20:29:27,21.62
0,2,22,2026-03-04 20:39:27,21.62
0,2,22,2026-03-04 20:49:27,21.62
0,2,22,2026-03-04 20:59:27,21.58
0,2,22,2026-03-04 21:09:27,21.62
0,2,22,2026-03-04 21:19:27,21.62
0,2,22,2026-03-04 21:29:27,21.58
0,2,22,2026-03-04 21:39:27,21.62
0,2,22,2026-03-04 21:49:27,21.62
0,2,22,2026-03-04 21:59:27,21.62
0,2,22,2026-03-04 22:09:27,21.62
0,2,22,2026-03-04 22:19:27,21.62
0,2,22,2026-03-04 22:29:27,21.62
0,2,22,2026-03-04 22:39:27,21.62
0,2,22,2026-03-04 22:49:27,21.62
0,2,22,2026-03-04 22:59:27,21.62
0,2,22,2026-03-04 23:09:27,21.58
0,2,22,2026-03-04 23:19:27,21.62
0,2,22,2026-03-04 23:29:27,21.62
0,2,22,2026-03-04 23:39:27,21.62
0,2,22,2026-03-04 23:49:27,21.62
0,2,22,2026-03-04 23:59:27,21.62
0,2,22,2026-03-05 00:09:27,21.62
0,2,22,2026-03-05 00:19:27,21.62
0,2,22,2026-03-05 00:29:27,21.62
0,2,22,2026-03-05 00:39:27,21.62
0,2,22,2026-03-05 00:49:27,21.66
0,2,22,2026-03-05 00:59:27,21.58
0,2,22,2026-03-05 01:09:27,21.62
0,2,22,2026-03-05 01:19:27,21.66
0,2,22,2026-03-05 01:29:27,21.62
0,2,22,2026-03-05 01:39:27,21.58
0,2,22,2026-03-05 01:49:27,21.62
0,2,22,2026-03-05 01:59:27,21.62
0,2,22,2026-03-05 02:09:27,21.62
0,2,22,2026-03-05 02:19:27,21.62
0,2,22,2026-03-05 02:29:27,21.62
0,2,22,2026-03-05 02:39:27,21.58
0,2,22,2026-03-05 02:49:27,21.58
0,2,22,2026-03-05 02:59:27,21.58
0,2,22,2026-03-05 03:09:27,21.62
0,2,22,2026-03-05 03:19:27,21.62
0,2,22,2026-03-05 03:29:27,21.58
0,2,22,2026-03-05 03:39:27,21.62
0,2,22,2026-03-05 03:49:27,21.62
0,2,22,2026-03-05 03:59:27,21.62
0,2,22,2026-03-05 04:09:27,21.58
0,2,22,2026-03-05 04:19:27,21.62
0,2,22,2026-03-05 04:29:27,21.62
0,2,22,2026-03-05 04:39:27,21.7
0,2,22,2026-03-05 04:49:27,21.62
0,2,22,2026-03-05 04:59:27,21.62
0,2,22,2026-03-05 05:09:27,21.62
0,2,22,2026-03-05 05:19:27,21.62
0,2,22,2026-03-05 05:29:27,21.66
0,2,22,2026-03-05 05:39:27,21.7
0,2,22,2026-03-05 05:49:27,21.62
0,2,22,2026-03-05 05:59:27,21.66
0,2,22,2026-03-05 06:09:27,21.66
0,2,22,2026-03-05 06:19:27,21.66
0,2,22,2026-03-05 06:29:27,21.62
0,2,22,2026-03-05 06:39:27,21.62
0,2,22,2026-03-05 06:49:27,21.62
0,2,22,2026-03-05 06:59:27,21.62
0,2,22,2026-03-05 07:09:27,21.62
0,2,22,2026-03-05 07:19:27,21.66
0,2,22,2026-03-05 07:29:27,21.62
0,2,22,2026-03-05 07:39:27,21.62
0,2,22,2026-03-05 07:49:27,21.62
0,2,22,2026-03-05 07:59:27,21.62
0,2,22,2026-03-05 08:09:27,21.66
0,2,22,2026-03-05 08:19:27,21.62
0,2,22,2026-03-05 08:29:27,21.62
0,2,22,2026-03-05 08:39:27,21.7
0,2,22,2026-03-05 08:49:27,21.66
0,2,22,2026-03-05 08:59:27,21.66
0,2,22,2026-03-05 09:09:27,21.62
0,2,22,2026-03-05 09:19:27,21.7
0,2,22,2026-03-05 09:29:27,21.58
0,2,22,2026-03-05 09:39:27,21.62
0,2,22,2026-03-05 09:49:27,21.66
0,2,22,2026-03-05 09:59:27,21.66
0,2,22,2026-03-05 10:09:27,21.7
0,2,22,2026-03-05 10:19:27,21.7
0,2,22,2026-03-05 10:29:27,21.62
0,2,22,2026-03-05 10:39:27,21.66
0,2,22,2026-03-05 10:49:27,21.66
0,2,22,2026-03-05 10:59:27,21.66
0,2,22,2026-03-05 11:09:27,21.62
0,2,22,2026-03-05 11:19:27,21.66
0,2,22,2026-03-05 11:29:27,21.7
0,2,22,2026-03-05 11:39:27,21.7
0,2,22,2026-03-05 11:49:27,21.7
0,2,22,2026-03-05 11:59:27,21.7
0,2,22,2026-03-05 12:09:27,21.7
0,2,22,2026-03-05 12:19:27,21.62
0,2,22,2026-03-05 12:29:27,21.66
0,2,22,2026-03-05 12:39:27,21.66
0,2,22,2026-03-05 12:49:27,21.66
0,2,22,2026-03-05 12:59:27,21.62
0,2,22,2026-03-05 13:09:27,21.62
0,2,22,2026-03-05 13:19:27,21.62
0,2,22,2026-03-05 13:29:27,21.7
0,2,22,2026-03-05 13:39:27,21.66
0,2,22,2026-03-05 13:49:27,21.66
0,2,22,2026-03-05 13:59:27,21.66
0,2,22,2026-03-05 14:09:27,21.66
0,2,22,2026-03-05 14:19:27,21.62
0,2,22,2026-03-05 14:29:27,21.66
0,2,22,2026-03-05 14:39:27,21.7
0,2,22,2026-03-05 14:49:27,21.66
0,2,22,2026-03-05 14:59:27,21.62
0,2,22,2026-03-05 15:09:27,21.66
0,2,22,2026-03-05 15:19:27,21.62
0,2,22,2026-03-05 15:29:27,21.62
0,2,22,2026-03-05 15:39:27,21.62
0,2,22,2026-03-05 15:49:27,21.58
0,2,22,2026-03-05 15:59:27,21.58
0,2,22,2026-03-05 16:09:27,21.58
0,2,22,2026-03-05 16:19:27,21.53
0,2,22,2026-03-05 16:29:27,21.58
0,2,22,2026-03-05 16:39:27,21.53
0,2,22,2026-03-05 16:49:27,21.53
0,2,22,2026-03-05 16:59:27,21.58
0,2,22,2026-03-05 17:09:27,21.53
0,2,22,2026-03-05 17:19:27,21.49
0,2,22,2026-03-05 17:29:27,21.53
0,2,22,2026-03-05 17:39:27,21.49
0,2,22,2026-03-05 17:49:27,21.58
0,2,22,2026-03-05 17:59:27,21.49
0,2,22,2026-03-05 18:09:27,21.49
0,2,22,2026-03-05 18:19:27,21.45
0,2,22,2026-03-05 18:29:27,21.49
0,2,22,2026-03-05 18:39:27,21.53
0,2,22,2026-03-05 18:49:27,21.49
0,2,22,2026-03-05 18:59:27,21.53
0,2,22,2026-03-05 19:09:27,21.49
0,2,22,2026-03-05 19:19:27,21.45
0,2,22,2026-03-05 19:29:27,21.49
0,2,22,2026-03-05 19:39:27,21.45
0,2,22,2026-03-05 19:49:27,21.45
0,2,22,2026-03-05 19:59:27,21.49
0,2,22,2026-03-05 20:09:27,21.49
0,2,22,2026-03-05 20:19:27,21.45
0,2,22,2026-03-05 20:29:27,21.45
0,2,22,2026-03-05 20:39:27,21.49
0,2,22,2026-03-05 20:49:27,21.45
0,2,22,2026-03-05 20:59:27,21.45
0,2,22,2026-03-05 21:09:27,21.49
0,2,22,2026-03-05 21:19:27,21.49
0,2,22,2026-03-05 21:29:27,21.45
0,2,22,2026-03-05 21:39:27,21.45
0,2,22,2026-03-05 21:49:27,21.45
0,2,22,2026-03-05 21:59:27,21.45
0,2,22,2026-03-05 22:09:27,21.49
0,2,22,2026-03-05 22:19:27,21.49
0,2,22,2026-03-05 22:29:27,21.45
0,2,22,2026-03-05 22:39:27,21.45
0,2,22,2026-03-05 22:49:27,21.53
0,2,22,2026-03-05 22:59:27,21.45
0,2,22,2026-03-05 23:09:27,21.49
0,2,22,2026-03-05 23:19:27,21.45
0,2,22,2026-03-05 23:29:27,21.45
0,2,22,2026-03-05 23:39:27,21.45
0,2,22,2026-03-05 23:49:27,21.49
0,2,22,2026-03-05 23:59:27,21.45
0,2,22,2026-03-06 00:09:27,21.45
0,2,22,2026-03-06 00:19:27,21.49
0,2,22,2026-03-06 00:29:27,21.49
0,2,22,2026-03-06 00:39:27,21.45
0,2,22,2026-03-06 00:49:27,21.45
0,2,22,2026-03-06 00:59:27,21.49
0,2,22,2026-03-06 01:09:27,21.49
0,2,22,2026-03-06 01:19:27,21.45
0,2,22,2026-03-06 01:29:27,21.49
0,2,22,2026-03-06 01:39:27,21.49
0,2,22,2026-03-06 01:49:27,21.49
0,2,22,2026-03-06 01:59:27,21.45
0,2,22,2026-03-06 02:09:27,21.49
0,2,22,2026-03-06 02:19:27,21.49
0,2,22,2026-03-06 02:29:27,21.49
0,2,22,2026-03-06 02:39:27,21.49
0,2,22,2026-03-06 02:49:27,21.49
0,2,22,2026-03-06 02:59:27,21.49
0,2,22,2026-03-06 03:09:27,21.49
0,2,22,2026-03-06 03:19:27,21.49
0,2,22,2026-03-06 03:29:27,21.49
0,2,22,2026-03-06 03:39:27,21.49
0,2,22,2026-03-06 03:49:27,21.49
0,2,22,2026-03-06 03:59:27,21.49
0,2,22,2026-03-06 04:09:27,21.49
0,2,22,2026-03-06 04:19:27,21.49
0,2,22,2026-03-06 04:29:27,21.49
0,2,22,2026-03-06 04:39:27,21.45
0,2,22,2026-03-06 04:49:27,21.45
0,2,22,2026-03-06 04:59:27,21.49
0,2,22,2026-03-06 05:09:27,21.49
0,2,22,2026-03-06 05:19:27,21.49
0,2,22,2026-03-06 05:29:27,21.49
0,2,22,2026-03-06 05:39:27,21.49
0,2,22,2026-03-06 05:49:27,21.49
0,2,22,2026-03-06 05:59:27,21.49
0,2,22,2026-03-06 06:09:27,21.49
0,2,22,2026-03-06 06:19:27,21.49
0,2,22,2026-03-06 06:29:27,21.45
0,2,22,2026-03-06 06:39:27,21.45
0,2,22,2026-03-06 06:49:27,21.45
0,2,22,2026-03-06 06:59:27,21.49
0,2,22,2026-03-06 07:09:27,21.45
0,2,22,2026-03-06 07:19:27,21.49
0,2,22,2026-03-06 07:29:27,21.49
0,2,22,2026-03-06 07:39:27,21.53
0,2,22,2026-03-06 07:49:27,21.49
0,2,22,2026-03-06 07:59:27,21.49
0,2,22,2026-03-06 08:09:27,21.53
0,2,22,2026-03-06 08:19:27,21.58
0,2,22,2026-03-06 08:29:27,21.53
0,2,22,2026-03-06 08:39:27,21.45
0,2,22,2026-03-06 08:49:27,21.49
0,2,22,2026-03-06 08:59:27,21.45
0,2,22,2026-03-06 09:09:27,21.49
0,2,22,2026-03-06 09:19:27,21.53
0,2,22,2026-03-06 09:29:27,21.49
0,2,22,2026-03-06 09:39:27,21.53
0,2,22,2026-03-06 09:49:27,21.53
0,2,22,2026-03-06 09:59:27,21.49
0,2,22,2026-03-06 10:09:27,21.53
0,2,22,2026-03-06 10:19:27,21.49
0,2,22,2026-03-06 10:29:27,21.49
0,2,22,2026-03-06 10:39:27,21.53
0,2,22,2026-03-06 10:49:27,21.49
0,2,22,2026-03-06 10:59:27,21.53
0,2,22,2026-03-06 11:09:27,21.53
0,2,22,2026-03-06 11:19:27,21.45
0,2,22,2026-03-06 11:29:27,21.49
0,2,22,2026-03-06 11:39:27,21.53
0,2,22,2026-03-06 11:49:27,21.49
0,2,22,2026-03-06 11:59:27,21.45
0,2,22,2026-03-06 12:09:27,21.49
0,2,22,2026-03-06 12:19:27,21.53
0,2,22,2026-03-06 12:29:27,21.49
1,1,16,2026-02-08 15:00:12,22.35
1,1,16,2026-02-08 15:10:12,16.81
1,1,16,2026-02-08 15:20:12,15.06
1,1,16,2026-02-08 15:30:12,14.54
1,1,16,2026-02-08 15:40:12,14.37
1,1,16,2026-02-08 15:50:12,14.37
1,1,16,2026-02-08 16:00:12,14.37
1,1,16,2026-02-08 16:10:12,14.41
1,1,16,2026-02-08 16:20:12,14.45
1,1,16,2026-02-08 16:30:12,14.45
1,1,16,2026-02-08 16:40:12,14.45
1,1,16,2026-02-08 16:50:12,14.41
1,1,16,2026-02-08 17:00:12,14.63
1,1,16,2026-02-08 17:10:12,14.2
1,1,16,2026-02-08 17:20:12,14.03
1,1,16,2026-02-08 17:30:12,13.98
1,1,16,2026-02-08 17:40:12,13.94
1,1,16,2026-02-08 17:50:12,13.94
1,1,16,2026-02-08 18:00:12,13.94
1,1,16,2026-02-08 18:10:12,13.94
1,1,16,2026-02-08 18:20:12,13.98
1,1,16,2026-02-08 18:30:12,13.94
1,1,16,2026-02-08 18:40:12,13.98
1,1,16,2026-02-08 18:50:12,13.98
1,1,16,2026-02-08 19:00:12,13.98
1,1,16,2026-02-08 19:10:12,14.03
1,1,16,2026-02-08 19:20:12,14.03
1,1,16,2026-02-08 19:30:12,13.98
1,1,16,2026-02-08 19:40:12,14.03
1,1,16,2026-02-08 19:50:12,14.03
1,1,16,2026-02-08 20:00:12,13.98
1,1,16,2026-02-08 20:10:12,13.98
1,1,16,2026-02-08 20:20:12,14.07
1,1,16,2026-02-08 20:30:12,14.03
1,1,16,2026-02-08 20:40:12,14.03
1,1,16,2026-02-08 20:50:12,14.03
1,1,16,2026-02-08 21:00:12,13.98
1,1,16,2026-02-08 21:10:12,13.98
1,1,16,2026-02-08 21:20:12,13.98
1,1,16,2026-02-08 21:30:12,14.07
1,1,16,2026-02-08 21:40:12,14.03
1,1,16,2026-02-08 21:50:12,14.03
1,1,16,2026-02-08 22:00:12,14.07
1,1,16,2026-02-08 22:10:12,14.07
1,1,16,2026-02-08 22:20:12,14.03
1,1,16,2026-02-08 22:30:12,14.03
1,1,16,2026-02-08 22:40:12,14.07
1,1,16,2026-02-08 22:50:12,14.07
1,1,16,2026-02-08 23:00:12,14.07
1,1,16,2026-02-08 23:10:12,14.11
1,1,16,2026-02-08 23:20:12,14.07
1,1,16,2026-02-08 23:30:12,14.07
1,1,16,2026-02-08 23:40:12,14.03
1,1,16,2026-02-08 23:50:12,14.03
1,1,16,2026-02-09 00:00:12,14.07
1,1,16,2026-02-09 00:10:12,14.03
1,1,16,2026-02-09 00:20:12,14.07
1,1,16,2026-02-09 00:30:12,14.07
1,1,16,2026-02-09 00:40:12,14.07
1,1,16,2026-02-09 00:50:12,14.07
1,1,16,2026-02-09 01:00:12,14.07
1,1,16,2026-02-09 01:10:12,14.11
1,1,16,2026-02-09 01:20:12,14.03
1,1,16,2026-02-09 01:30:12,14.07
1,1,16,2026-02-09 01:40:12,14.07
1,1,16,2026-02-09 01:50:12,14.11
1,1,16,2026-02-09 02:00:12,14.07
1,1,16,2026-02-09 02:10:12,14.07
1,1,16,2026-02-09 02:20:12,14.11
1,1,16,2026-02-09 02:30:12,14.07
1,1,16,2026-02-09 02:40:12,14.07
1,1,16,2026-02-09 02:50:12,14.07
1,1,16,2026-02-09 03:00:12,14.03
1,1,16,2026-02-09 03:10:12,14.07
1,1,16,2026-02-09 03:20:12,14.07
1,1,16,2026-02-09 03:30:12,14.07
1,1,16,2026-02-09 03:40:12,14.07
1,1,16,2026-02-09 03:50:12,14.07
1,1,16,2026-02-09 04:00:12,14.03
1,1,16,2026-02-09 04:10:12,14.11
1,1,16,2026-02-09 04:20:12,14.15
1,1,16,2026-02-09 04:30:12,14.11
1,1,16,2026-02-09 04:40:12,14.07
1,1,16,2026-02-09 04:50:12,14.07
1,1,16,2026-02-09 05:00:12,14.07
1,1,16,2026-02-09 05:10:12,14.07
1,1,16,2026-02-09 05:20:12,14.11
1,1,16,2026-02-09 05:30:12,14.07
1,1,16,2026-02-09 05:40:12,14.07
1,1,16,2026-02-09 05:50:12,14.07
1,1,16,2026-02-09 06:00:12,14.07
1,1,16,2026-02-09 06:10:12,14.07
1,1,16,2026-02-09 06:20:12,14.11
1,1,16,2026-02-09 06:30:12,14.07
1,1,16,2026-02-09 06:40:12,14.11
1,1,16,2026-02-09 06:50:12,14.07
1,1,16,2026-02-09 07:00:12,14.07
1,1,16,2026-02-09 07:10:12,14.07
1,1,16,2026-02-09 07:20:12,14.11
1,1,16,2026-02-09 07:30:12,14.11
1,1,16,2026-02-09 07:40:12,14.15
1,1,16,2026-02-09 07:50:12,14.24
1,1,16,2026-02-09 08:00:12,14.2
1,1,16,2026-02-09 08:10:12,14.2
1,1,16,2026-02-09 08:20:12,14.11
1,1,16,2026-02-09 08:30:12,14.11
1,1,16,2026-02-09 08:40:12,13.98
1,1,16,2026-02-09 08:50:12,14.28
1,1,16,2026-02-09 09:00:12,14.28
1,1,16,2026-02-09 09:10:12,14.28
1,1,16,2026-02-09 09:20:12,14.28
1,1,16,2026-02-09 09:30:12,14.28
1,1,16,2026-02-09 09:40:12,14.33
1,1,16,2026-02-09 09:50:12,14.28
1,1,16,2026-02-09 10:00:12,14.15
1,1,16,2026-02-09 10:10:12,14.15
1,1,16,2026-02-09 10:20:12,14.07
1,1,16,2026-02-09 10:30:12,14.15
1,1,16,2026-02-09 10:40:12,14.15
1,1,16,2026-02-09 10:50:12,14.11
1,1,16,2026-02-09 11:00:12,14.11
1,1,16,2026-02-09 11:10:12,14.11
1,1,16,2026-02-09 11:20:12,14.15
1,1,16,2026-02-09 11:30:12,14.11
1,1,16,2026-02-09 11:40:12,14.11
1,1,16,2026-02-09 11:50:12,14.15
1,1,16,2026-02-09 12:00:12,14.11
1,1,16,2026-02-09 12:10:12,14.11
1,1,16,2026-02-09 12:20:12,14.11
1,1,16,2026-02-09 12:30:12,14.15
1,1,16,2026-02-09 12:40:12,14.11
1,1,16,2026-02-09 12:50:12,14.11
1,1,16,2026-02-09 13:00:12,14.11
1,1,16,2026-02-09 13:10:12,14.15
1,1,16,2026-02-09 13:20:12,14.11
1,1,16,2026-02-09 13:30:12,14.15
1,1,16,2026-02-09 13:40:12,14.07
1,1,16,2026-02-09 13:50:12,14.2
1,1,16,2026-02-09 14:00:12,14.15
1,1,16,2026-02-09 14:10:12,14.2
1,1,16,2026-02-09 14:20:12,14.11
1,1,16,2026-02-09 14:30:12,14.11
1,1,16,2026-02-09 14:40:12,14.15
1,1,16,2026-02-09 14:50:12,14.15
1,1,16,2026-02-09 15:00:12,14.2
1,1,16,2026-02-09 15:10:12,14.15
1,1,16,2026-02-09 15:20:12,14.15
1,1,16,2026-02-09 15:30:12,14.15
1,1,16,2026-02-09 15:40:12,14.15
1,1,16,2026-02-09 15:50:12,14.15
1,1,16,2026-02-09 16:00:12,14.11
1,1,16,2026-02-09 16:10:12,14.03
1,1,16,2026-02-09 16:20:12,14.07
1,1,16,2026-02-09 16:30:12,14.03
1,1,16,2026-02-09 16:40:12,13.98
1,1,16,2026-02-09 16:50:12,14.11
1,1,16,2026-02-09 17:00:12,14.2
1,1,16,2026-02-09 17:10:12,13.68
1,1,16,2026-02-09 17:20:12,13.68
1,1,16,2026-02-09 17:30:12,13.73
1,1,16,2026-02-09 17:40:12,13.68
1,1,16,2026-02-09 17:50:12,13.9
1,1,16,2026-02-09 18:00:12,13.77
1,1,16,2026-02-09 18:10:12,13.73
1,1,16,2026-02-09 18:20:12,13.77
1,1,16,2026-02-09 18:30:12,13.81
1,1,16,2026-02-09 18:40:12,13.9
1,1,16,2026-02-09 18:50:12,13.9
1,1,16,2026-02-09 19:00:12,13.9
1,1,16,2026-02-09 19:10:12,13.85
1,1,16,2026-02-09 19:20:12,13.9
1,1,16,2026-02-09 19:30:12,13.85
1,1,16,2026-02-09 19:40:12,13.98
1,1,16,2026-02-09 19:50:12,14.75
1,1,16,2026-02-09 20:00:12,15.18
1,1,16,2026-02-09 20:10:12,15.23
1,1,16,2026-02-09 20:20:12,15.18
1,1,16,2026-02-09 20:30:12,15.23
1,1,16,2026-02-09 20:40:12,15.23
1,1,16,2026-02-09 20:50:12,15.18
1,1,16,2026-02-09 21:00:12,15.18
1,1,16,2026-02-09 21:10:12,15.14
1,1,16,2026-02-09 21:20:12,15.14
1,1,16,2026-02-09 21:30:12,15.14
1,1,16,2026-02-09 21:40:12,15.1
1,1,16,2026-02-09 21:50:12,15.1
1,1,16,2026-02-09 22:00:12,15.14
1,1,16,2026-02-09 22:10:12,15.1
1,1,16,2026-02-09 22:20:12,15.14
1,1,16,2026-02-09 22:30:12,15.14
1,1,16,2026-02-09 22:40:12,15.1
1,1,16,2026-02-09 22:50:12,15.1
1,1,16,2026-02-09 23:00:12,15.14
1,1,16,2026-02-09 23:10:12,15.1
1,1,16,2026-02-09 23:20:12,15.14
1,1,16,2026-02-09 23:30:12,15.18
1,1,16,2026-02-09 23:40:12,15.14
1,1,16,2026-02-09 23:50:12,15.14
1,1,16,2026-02-10 00:00:12,15.14
1,1,16,2026-02-10 00:10:12,15.14
1,1,16,2026-02-10 00:20:12,15.14
1,1,16,2026-02-10 00:30:12,15.14
1,1,16,2026-02-10 00:40:12,15.1
1,1,16,2026-02-10 00:50:12,15.14
1,1,16,2026-02-10 01:00:12,15.14
1,1,16,2026-02-10 01:10:12,15.14
1,1,16,2026-02-10 01:20:12,15.14
1,1,16,2026-02-10 01:30:12,15.14
1,1,16,2026-02-10 01:40:12,15.1
1,1,16,2026-02-10 01:50:12,15.18
1,1,16,2026-02-10 02:00:12,15.14
1,1,16,2026-02-10 02:10:12,15.18
1,1,16,2026-02-10 02:20:12,15.14
1,1,16,2026-02-10 02:30:12,15.14
1,1,16,2026-02-10 02:40:12,15.18
1,1,16,2026-02-10 02:50:12,15.18
1,1,16,2026-02-10 03:00:12,15.18
1,1,16,2026-02-10 03:10:12,15.18
1,1,16,2026-02-10 03:20:12,15.18
1,1,16,2026-02-10 03:30:12,15.18
1,1,16,2026-02-10 03:40:12,15.18
1,1,16,2026-02-10 03:50:12,15.14
1,1,16,2026-02-10 04:00:12,15.14
1,1,16,2026-02-10 04:10:12,15.14
1,1,16,2026-02-10 04:20:12,15.14
1,1,16,2026-02-10 04:30:12,15.18
1,1,16,2026-02-10 04:40:12,15.14
1,1,16,2026-02-10 04:50:12,15.18
1,1,16,2026-02-10 05:00:12,15.18
1,1,16,2026-02-10 05:10:12,15.18
1,1,16,2026-02-10 05:20:12,15.18
1,1,16,2026-02-10 05:30:12,15.18
1,1,16,2026-02-10 05:40:12,15.18
1,1,16,2026-02-10 05:50:12,15.18
1,1,16,2026-02-10 06:00:12,15.23
1,1,16,2026-02-10 06:10:12,15.18
1,1,16,2026-02-10 06:20:12,15.1
1,1,16,2026-02-10 06:30:12,15.14
1,1,16,2026-02-10 06:40:12,15.18
1,1,16,2026-02-10 06:50:12,15.18
1,1,16,2026-02-10 07:00:12,15.18
1,1,16,2026-02-10 07:10:12,15.18
1,1,16,2026-02-10 07:20:12,15.18
1,1,16,2026-02-10 07:30:12,15.18
1,1,16,2026-02-10 07:40:12,15.23
1,1,16,2026-02-10 07:50:12,15.23
1,1,16,2026-02-10 08:00:12,15.18
1,1,16,2026-02-10 08:10:12,15.23
1,1,16,2026-02-10 08:20:12,15.14
1,1,16,2026-02-10 08:30:12,15.14
1,1,16,2026-02-10 08:40:12,15.27
1,1,16,2026-02-10 08:50:12,15.14
1,1,16,2026-02-10 09:00:12,15.1
1,1,16,2026-02-10 09:10:12,15.14
1,1,16,2026-02-10 09:20:12,15.06
1,1,16,2026-02-10 09:30:12,14.97
1,1,16,2026-02-10 09:40:12,15.06
1,1,16,2026-02-10 09:50:12,15.1
1,1,16,2026-02-10 10:00:12,15.1
1,1,16,2026-02-10 10:10:12,15.06
1,1,16,2026-02-10 10:20:12,15.1
1,1,16,2026-02-10 10:30:12,15.18
1,1,16,2026-02-10 10:40:12,15.1
1,1,16,2026-02-10 10:50:12,15.14
1,1,16,2026-02-10 11:00:12,15.18
1,1,16,2026-02-10 11:10:12,15.14
1,1,16,2026-02-10 11:20:12,15.18
1,1,16,2026-02-10 11:30:12,15.14
1,1,16,2026-02-10 11:40:12,15.18
1,1,16,2026-02-10 11:50:12,15.18
1,1,16,2026-02-10 12:00:12,15.14
1,1,16,2026-02-10 12:10:12,15.18
1,1,16,2026-02-10 12:20:12,15.18
1,1,16,2026-02-10 12:30:12,15.18
1,1,16,2026-02-10 12:40:12,15.18
1,1,16,2026-02-10 12:50:12,15.23
1,1,16,2026-02-10 13:00:12,15.18
1,1,16,2026-02-10 13:10:12,15.18
1,1,16,2026-02-10 13:20:12,15.23
1,1,16,2026-02-10 13:30:12,15.23
1,1,16,2026-02-10 13:40:12,15.27
1,1,16,2026-02-10 13:50:12,15.23
1,1,16,2026-02-10 14:00:12,15.23
1,1,16,2026-02-10 14:10:12,15.27
1,1,16,2026-02-10 14:20:12,15.23
1,1,16,2026-02-10 14:30:12,15.23
1,1,16,2026-02-10 14:40:12,15.23
1,1,16,2026-02-10 14:50:12,15.27
1,1,16,2026-02-10 15:00:12,15.31
1,1,16,2026-02-10 15:10:12,15.36
1,1,16,2026-02-10 15:20:12,15.31
1,1,16,2026-02-10 15:30:12,15.31
1,1,16,2026-02-10 15:40:12,15.31
1,1,16,2026-02-10 15:50:12,15.27
1,1,16,2026-02-10 16:00:12,15.31
1,1,16,2026-02-10 16:10:12,15.36
1,1,16,2026-02-10 16:20:12,15.1
1,1,16,2026-02-10 16:30:12,14.97
1,1,16,2026-02-10 16:40:12,14.84
1,1,16,2026-02-10 16:50:12,14.8
1,1,16,2026-02-10 17:00:12,14.84
1,1,16,2026-02-10 17:10:12,14.8
1,1,16,2026-02-10 17:20:12,14.8
1,1,16,2026-02-10 17:30:12,14.88
1,1,16,2026-02-10 17:40:12,14.97
1,1,16,2026-02-10 17:50:12,15.1
1,1,16,2026-02-10 18:00:12,15.23
1,1,16,2026-02-10 18:10:12,15.27
1,1,16,2026-02-10 18:20:12,15.31
1,1,16,2026-02-10 18:30:12,15.31
1,1,16,2026-02-10 18:40:12,15.27
1,1,16,2026-02-10 18:50:12,15.23
1,1,16,2026-02-10 19:00:12,15.23
1,1,16,2026-02-10 19:10:12,15.23
1,1,16,2026-02-10 19:20:12,15.23
1,1,16,2026-02-10 19:30:12,15.23
1,1,16,2026-02-10 19:40:12,15.18
1,1,16,2026-02-10 19:50:12,15.27
1,1,16,2026-02-10 20:00:12,15.27
1,1,16,2026-02-10 20:10:12,15.23
1,1,16,2026-02-10 20:20:12,15.14
1,1,16,2026-02-10 20:30:12,15.27
1,1,16,2026-02-10 20:40:12,15.18
1,1,16,2026-02-10 20:50:12,15.14
1,1,16,2026-02-10 21:00:12,15.18
1,1,16,2026-02-10 21:10:12,15.18
1,1,16,2026-02-10 21:20:12,15.18
1,1,16,2026-02-10 21:30:12,15.18
1,1,16,2026-02-10 21:40:12,15.23
1,1,16,2026-02-10 21:50:12,15.18
1,1,16,2026-02-10 22:00:12,15.18
1,1,16,2026-02-10 22:10:12,15.18
1,1,16,2026-02-10 22:20:12,15.18
1,1,16,2026-02-10 22:30:12,15.23
1,1,16,2026-02-10 22:40:12,15.18
1,1,16,2026-02-10 22:50:12,15.23
1,1,16,2026-02-10 23:00:12,15.27
1,1,16,2026-02-10 23:10:12,15.23
1,1,16,2026-02-10 23:20:12,15.27
1,1,16,2026-02-10 23:30:12,15.23
1,1,16,2026-02-10 23:40:12,15.23
1,1,16,2026-02-10 23:50:12,15.27
1,1,16,2026-02-11 00:00:12,15.27
1,1,16,2026-02-11 00:10:12,15.27
1,1,16,2026-02-11 00:20:12,15.27
1,1,16,2026-02-11 00:30:12,15.31
1,1,16,2026-02-11 00:40:12,15.31
1,1,16,2026-02-11 00:50:12,15.31
1,1,16,2026-02-11 01:00:12,15.31
1,1,16,2026-02-11 01:10:12,15.27
1,1,16,2026-02-11 01:20:12,15.27
1,1,16,2026-02-11 01:30:12,15.27
1,1,16,2026-02-11 01:40:12,15.31
1,1,16,2026-02-11 01:50:12,15.31
1,1,16,2026-02-11 02:00:12,15.27
1,1,16,2026-02-11 02:10:12,15.23
1,1,16,2026-02-11 02:20:12,15.31
1,1,16,2026-02-11 02:30:12,15.31
1,1,16,2026-02-11 02:40:12,15.27
1,1,16,2026-02-11 02:50:12,15.27
1,1,16,2026-02-11 03:00:12,15.27
1,1,16,2026-02-11 03:10:12,15.27
1,1,16,2026-02-11 03:20:12,15.27
1,1,16,2026-02-11 03:30:12,15.23
1,1,16,2026-02-11 03:40:12,15.27
1,1,16,2026-02-11 03:50:12,15.23
1,1,16,2026-02-11 04:00:12,15.27
1,1,16,2026-02-11 04:10:12,15.27
1,1,16,2026-02-11 04:20:12,15.27
1,1,16,2026-02-11 04:30:12,15.31
1,1,16,2026-02-11 04:40:12,15.31
1,1,16,2026-02-11 04:50:12,15.27
1,1,16,2026-02-11 05:00:12,15.31
1,1,16,2026-02-11 05:10:12,15.31
1,1,16,2026-02-11 05:20:12,15.31
1,1,16,2026-02-11 05:30:12,15.31
1,1,16,2026-02-11 05:40:12,15.31
1,1,16,2026-02-11 05:50:12,15.31
1,1,16,2026-02-11 06:00:12,15.31
1,1,16,2026-02-11 06:10:12,15.36
1,1,16,2026-02-11 06:20:12,15.27
1,1,16,2026-02-11 06:30:12,15.27
1,1,16,2026-02-11 06:40:12,15.31
1,1,16,2026-02-11 06:50:12,15.31
1,1,16,2026-02-11 07:00:12,15.31
1,1,16,2026-02-11 07:10:12,15.36
1,1,16,2026-02-11 07:20:12,15.31
1,1,16,2026-02-11 07:30:12,15.31
1,1,16,2026-02-11 07:40:12,15.36
1,1,16,2026-02-11 07:50:12,15.4
1,1,16,2026-02-11 08:00:12,15.36
1,1,16,2026-02-11 08:10:12,15.36
1,1,16,2026-02-11 08:20:12,15.31
1,1,16,2026-02-11 08:30:12,15.31
1,1,16,2026-02-11 08:40:12,15.23
1,1,16,2026-02-11 08:50:12,15.31
1,1,16,2026-02-11 09:00:12,15.31
1,1,16,2026-02-11 09:10:12,15.36
1,1,16,2026-02-11 09:20:12,15.36
1,1,16,2026-02-11 09:30:12,15.4
1,1,16,2026-02-11 09:40:12,15.4
1,1,16,2026-02-11 09:50:12,15.44
1,1,16,2026-02-11 10:00:12,15.4
1,1,16,2026-02-11 10:10:12,15.44
1,1,16,2026-02-11 10:20:12,15.44
1,1,16,2026-02-11 10:30:12,15.44
1,1,16,2026-02-11 10:40:12,15.44
1,1,16,2026-02-11 10:50:12,15.4
1,1,16,2026-02-11 11:00:12,15.4
1,1,16,2026-02-11 11:10:12,15.36
1,1,16,2026-02-11 11:20:12,15.31
1,1,16,2026-02-11 11:30:12,15.36
1,1,16,2026-02-11 11:40:12,15.36
1,1,16,2026-02-11 11:50:12,15.31
1,1,16,2026-02-11 12:00:12,15.36
1,1,16,2026-02-11 12:10:12,15.31
1,1,16,2026-02-11 12:20:12,15.36
1,1,16,2026-02-11 12:30:12,15.36
1,1,16,2026-02-11 12:40:12,15.4
1,1,16,2026-02-11 12:50:12,15.36
1,1,16,2026-02-11 13:00:12,15.4
1,1,16,2026-02-11 13:10:12,15.36
1,1,16,2026-02-11 13:20:12,15.4
1,1,16,2026-02-11 13:30:12,15.4
1,1,16,2026-02-11 13:40:12,15.4
1,1,16,2026-02-11 13:50:12,15.4
1,1,16,2026-02-11 14:00:12,15.4
1,1,16,2026-02-11 14:10:12,15.4
1,1,16,2026-02-11 14:20:12,15.36
1,1,16,2026-02-11 14:30:12,15.4
1,1,16,2026-02-11 14:40:12,15.4
1,1,16,2026-02-11 14:50:12,15.4
1,1,16,2026-02-11 15:00:12,15.4
1,1,16,2026-02-11 15:10:12,15.48
1,1,16,2026-02-11 15:20:12,15.4
1,1,16,2026-02-11 15:30:12,15.44
1,1,16,2026-02-11 15:40:12,15.44
1,1,16,2026-02-11 15:50:12,15.48
1,1,16,2026-02-11 16:00:12,15.48
1,1,16,2026-02-11 16:10:12,15.4
1,1,16,2026-02-11 16:20:12,15.44
1,1,16,2026-02-11 16:30:12,15.48
1,1,16,2026-02-11 16:40:12,15.44
1,1,16,2026-02-11 16:50:12,15.44
1,1,16,2026-02-11 17:00:12,15.44
1,1,16,2026-02-11 17:10:12,15.44
1,1,16,2026-02-11 17:20:12,15.44
1,1,16,2026-02-11 17:30:12,15.4
1,1,16,2026-02-11 17:40:12,15.44
1,1,16,2026-02-11 17:50:12,15.44
1,1,16,2026-02-11 18:00:12,15.48
1,1,16,2026-02-11 18:10:12,15.48
1,1,16,2026-02-11 18:20:12,15.48
1,1,16,2026-02-11 18:30:12,15.48
1,1,16,2026-02-11 18:40:12,15.48
1,1,16,2026-02-11 18:50:12,15.44
1,1,16,2026-02-11 19:00:12,15.4
1,1,16,2026-02-11 19:10:12,15.44
1,1,16,2026-02-11 19:20:12,15.44
1,1,16,2026-02-11 19:30:12,15.4
1,1,16,2026-02-11 19:40:12,15.44
1,1,16,2026-02-11 19:50:12,15.44
1,1,16,2026-02-11 20:00:12,15.44
1,1,16,2026-02-11 20:10:12,15.48
1,1,16,2026-02-11 20:20:12,15.66
1,1,16,2026-02-11 20:30:12,15.61
1,1,16,2026-02-11 20:40:12,15.57
1,1,16,2026-02-11 20:50:12,15.53
1,1,16,2026-02-11 21:00:12,15.48
1,1,16,2026-02-11 21:10:12,15.53
1,1,16,2026-02-11 21:20:12,15.44
1,1,16,2026-02-11 21:30:12,15.48
1,1,16,2026-02-11 21:40:12,15.53
1,1,16,2026-02-11 21:50:12,15.91
1,1,16,2026-02-11 22:00:12,16.13
1,1,16,2026-02-11 22:10:12,16.34
1,1,16,2026-02-11 22:20:12,16.43
1,1,16,2026-02-11 22:30:12,16.47
1,1,16,2026-02-11 22:40:12,16.51
1,1,16,2026-02-11 22:50:12,16.47
1,1,16,2026-02-11 23:00:12,16.51
1,1,16,2026-02-11 23:10:12,16.47
1,1,16,2026-02-11 23:20:12,16.43
1,1,16,2026-02-11 23:30:12,16.43
1,1,16,2026-02-11 23:40:12,16.34
1,1,16,2026-02-11 23:50:12,16.39
1,1,16,2026-02-12 00:00:12,16.3
1,1,16,2026-02-12 00:10:12,16.26
1,1,16,2026-02-12 00:20:12,16.21
1,1,16,2026-02-12 00:30:12,16.21
1,1,16,2026-02-12 00:40:12,16.04
1,1,16,2026-02-12 00:50:12,15.83
1,1,16,2026-02-12 01:00:12,15.53
1,1,16,2026-02-12 01:10:12,15.44
1,1,16,2026-02-12 01:20:12,15.4
1,1,16,2026-02-12 01:30:12,15.53
1,1,16,2026-02-12 01:40:12,15.57
1,1,16,2026-02-12 01:50:12,15.57
1,1,16,2026-02-12 02:00:12,15.53
1,1,16,2026-02-12 02:10:12,15.48
1,1,16,2026-02-12 02:20:12,15.48
1,1,16,2026-02-12 02:30:12,15.44
1,1,16,2026-02-12 02:40:12,15.44
1,1,16,2026-02-12 02:50:12,15.44
1,1,16,2026-02-12 03:00:12,15.44
1,1,16,2026-02-12 03:10:12,15.44
1,1,16,2026-02-12 03:20:12,15.44
1,1,16,2026-02-12 03:30:12,15.48
1,1,16,2026-02-12 03:40:12,15.48
1,1,16,2026-02-12 03:50:12,15.53
1,1,16,2026-02-12 04:00:12,15.53
1,1,16,2026-02-12 04:10:12,15.48
1,1,16,2026-02-12 04:20:12,15.44
1,1,16,2026-02-12 04:30:12,15.44
1,1,16,2026-02-12 04:40:12,15.48
1,1,16,2026-02-12 04:50:12,15.44
1,1,16,2026-02-12 05:00:12,15.44
1,1,16,2026-02-12 05:10:12,15.48
1,1,16,2026-02-12 05:20:12,15.48
1,1,16,2026-02-12 05:30:12,15.44
1,1,16,2026-02-12 05:40:12,15.48
1,1,16,2026-02-12 05:50:12,15.48
1,1,16,2026-02-12 06:00:12,15.44
1,1,16,2026-02-12 06:10:12,15.48
1,1,16,2026-02-12 06:20:12,15.48
1,1,16,2026-02-12 06:30:12,15.48
1,1,16,2026-02-12 06:40:12,15.53
1,1,16,2026-02-12 06:50:12,15.48
1,1,16,2026-02-12 07:00:12,15.61
1,1,16,2026-02-12 07:10:12,15.61
1,1,16,2026-02-12 07:20:12,15.66
1,1,16,2026-02-12 07:30:12,15.57
1,1,16,2026-02-12 07:40:12,15.61
1,1,16,2026-02-12 07:50:12,15.66
1,1,16,2026-02-12 08:00:12,15.57
1,1,16,2026-02-12 08:10:12,15.53
1,1,16,2026-02-12 08:20:12,15.44
1,1,16,2026-02-12 08:30:12,15.44
1,1,16,2026-02-12 08:40:12,15.4
1,1,16,2026-02-12 08:50:12,15.53
1,1,16,2026-02-12 09:00:12,15.44
1,1,16,2026-02-12 09:10:12,15.31
1,1,16,2026-02-12 09:20:12,15.31
1,1,16,2026-02-12 09:30:12,15.31
1,1,16,2026-02-12 09:40:12,15.27
1,1,16,2026-02-12 09:50:12,15.31
1,1,16,2026-02-12 10:00:12,15.31
1,1,16,2026-02-12 10:10:12,15.36
1,1,16,2026-02-12 10:20:12,15.36
1,1,16,2026-02-12 10:30:12,15.4
1,1,16,2026-02-12 10:40:12,15.48
1,1,16,2026-02-12 10:50:12,15.44
1,1,16,2026-02-12 11:00:12,15.44
1,1,16,2026-02-12 11:10:12,15.44
1,1,16,2026-02-12 11:20:12,15.36
1,1,16,2026-02-12 11:30:12,15.4
1,1,16,2026-02-12 11:40:12,15.4
1,1,16,2026-02-12 11:50:12,15.4
1,1,16,2026-02-12 12:00:12,15.36
1,1,16,2026-02-12 12:10:12,15.36
1,1,16,2026-02-12 12:20:12,15.44
1,1,16,2026-02-12 12:30:12,15.36
1,1,16,2026-02-12 12:40:12,15.4
1,1,16,2026-02-12 12:50:12,15.4
1,1,16,2026-02-12 13:00:12,15.4
1,1,16,2026-02-12 13:10:12,15.36
1,1,16,2026-02-12 13:20:12,15.4
1,1,16,2026-02-12 13:30:12,15.36
1,1,16,2026-02-12 13:40:12,15.36
1,1,16,2026-02-12 13:50:12,15.36
1,1,16,2026-02-12 14:00:12,15.4
1,1,16,2026-02-12 14:10:12,15.4
1,1,16,2026-02-12 14:20:12,15.36
1,1,16,2026-02-12 14:30:12,15.4
1,1,16,2026-02-12 14:40:12,15.36
1,1,16,2026-02-12 14:50:12,15.36
1,1,16,2026-02-12 15:00:12,15.4
1,1,16,2026-02-12 15:10:12,15.4
1,1,16,2026-02-12 15:20:12,15.4
1,1,16,2026-02-12 15:30:12,15.4
1,1,16,2026-02-12 15:40:12,15.4
1,1,16,2026-02-12 15:50:12,15.44
1,1,16,2026-02-12 16:00:12,15.44
1,1,16,2026-02-12 16:10:12,15.4
1,1,16,2026-02-12 16:20:12,15.4
1,1,16,2026-02-12 16:30:12,15.4
1,1,16,2026-02-12 16:40:12,15.4
1,1,16,2026-02-12 16:50:12,15.4
1,1,16,2026-02-12 17:00:12,15.4
1,1,16,2026-02-12 17:10:12,15.4
1,1,16,2026-02-12 17:20:12,15.4
1,1,16,2026-02-12 17:30:12,15.36
1,1,16,2026-02-12 17:40:12,15.36
1,1,16,2026-02-12 17:50:12,15.23
1,1,16,2026-02-12 18:00:12,15.27
1,1,16,2026-02-12 18:10:12,15.23
1,1,16,2026-02-12 18:20:12,15.23
1,1,16,2026-02-12 18:30:12,15.31
1,1,16,2026-02-12 18:40:12,15.31
1,1,16,2026-02-12 18:50:12,15.31
1,1,16,2026-02-12 19:00:12,15.27
1,1,16,2026-02-12 19:10:12,15.31
1,1,16,2026-02-12 19:20:12,15.31
1,1,16,2026-02-12 19:30:12,15.36
1,1,16,2026-02-12 19:40:12,15.36
1,1,16,2026-02-12 19:50:12,15.36
1,1,16,2026-02-12 20:00:12,15.4
1,1,16,2026-02-12 20:10:12,15.31
1,1,16,2026-02-12 20:20:12,15.36
1,1,16,2026-02-12 20:30:12,15.31
1,1,16,2026-02-12 20:40:12,15.31
1,1,16,2026-02-12 20:50:12,15.31
1,1,16,2026-02-12 21:00:12,15.31
1,1,16,2026-02-12 21:10:12,15.31
1,1,16,2026-02-12 21:20:12,15.31
1,1,16,2026-02-12 21:30:12,15.31
1,1,16,2026-02-12 21:40:12,15.27
1,1,16,2026-02-12 21:50:12,15.31
1,1,16,2026-02-12 22:00:12,15.31
1,1,16,2026-02-12 22:10:12,15.31
1,1,16,2026-02-12 22:20:12,15.31
1,1,16,2026-02-12 22:30:12,15.31
1,1,16,2026-02-12 22:40:12,15.31
1,1,16,2026-02-12 22:50:12,15.36
1,1,16,2026-02-12 23:00:12,15.36
1,1,16,2026-02-12 23:10:12,15.36
1,1,16,2026-02-12 23:20:12,15.36
1,1,16,2026-02-12 23:30:12,15.36
1,1,16,2026-02-12 23:40:12,15.4
1,1,16,2026-02-12 23:50:12,15.4
1,1,16,2026-02-13 00:00:12,15.31
1,1,16,2026-02-13 00:10:12,15.4
1,1,16,2026-02-13 00:20:12,15.36
1,1,16,2026-02-13 00:30:12,15.36
1,1,16,2026-02-13 00:40:12,15.36
1,1,16,2026-02-13 00:50:12,15.36
1,1,16,2026-02-13 01:00:12,15.4
1,1,16,2026-02-13 01:10:12,15.31
1,1,16,2026-02-13 01:20:12,15.36
1,1,16,2026-02-13 01:30:12,15.36
1,1,16,2026-02-13 01:40:12,15.4
1,1,16,2026-02-13 01:50:12,15.4
1,1,16,2026-02-13 02:00:12,15.31
1,1,16,2026-02-13 02:10:12,15.31
1,1,16,2026-02-13 02:20:12,15.36
1,1,16,2026-02-13 02:30:12,15.31
1,1,16,2026-02-13 02:40:12,15.4
1,1,16,2026-02-13 02:50:12,15.36
1,1,16,2026-02-13 03:00:12,15.44
1,1,16,2026-02-13 03:10:12,15.4
1,1,16,2026-02-13 03:20:12,15.36
1,1,16,2026-02-13 03:30:12,15.36
1,1,16,2026-02-13 03:40:12,15.4
1,1,16,2026-02-13 03:50:12,15.4
1,1,16,2026-02-13 04:00:12,15.36
1,1,16,2026-02-13 04:10:12,15.4
1,1,16,2026-02-13 04:20:12,15.4
1,1,16,2026-02-13 04:30:12,15.4
1,1,16,2026-02-13 04:40:12,15.4
1,1,16,2026-02-13 04:50:12,15.4
1,1,16,2026-02-13 05:00:12,15.4
1,1,16,2026-02-13 05:10:12,15.4
1,1,16,2026-02-13 05:20:12,15.31
1,1,16,2026-02-13 05:30:12,15.4
1,1,16,2026-02-13 05:40:12,15.4
1,1,16,2026-02-13 05:50:12,15.4
1,1,16,2026-02-13 06:00:12,15.36
1,1,16,2026-02-13 06:10:12,15.4
1,1,16,2026-02-13 06:20:12,15.4
1,1,16,2026-02-13 06:30:12,15.31
1,1,16,2026-02-13 06:40:12,15.4
1,1,16,2026-02-13 06:50:12,15.4
1,1,16,2026-02-13 07:00:12,15.48
1,1,16,2026-02-13 07:10:12,15.57
1,1,16,2026-02-13 07:20:12,15.57
1,1,16,2026-02-13 07:30:12,15.53
1,1,16,2026-02-13 07:40:12,15.61
1,1,16,2026-02-13 07:50:12,15.61
1,1,16,2026-02-13 08:00:12,15.53
1,1,16,2026-02-13 08:10:12,15.48
1,1,16,2026-02-13 08:20:12,15.44
1,1,16,2026-02-13 08:30:12,15.48
1,1,16,2026-02-13 08:40:12,15.4
1,1,16,2026-02-13 08:50:12,15.4
1,1,16,2026-02-13 09:00:12,15.4
1,1,16,2026-02-13 09:10:12,15.4
1,1,16,2026-02-13 09:20:12,15.36
1,1,16,2026-02-13 09:30:12,15.31
1,1,16,2026-02-13 09:40:12,15.31
1,1,16,2026-02-13 09:50:12,15.31
1,1,16,2026-02-13 10:00:12,15.36
1,1,16,2026-02-13 10:10:12,15.31
1,1,16,2026-02-13 10:20:12,15.36
1,1,16,2026-02-13 10:30:12,15.31
1,1,16,2026-02-13 10:40:12,15.36
1,1,16,2026-02-13 10:50:12,15.31
1,1,16,2026-02-13 11:00:12,15.31
1,1,16,2026-02-13 11:10:12,15.31
1,1,16,2026-02-13 11:20:12,15.36
1,1,16,2026-02-13 11:30:12,15.31
1,1,16,2026-02-13 11:40:12,15.31
1,1,16,2026-02-13 11:50:12,15.31
1,1,16,2026-02-13 12:00:12,15.31
1,1,16,2026-02-13 12:10:12,15.31
1,1,16,2026-02-13 12:20:12,15.31
1,1,16,2026-02-13 12:30:12,15.31
1,1,16,2026-02-13 12:40:12,15.31
1,1,16,2026-02-13 12:50:12,15.36
1,1,16,2026-02-13 13:00:12,15.36
1,1,16,2026-02-13 13:10:12,15.36
1,1,16,2026-02-13 13:20:12,15.4
1,1,16,2026-02-13 13:30:12,15.4
1,1,16,2026-02-13 13:40:12,15.36
1,1,16,2026-02-13 13:50:12,15.36
1,1,16,2026-02-13 14:00:12,15.36
1,1,16,2026-02-13 14:10:12,15.36
1,1,16,2026-02-13 14:20:12,15.31
1,1,16,2026-02-13 14:30:12,15.31
1,1,16,2026-02-13 14:40:12,15.31
1,1,16,2026-02-13 14:50:12,15.36
1,1,16,2026-02-13 15:00:12,15.31
1,1,16,2026-02-13 15:10:12,15.31
1,1,16,2026-02-13 15:20:12,15.36
1,1,16,2026-02-13 15:30:12,15.31
1,1,16,2026-02-13 15:40:12,15.36
1,1,16,2026-02-13 15:50:12,15.36
1,1,16,2026-02-13 16:00:12,15.36
1,1,16,2026-02-13 16:10:12,15.31
1,1,16,2026-02-13 16:20:12,15.36
1,1,16,2026-02-13 16:30:12,15.31
1,1,16,2026-02-13 16:40:12,15.44
1,1,16,2026-02-13 16:50:12,15.61
1,1,16,2026-02-13 17:00:12,15.66
1,1,16,2026-02-13 17:10:12,15.57
1,1,16,2026-02-13 17:20:12,15.53
1,1,16,2026-02-13 17:30:12,15.36
1,1,16,2026-02-13 17:40:12,15.31
1,1,16,2026-02-13 17:50:12,15.31
1,1,16,2026-02-13 18:00:12,15.36
1,1,16,2026-02-13 18:10:12,15.31
1,1,16,2026-02-13 18:20:12,15.36
1,1,16,2026-02-13 18:30:12,15.31
1,1,16,2026-02-13 18:40:12,15.31
1,1,16,2026-02-13 18:50:12,15.31
1,1,16,2026-02-13 19:00:12,15.31
1,1,16,2026-02-13 19:10:12,15.27
1,1,16,2026-02-13 19:20:12,15.27
1,1,16,2026-02-13 19:30:12,15.31
1,1,16,2026-02-13 19:40:12,15.31
1,1,16,2026-02-13 19:50:12,15.31
1,1,16,2026-02-13 20:00:12,15.31
1,1,16,2026-02-13 20:10:12,15.31
1,1,16,2026-02-13 20:20:12,15.31
1,1,16,2026-02-13 20:30:12,15.36
1,1,16,2026-02-13 20:40:12,15.36
1,1,16,2026-02-13 20:50:12,15.36
1,1,16,2026-02-13 21:00:12,15.31
1,1,16,2026-02-13 21:10:12,15.36
1,1,16,2026-02-13 21:20:12,15.4
1,1,16,2026-02-13 21:30:12,15.4
1,1,16,2026-02-13 21:40:12,15.4
1,1,16,2026-02-13 21:50:12,15.4
1,1,16,2026-02-13 22:00:12,15.4
1,1,16,2026-02-13 22:10:12,15.36
1,1,16,2026-02-13 22:20:12,15.31
1,1,16,2026-02-13 22:30:12,15.44
1,1,16,2026-02-13 22:40:12,15.48
1,1,16,2026-02-13 22:50:12,15.48
1,1,16,2026-02-13 23:00:12,15.57
1,1,16,2026-02-13 23:10:12,15.57
1,1,16,2026-02-13 23:20:12,15.57
1,1,16,2026-02-13 23:30:12,15.44
1,1,16,2026-02-13 23:40:12,15.4
1,1,16,2026-02-13 23:50:12,15.36
1,1,16,2026-02-14 00:00:12,15.36
1,1,16,2026-02-14 00:10:12,15.4
1,1,16,2026-02-14 00:20:12,15.36
1,1,16,2026-02-14 00:30:12,15.53
1,1,16,2026-02-14 00:40:12,15.66
1,1,16,2026-02-14 00:50:12,15.66
1,1,16,2026-02-14 01:00:12,15.61
1,1,16,2026-02-14 01:10:12,15.57
1,1,16,2026-02-14 01:20:12,15.48
1,1,16,2026-02-14 01:30:12,15.44
1,1,16,2026-02-14 01:40:12,15.4
1,1,16,2026-02-14 01:50:12,15.4
1,1,16,2026-02-14 02:00:12,15.7
1,1,16,2026-02-14 02:10:12,15.61
1,1,16,2026-02-14 02:20:12,15.44
1,1,16,2026-02-14 02:30:12,15.4
1,1,16,2026-02-14 02:40:12,15.31
1,1,16,2026-02-14 02:50:12,15.36
1,1,16,2026-02-14 03:00:12,15.36
1,1,16,2026-02-14 03:10:12,15.36
1,1,16,2026-02-14 03:20:12,15.31
1,1,16,2026-02-14 03:30:12,15.36
1,1,16,2026-02-14 03:40:12,15.31
1,1,16,2026-02-14 03:50:12,15.31
1,1,16,2026-02-14 04:00:12,15.4
1,1,16,2026-02-14 04:10:12,15.31
1,1,16,2026-02-14 04:20:12,15.44
1,1,16,2026-02-14 04:30:12,15.44
1,1,16,2026-02-14 04:40:12,15.48
1,1,16,2026-02-14 04:50:12,15.44
1,1,16,2026-02-14 05:00:12,15.4
1,1,16,2026-02-14 05:10:12,15.36
1,1,16,2026-02-14 05:20:12,15.36
1,1,16,2026-02-14 05:30:12,15.31
1,1,16,2026-02-14 05:40:12,15.36
1,1,16,2026-02-14 05:50:12,15.4
1,1,16,2026-02-14 06:00:12,15.36
1,1,16,2026-02-14 06:10:12,15.48
1,1,16,2026-02-14 06:20:12,15.48
1,1,16,2026-02-14 06:30:12,15.44
1,1,16,2026-02-14 06:40:12,15.44
1,1,16,2026-02-14 06:50:12,15.36
1,1,16,2026-02-14 07:00:12,15.4
1,1,16,2026-02-14 07:10:12,15.44
1,1,16,2026-02-14 07:20:12,15.7
1,1,16,2026-02-14 07:30:12,15.83
1,1,16,2026-02-14 07:40:12,15.7
1,1,16,2026-02-14 07:50:12,15.44
1,1,16,2026-02-14 08:00:12,15.4
1,1,16,2026-02-14 08:10:12,15.4
1,1,16,2026-02-14 08:20:12,15.48
1,1,16,2026-02-14 08:30:12,15.48
1,1,16,2026-02-14 08:40:12,15.48
1,1,16,2026-02-14 08:50:12,15.44
1,1,16,2026-02-14 09:00:12,15.4
1,1,16,2026-02-14 09:10:12,15.36
1,1,16,2026-02-14 09:20:12,15.48
1,1,16,2026-02-14 09:30:12,15.4
1,1,16,2026-02-14 09:40:12,15.44
1,1,16,2026-02-14 09:50:12,15.31
1,1,16,2026-02-14 10:00:12,15.36
1,1,16,2026-02-14 10:10:12,15.36
1,1,16,2026-02-14 10:20:12,15.36
1,1,16,2026-02-14 10:30:12,15.4
1,1,16,2026-02-14 10:40:12,15.44
1,1,16,2026-02-14 10:50:12,15.36
1,1,16,2026-02-14 11:00:12,15.31
1,1,16,2026-02-14 11:10:12,15.36
1,1,16,2026-02-14 11:20:12,15.31
1,1,16,2026-02-14 11:30:12,15.44
1,1,16,2026-02-14 11:40:12,15.4
1,1,16,2026-02-14 11:50:12,15.4
1,1,16,2026-02-14 12:00:12,15.36
1,1,16,2026-02-14 12:10:12,15.36
1,1,16,2026-02-14 12:20:12,15.4
1,1,16,2026-02-14 12:30:12,15.4
1,1,16,2026-02-14 12:40:12,15.61
1,1,16,2026-02-14 12:50:12,15.48
1,1,16,2026-02-14 13:00:12,15.4
1,1,16,2026-02-14 13:10:12,15.4
1,1,16,2026-02-14 13:20:12,15.31
1,1,16,2026-02-14 13:30:12,15.36
1,1,16,2026-02-14 13:40:12,15.31
1,1,16,2026-02-14 13:50:12,15.44
1,1,16,2026-02-14 14:00:12,15.44
1,1,16,2026-02-14 14:10:12,15.48
1,1,16,2026-02-14 14:20:12,15.57
1,1,16,2026-02-14 14:30:12,15.7
1,1,16,2026-02-14 14:40:12,15.74
1,1,16,2026-02-14 14:50:12,15.57
1,1,16,2026-02-14 15:00:12,15.4
1,1,16,2026-02-14 15:10:12,15.4
1,1,16,2026-02-14 15:20:12,15.31
1,1,16,2026-02-14 15:30:12,15.31
1,1,16,2026-02-14 15:40:12,15.36
1,1,16,2026-02-14 15:50:12,15.44
1,1,16,2026-02-14 16:00:12,15.7
1,1,16,2026-02-14 16:10:12,15.74
1,1,16,2026-02-14 16:20:12,15.53
1,1,16,2026-02-14 16:30:12,15.36
1,1,16,2026-02-14 16:40:12,15.31
1,1,16,2026-02-14 16:50:12,15.27
1,1,16,2026-02-14 17:00:12,15.31
1,1,16,2026-02-14 17:10:12,15.36
1,1,16,2026-02-14 17:20:12,15.36
1,1,16,2026-02-14 17:30:12,15.36
1,1,16,2026-02-14 17:40:12,15.36
1,1,16,2026-02-14 17:50:12,15.36
1,1,16,2026-02-14 18:00:12,15.31
1,1,16,2026-02-14 18:10:12,15.44
1,1,16,2026-02-14 18:20:12,15.48
1,1,16,2026-02-14 18:30:12,15.44
1,1,16,2026-02-14 18:40:12,15.36
1,1,16,2026-02-14 18:50:12,15.4
1,1,16,2026-02-14 19:00:12,15.36
1,1,16,2026-02-14 19:10:12,15.31
1,1,16,2026-02-14 19:20:12,15.36
1,1,16,2026-02-14 19:30:12,15.53
1,1,16,2026-02-14 19:40:12,15.66
1,1,16,2026-02-14 19:50:12,15.48
1,1,16,2026-02-14 20:00:12,15.44
1,1,16,2026-02-14 20:10:12,15.36
1,1,16,2026-02-14 20:20:12,15.36
1,1,16,2026-02-14 20:30:12,15.36
1,1,16,2026-02-14 20:40:12,15.36
1,1,16,2026-02-14 20:50:12,15.36
1,1,16,2026-02-14 21:00:12,15.36
1,1,16,2026-02-14 21:10:12,15.36
1,1,16,2026-02-14 21:20:12,15.36
1,1,16,2026-02-14 21:30:12,15.48
1,1,16,2026-02-14 21:40:12,15.48
1,1,16,2026-02-14 21:50:12,15.44
1,1,16,2026-02-14 22:00:12,15.36
1,1,16,2026-02-14 22:10:12,15.4
1,1,16,2026-02-14 22:20:12,15.4
1,1,16,2026-02-14 22:30:12,15.4
1,1,16,2026-02-14 22:40:12,15.36
1,1,16,2026-02-14 22:50:12,15.44
1,1,16,2026-02-14 23:00:12,15.48
1,1,16,2026-02-14 23:10:12,15.44
1,1,16,2026-02-14 23:20:12,15.36
1,1,16,2026-02-14 23:30:12,15.36
1,1,16,2026-02-14 23:40:12,15.4
1,1,16,2026-02-14 23:50:12,15.31
1,1,16,2026-02-15 00:00:12,15.61
1,1,16,2026-02-15 00:10:12,15.66
1,1,16,2026-02-15 00:20:12,15.74
1,1,16,2026-02-15 00:30:12,15.57
1,1,16,2026-02-15 00:40:12,15.57
1,1,16,2026-02-15 00:50:12,15.44
1,1,16,2026-02-15 01:00:12,15.44
1,1,16,2026-02-15 01:10:12,15.44
1,1,16,2026-02-15 01:20:12,15.44
1,1,16,2026-02-15 01:30:12,15.44
1,1,16,2026-02-15 01:40:12,15.36
1,1,16,2026-02-15 01:50:12,15.36
1,1,16,2026-02-15 02:00:12,15.44
1,1,16,2026-02-15 02:10:12,15.48
1,1,16,2026-02-15 02:20:12,15.44
1,1,16,2026-02-15 02:30:12,15.44
1,1,16,2026-02-15 02:40:12,15.36
1,1,16,2026-02-15 02:50:12,15.4
1,1,16,2026-02-15 03:00:12,15.36
1,1,16,2026-02-15 03:10:12,15.44
1,1,16,2026-02-15 03:20:12,15.36
1,1,16,2026-02-15 03:30:12,15.36
1,1,16,2026-02-15 03:40:12,15.36
1,1,16,2026-02-15 03:50:12,15.31
1,1,16,2026-02-15 04:00:12,15.4
1,1,16,2026-02-15 04:10:12,15.4
1,1,16,2026-02-15 04:20:12,15.4
1,1,16,2026-02-15 04:30:12,15.4
1,1,16,2026-02-15 04:40:12,15.36
1,1,16,2026-02-15 04:50:12,15.31
1,1,16,2026-02-15 05:00:12,15.36
1,1,16,2026-02-15 05:10:12,15.36
1,1,16,2026-02-15 05:20:12,15.4
1,1,16,2026-02-15 05:30:12,15.36
1,1,16,2026-02-15 05:40:12,15.61
1,1,16,2026-02-15 05:50:12,15.7
1,1,16,2026-02-15 06:00:12,15.57
1,1,16,2026-02-15 06:10:12,15.44
1,1,16,2026-02-15 06:20:12,15.4
1,1,16,2026-02-15 06:30:12,15.44
1,1,16,2026-02-15 06:40:12,15.53
1,1,16,2026-02-15 06:50:12,15.57
1,1,16,2026-02-15 07:00:12,15.53
1,1,16,2026-02-15 07:10:12,15.53
1,1,16,2026-02-15 07:20:12,15.44
1,1,16,2026-02-15 07:30:12,15.48
1,1,16,2026-02-15 07:40:12,15.53
1,1,16,2026-02-15 07:50:12,15.57
1,1,16,2026-02-15 08:00:12,15.48
1,1,16,2026-02-15 08:10:12,15.44
1,1,16,2026-02-15 08:20:12,15.44
1,1,16,2026-02-15 08:30:12,15.48
1,1,16,2026-02-15 08:40:12,15.48
1,1,16,2026-02-15 08:50:12,15.48
1,1,16,2026-02-15 09:00:12,15.48
1,1,16,2026-02-15 09:10:12,15.44
1,1,16,2026-02-15 09:20:12,15.4
1,1,16,2026-02-15 09:30:12,15.4
1,1,16,2026-02-15 09:40:12,15.31
1,1,16,2026-02-15 09:50:12,15.44
1,1,16,2026-02-15 10:00:12,15.4
1,1,16,2026-02-15 10:10:12,15.44
1,1,16,2026-02-15 10:20:12,15.4
1,1,16,2026-02-15 10:30:12,15.4
1,1,16,2026-02-15 10:40:12,15.36
1,1,16,2026-02-15 10:50:12,15.44
1,1,16,2026-02-15 11:00:12,15.48
1,1,16,2026-02-15 11:10:12,15.44
1,1,16,2026-02-15 11:20:12,15.4
1,1,16,2026-02-15 11:30:12,15.44
1,1,16,2026-02-15 11:40:12,15.4
1,1,16,2026-02-15 11:50:12,15.44
1,1,16,2026-02-15 12:00:12,15.36
1,1,16,2026-02-15 12:10:12,15.44
1,1,16,2026-02-15 12:20:12,15.44
1,1,16,2026-02-15 12:30:12,15.44
1,1,16,2026-02-15 12:40:12,15.44
1,1,16,2026-02-15 12:50:12,15.4
1,1,16,2026-02-15 13:00:12,15.4
1,1,16,2026-02-15 13:10:12,15.4
1,1,16,2026-02-15 13:20:12,15.4
1,1,16,2026-02-15 13:30:12,15.44
1,1,16,2026-02-15 13:40:12,15.61
1,1,16,2026-02-15 13:50:12,15.57
1,1,16,2026-02-15 14:00:12,15.36
1,1,16,2026-02-15 14:10:12,15.31
1,1,16,2026-02-15 14:20:12,15.36
1,1,16,2026-02-15 14:30:12,15.4
1,1,16,2026-02-15 14:40:12,15.44
1,1,16,2026-02-15 14:50:12,15.44
1,1,16,2026-02-15 15:00:12,15.48
1,1,16,2026-02-15 15:10:12,15.53
1,1,16,2026-02-15 15:20:12,15.61
1,1,16,2026-02-15 15:30:12,15.48
1,1,16,2026-02-15 15:40:12,15.53
1,1,16,2026-02-15 15:50:12,15.44
1,1,16,2026-02-15 16:00:12,15.48
1,1,16,2026-02-15 16:10:12,15.44
1,1,16,2026-02-15 16:20:12,15.44
1,1,16,2026-02-15 16:30:12,15.48
1,1,16,2026-02-15 16:40:12,15.53
1,1,16,2026-02-15 16:50:12,15.57
1,1,16,2026-02-15 17:00:12,15.57
1,1,16,2026-02-15 17:10:12,15.57
1,1,16,2026-02-15 17:20:12,15.53
1,1,16,2026-02-15 17:30:12,15.53
1,1,16,2026-02-15 17:40:12,15.48
1,1,16,2026-02-15 17:50:12,15.44
1,1,16,2026-02-15 18:00:12,15.48
1,1,16,2026-02-15 18:10:12,15.44
1,1,16,2026-02-15 18:20:12,15.44
1,1,16,2026-02-15 18:30:12,15.44
1,1,16,2026-02-15 18:40:12,15.44
1,1,16,2026-02-15 18:50:12,15.48
1,1,16,2026-02-15 19:00:12,15.61
1,1,16,2026-02-15 19:10:12,15.57
1,1,16,2026-02-15 19:20:12,15.48
1,1,16,2026-02-15 19:30:12,15.44
1,1,16,2026-02-15 19:40:12,15.4
1,1,16,2026-02-15 19:50:12,15.44
1,1,16,2026-02-15 20:00:12,15.44
1,1,16,2026-02-15 20:10:12,15.48
1,1,16,2026-02-15 20:20:12,15.48
1,1,16,2026-02-15 20:30:12,15.57
1,1,16,2026-02-15 20:40:12,15.53
1,1,16,2026-02-15 20:50:12,15.53
1,1,16,2026-02-15 21:00:12,15.48
1,1,16,2026-02-15 21:10:12,15.48
1,1,16,2026-02-15 21:20:12,15.4
1,1,16,2026-02-15 21:30:12,15.44
1,1,16,2026-02-15 21:40:12,15.44
1,1,16,2026-02-15 21:50:12,15.36
1,1,16,2026-02-15 22:00:12,15.4
1,1,16,2026-02-15 22:10:12,15.44
1,1,16,2026-02-15 22:20:12,15.4
1,1,16,2026-02-15 22:30:12,15.48
1,1,16,2026-02-15 22:40:12,15.4
1,1,16,2026-02-15 22:50:12,15.36
1,1,16,2026-02-15 23:00:12,15.4
1,1,16,2026-02-15 23:10:12,15.48
1,1,16,2026-02-15 23:20:12,15.53
1,1,16,2026-02-15 23:30:12,15.53
1,1,16,2026-02-15 23:40:12,15.57
1,1,16,2026-02-15 23:50:12,15.53
1,1,16,2026-02-16 00:00:12,15.48
1,1,16,2026-02-16 00:10:12,15.48
1,1,16,2026-02-16 00:20:12,15.48
1,1,16,2026-02-16 00:30:12,15.44
1,1,16,2026-02-16 00:40:12,15.44
1,1,16,2026-02-16 00:50:12,15.4
1,1,16,2026-02-16 01:00:12,15.44
1,1,16,2026-02-16 01:10:12,15.44
1,1,16,2026-02-16 01:20:12,15.44
1,1,16,2026-02-16 01:30:12,15.53
1,1,16,2026-02-16 01:40:12,15.53
1,1,16,2026-02-16 01:50:12,15.48
1,1,16,2026-02-16 02:00:12,15.48
1,1,16,2026-02-16 02:10:12,15.44
1,1,16,2026-02-16 02:20:12,15.48
1,1,16,2026-02-16 02:30:12,15.44
1,1,16,2026-02-16 02:40:12,15.44
1,1,16,2026-02-16 02:50:12,15.44
1,1,16,2026-02-16 03:00:12,15.44
1,1,16,2026-02-16 03:10:12,15.48
1,1,16,2026-02-16 03:20:12,15.44
1,1,16,2026-02-16 03:30:12,15.48
1,1,16,2026-02-16 03:40:12,15.44
1,1,16,2026-02-16 03:50:12,15.48
1,1,16,2026-02-16 04:00:12,15.44
1,1,16,2026-02-16 04:10:12,15.44
1,1,16,2026-02-16 04:20:12,15.44
1,1,16,2026-02-16 04:30:12,15.48
1,1,16,2026-02-16 04:40:12,15.44
1,1,16,2026-02-16 04:50:12,15.48
1,1,16,2026-02-16 05:00:12,15.44
1,1,16,2026-02-16 05:10:12,15.44
1,1,16,2026-02-16 05:20:12,15.44
1,1,16,2026-02-16 05:30:12,15.48
1,1,16,2026-02-16 05:40:12,15.44
1,1,16,2026-02-16 05:50:12,15.44
1,1,16,2026-02-16 06:00:12,15.48
1,1,16,2026-02-16 06:10:12,15.44
1,1,16,2026-02-16 06:20:12,15.4
1,1,16,2026-02-16 06:30:12,15.44
1,1,16,2026-02-16 06:40:12,15.44
1,1,16,2026-02-16 06:50:12,15.44
1,1,16,2026-02-16 07:00:12,15.48
1,1,16,2026-02-16 07:10:12,15.4
1,1,16,2026-02-16 07:20:12,15.48
1,1,16,2026-02-16 07:30:12,15.44
1,1,16,2026-02-16 07:40:12,15.44
1,1,16,2026-02-16 07:50:12,15.44
1,1,16,2026-02-16 08:00:12,15.44
1,1,16,2026-02-16 08:10:12,15.48
1,1,16,2026-02-16 08:20:12,15.48
1,1,16,2026-02-16 08:30:12,15.44
1,1,16,2026-02-16 08:40:12,15.44
1,1,16,2026-02-16 08:50:12,15.44
1,1,16,2026-02-16 09:00:12,15.61
1,1,16,2026-02-16 09:10:12,15.87
1,1,16,2026-02-16 09:20:12,15.96
1,1,16,2026-02-16 09:30:12,15.91
1,1,16,2026-02-16 09:40:12,15.87
1,1,16,2026-02-16 09:50:12,15.78
1,1,16,2026-02-16 10:00:12,15.7
1,1,16,2026-02-16 10:10:12,15.57
1,1,16,2026-02-16 10:20:12,15.48
1,1,16,2026-02-16 10:30:12,15.48
1,1,16,2026-02-16 10:40:12,15.66
1,1,16,2026-02-16 10:50:12,15.66
1,1,16,2026-02-16 11:00:12,15.66
1,1,16,2026-02-16 11:10:12,15.57
1,1,16,2026-02-16 11:20:12,15.53
1,1,16,2026-02-16 11:30:12,15.48
1,1,16,2026-02-16 11:40:12,15.48
1,1,16,2026-02-16 11:50:12,15.48
1,1,16,2026-02-16 12:00:12,15.44
1,1,16,2026-02-16 12:10:12,15.48
1,1,16,2026-02-16 12:20:12,15.44
1,1,16,2026-02-16 12:30:12,15.48
1,1,16,2026-02-16 12:40:12,15.44
1,1,16,2026-02-16 12:50:12,15.44
1,1,16,2026-02-16 13:00:12,15.44
1,1,16,2026-02-16 13:10:12,15.44
1,1,16,2026-02-16 13:20:12,15.4
1,1,16,2026-02-16 13:30:12,15.4
1,1,16,2026-02-16 13:40:12,15.48
1,1,16,2026-02-16 13:50:12,15.48
1,1,16,2026-02-16 14:00:12,15.53
1,1,16,2026-02-16 14:10:12,15.53
1,1,16,2026-02-16 14:20:12,15.57
1,1,16,2026-02-16 14:30:12,15.61
1,1,16,2026-02-16 14:40:12,15.61
1,1,16,2026-02-16 14:50:12,15.66
1,1,16,2026-02-16 15:00:12,15.57
1,1,16,2026-02-16 15:10:12,15.53
1,1,16,2026-02-16 15:20:12,15.48
1,1,16,2026-02-16 15:30:12,15.44
1,1,16,2026-02-16 15:40:12,15.44
1,1,16,2026-02-16 15:50:12,15.4
1,1,16,2026-02-16 16:00:12,15.48
1,1,16,2026-02-16 16:10:12,15.48
1,1,16,2026-02-16 16:20:12,15.44
1,1,16,2026-02-16 16:30:12,15.4
1,1,16,2026-02-16 16:40:12,15.44
1,1,16,2026-02-16 16:50:12,15.48
1,1,16,2026-02-16 17:00:12,15.44
1,1,16,2026-02-16 17:10:12,15.48
1,1,16,2026-02-16 17:20:12,15.48
1,1,16,2026-02-16 17:30:12,15.44
1,1,16,2026-02-16 17:40:12,15.48
1,1,16,2026-02-16 17:50:12,15.44
1,1,16,2026-02-16 18:00:12,15.44
1,1,16,2026-02-16 18:10:12,15.48
1,1,16,2026-02-16 18:20:12,15.48
1,1,16,2026-02-16 18:30:12,15.48
1,1,16,2026-02-16 18:40:12,15.48
1,1,16,2026-02-16 18:50:12,15.48
1,1,16,2026-02-16 19:00:12,15.48
1,1,16,2026-02-16 19:10:12,15.44
1,1,16,2026-02-16 19:20:12,15.48
1,1,16,2026-02-16 19:30:12,15.44
1,1,16,2026-02-16 19:40:12,15.44
1,1,16,2026-02-16 19:50:12,15.44
1,1,16,2026-02-16 20:00:12,15.53
1,1,16,2026-02-16 20:10:12,15.57
1,1,16,2026-02-16 20:20:12,15.48
1,1,16,2026-02-16 20:30:12,15.48
1,1,16,2026-02-16 20:40:12,15.48
1,1,16,2026-02-16 20:50:12,15.44
1,1,16,2026-02-16 21:00:12,15.44
1,1,16,2026-02-16 21:10:12,15.44
1,1,16,2026-02-16 21:20:12,15.44
1,1,16,2026-02-16 21:30:12,15.44
1,1,16,2026-02-16 21:40:12,15.44
1,1,16,2026-02-16 21:50:12,15.48
1,1,16,2026-02-16 22:00:12,15.44
1,1,16,2026-02-16 22:10:12,15.48
1,1,16,2026-02-16 22:20:12,15.4
1,1,16,2026-02-16 22:30:12,15.48
1,1,16,2026-02-16 22:40:12,15.44
1,1,16,2026-02-16 22:50:12,15.44
1,1,16,2026-02-16 23:00:12,15.48
1,1,16,2026-02-16 23:10:12,15.44
1,1,16,2026-02-16 23:20:12,15.44
1,1,16,2026-02-16 23:30:12,15.44
1,1,16,2026-02-16 23:40:12,15.53
1,1,16,2026-02-16 23:50:12,15.57
1,1,16,2026-02-17 00:00:12,15.57
1,1,16,2026-02-17 00:10:12,15.53
1,1,16,2026-02-17 00:20:12,15.48
1,1,16,2026-02-17 00:30:12,15.48
1,1,16,2026-02-17 00:40:12,15.53
1,1,16,2026-02-17 00:50:12,15.48
1,1,16,2026-02-17 01:00:12,15.48
1,1,16,2026-02-17 01:10:12,15.48
1,1,16,2026-02-17 01:20:12,15.44
1,1,16,2026-02-17 01:30:12,15.44
1,1,16,2026-02-17 01:40:12,15.44
1,1,16,2026-02-17 01:50:12,15.44
1,1,16,2026-02-17 02:00:12,15.44
1,1,16,2026-02-17 02:10:12,15.36
1,1,16,2026-02-17 02:20:12,15.44
1,1,16,2026-02-17 02:30:12,15.4
1,1,16,2026-02-17 02:40:12,15.48
1,1,16,2026-02-17 02:50:12,15.4
1,1,16,2026-02-17 03:00:12,15.4
1,1,16,2026-02-17 03:10:12,15.44
1,1,16,2026-02-17 03:20:12,15.4
1,1,16,2026-02-17 03:30:12,15.44
1,1,16,2026-02-17 03:40:12,15.44
1,1,16,2026-02-17 03:50:12,15.4
1,1,16,2026-02-17 04:00:12,15.4
1,1,16,2026-02-17 04:10:12,15.44
1,1,16,2026-02-17 04:20:12,15.44
1,1,16,2026-02-17 04:30:12,15.44
1,1,16,2026-02-17 04:40:12,15.44
1,1,16,2026-02-17 04:50:12,15.44
1,1,16,2026-02-17 05:00:12,15.44
1,1,16,2026-02-17 05:10:12,15.4
1,1,16,2026-02-17 05:20:12,15.44
1,1,16,2026-02-17 05:30:12,15.44
1,1,16,2026-02-17 05:40:12,15.4
1,1,16,2026-02-17 05:50:12,15.44
1,1,16,2026-02-17 06:00:12,15.44
1,1,16,2026-02-17 06:10:12,15.44
1,1,16,2026-02-17 06:20:12,15.4
1,1,16,2026-02-17 06:30:12,15.4
1,1,16,2026-02-17 06:40:12,15.44
1,1,16,2026-02-17 06:50:12,15.44
1,1,16,2026-02-17 07:00:12,15.44
1,1,16,2026-02-17 07:10:12,15.44
1,1,16,2026-02-17 07:20:12,15.48
1,1,16,2026-02-17 07:30:12,15.48
1,1,16,2026-02-17 07:40:12,15.48
1,1,16,2026-02-17 07:50:12,15.44
1,1,16,2026-02-17 08:00:12,15.44
1,1,16,2026-02-17 08:10:12,15.44
1,1,16,2026-02-17 08:20:12,15.48
1,1,16,2026-02-17 08:30:12,15.44
1,1,16,2026-02-17 08:40:12,15.4
1,1,16,2026-02-17 08:50:12,15.48
1,1,16,2026-02-17 09:00:12,15.48
1,1,16,2026-02-17 09:10:12,15.48
1,1,16,2026-02-17 09:20:12,15.53
1,1,16,2026-02-17 09:30:12,15.57
1,1,16,2026-02-17 09:40:12,15.57
1,1,16,2026-02-17 09:50:12,15.53
1,1,16,2026-02-17 10:00:12,15.61
1,1,16,2026-02-17 10:10:12,15.57
1,1,16,2026-02-17 10:20:12,15.53
1,1,16,2026-02-17 10:30:12,15.53
1,1,16,2026-02-17 10:40:12,15.57
1,1,16,2026-02-17 10:50:12,15.48
1,1,16,2026-02-17 11:00:12,15.53
1,1,16,2026-02-17 11:10:12,15.48
1,1,16,2026-02-17 11:20:12,15.44
1,1,16,2026-02-17 11:30:12,15.48
1,1,16,2026-02-17 11:40:12,15.44
1,1,16,2026-02-17 11:50:12,15.48
1,1,16,2026-02-17 12:00:12,15.48
1,1,16,2026-02-17 12:10:12,15.48
1,1,16,2026-02-17 12:20:12,15.48
1,1,16,2026-02-17 12:30:12,15.48
1,1,16,2026-02-17 12:40:12,15.48
1,1,16,2026-02-17 12:50:12,15.48
1,1,16,2026-02-17 13:00:12,15.48
1,1,16,2026-02-17 13:10:12,15.48
1,1,16,2026-02-17 13:20:12,15.44
1,1,16,2026-02-17 13:30:12,15.48
1,1,16,2026-02-17 13:40:12,15.44
1,1,16,2026-02-17 13:50:12,15.48
1,1,16,2026-02-17 14:00:12,15.44
1,1,16,2026-02-17 14:10:12,15.44
1,1,16,2026-02-17 14:20:12,15.44
1,1,16,2026-02-17 14:30:12,15.44
1,1,16,2026-02-17 14:40:12,15.44
1,1,16,2026-02-17 14:50:12,15.44
1,1,16,2026-02-17 15:00:12,15.4
1,1,16,2026-02-17 15:10:12,15.48
1,1,16,2026-02-17 15:20:12,15.53
1,1,16,2026-02-17 15:30:12,15.48
1,1,16,2026-02-17 15:40:12,15.44
1,1,16,2026-02-17 15:50:12,15.44
1,1,16,2026-02-17 16:00:12,15.44
1,1,16,2026-02-17 16:10:12,15.44
1,1,16,2026-02-17 16:20:12,15.44
1,1,16,2026-02-17 16:30:12,15.4
1,1,16,2026-02-17 16:40:12,15.44
1,1,16,2026-02-17 16:50:12,15.44
1,1,16,2026-02-17 17:00:12,15.48
1,1,16,2026-02-17 17:10:12,15.44
1,1,16,2026-02-17 17:20:12,15.44
1,1,16,2026-02-17 17:30:12,15.48
1,1,16,2026-02-17 17:40:12,15.83
1,2,22,2026-02-08 14:59:44,24.15
1,2,22,2026-02-08 15:09:44,23.85
1,2,22,2026-02-08 15:19:44,23.12
1,2,22,2026-02-08 15:29:44,22.78
1,2,22,2026-02-08 15:39:44,22.65
1,2,22,2026-02-08 15:49:44,22.56
1,2,22,2026-02-08 15:59:44,22.61
1,2,22,2026-02-08 16:09:44,22.56
1,2,22,2026-02-08 16:19:44,22.61
1,2,22,2026-02-08 16:29:44,22.61
1,2,22,2026-02-08 16:39:44,22.61
1,2,22,2026-02-08 16:49:44,22.65
1,2,22,2026-02-08 16:59:44,22.61
1,2,22,2026-02-08 17:09:44,22.56
1,2,22,2026-02-08 17:19:44,22.52
1,2,22,2026-02-08 17:29:44,22.56
1,2,22,2026-02-08 17:39:44,22.52
1,2,22,2026-02-08 17:49:44,22.56
1,2,22,2026-02-08 17:59:44,22.52
1,2,22,2026-02-08 18:09:44,22.52
1,2,22,2026-02-08 18:19:44,22.56
1,2,22,2026-02-08 18:29:44,22.52
1,2,22,2026-02-08 18:39:44,22.56
1,2,22,2026-02-08 18:49:44,22.52
1,2,22,2026-02-08 18:59:44,22.52
1,2,22,2026-02-08 19:09:44,22.56
1,2,22,2026-02-08 19:19:44,22.52
1,2,22,2026-02-08 19:29:44,22.52
1,2,22,2026-02-08 19:39:44,22.61
1,2,22,2026-02-08 19:49:44,22.52
1,2,22,2026-02-08 19:59:44,22.56
1,2,22,2026-02-08 20:09:44,22.56
1,2,22,2026-02-08 20:19:44,22.52
1,2,22,2026-02-08 20:29:44,22.56
1,2,22,2026-02-08 20:39:44,22.56
1,2,22,2026-02-08 20:49:44,22.56
1,2,22,2026-02-08 20:59:44,22.52
1,2,22,2026-02-08 21:09:44,22.52
1,2,22,2026-02-08 21:19:44,22.52
1,2,22,2026-02-08 21:29:44,22.56
1,2,22,2026-02-08 21:39:44,22.56
1,2,22,2026-02-08 21:49:44,22.61
1,2,22,2026-02-08 21:59:44,22.52
1,2,22,2026-02-08 22:09:44,22.56
1,2,22,2026-02-08 22:19:44,22.56
1,2,22,2026-02-08 22:29:44,22.56
1,2,22,2026-02-08 22:39:44,22.61
1,2,22,2026-02-08 22:49:44,22.56
1,2,22,2026-02-08 22:59:44,22.61
1,2,22,2026-02-08 23:09:44,22.56
1,2,22,2026-02-08 23:19:44,22.61
1,2,22,2026-02-08 23:29:44,22.56
1,2,22,2026-02-08 23:39:44,22.65
1,2,22,2026-02-08 23:49:44,22.61
1,2,22,2026-02-08 23:59:44,22.56
1,2,22,2026-02-09 00:09:44,22.61
1,2,22,2026-02-09 00:19:44,22.61
1,2,22,2026-02-09 00:29:44,22.61
1,2,22,2026-02-09 00:39:44,22.61
1,2,22,2026-02-09 00:49:44,22.61
1,2,22,2026-02-09 00:59:44,22.65
1,2,22,2026-02-09 01:09:44,22.65
1,2,22,2026-02-09 01:19:44,22.61
1,2,22,2026-02-09 01:29:44,22.65
1,2,22,2026-02-09 01:39:44,22.69
1,2,22,2026-02-09 01:49:44,22.65
1,2,22,2026-02-09 01:59:44,22.69
1,2,22,2026-02-09 02:09:44,22.65
1,2,22,2026-02-09 02:19:44,22.65
1,2,22,2026-02-09 02:29:44,22.73
1,2,22,2026-02-09 02:39:44,22.82
1,2,22,2026-02-09 02:49:44,22.86
1,2,22,2026-02-09 02:59:44,22.86
1,2,22,2026-02-09 03:09:44,22.91
1,2,22,2026-02-09 03:19:44,22.91
1,2,22,2026-02-09 03:29:44,22.95
1,2,22,2026-02-09 03:39:44,22.91
1,2,22,2026-02-09 03:49:44,22.91
1,2,22,2026-02-09 03:59:44,22.86
1,2,22,2026-02-09 04:09:44,22.86
1,2,22,2026-02-09 04:19:44,22.86
1,2,22,2026-02-09 04:29:44,22.86
1,2,22,2026-02-09 04:39:44,22.82
1,2,22,2026-02-09 04:49:44,22.82
1,2,22,2026-02-09 04:59:44,22.73
1,2,22,2026-02-09 05:09:44,22.78
1,2,22,2026-02-09 05:19:44,22.78
1,2,22,2026-02-09 05:29:44,22.69
1,2,22,2026-02-09 05:39:44,22.65
1,2,22,2026-02-09 05:49:44,22.65
1,2,22,2026-02-09 05:59:44,22.65
1,2,22,2026-02-09 06:09:44,22.61
1,2,22,2026-02-09 06:19:44,22.61
1,2,22,2026-02-09 06:29:44,22.61
1,2,22,2026-02-09 06:39:44,22.61
1,2,22,2026-02-09 06:49:44,22.52
1,2,22,2026-02-09 06:59:44,22.61
1,2,22,2026-02-09 07:09:44,22.56
1,2,22,2026-02-09 07:19:44,22.56
1,2,22,2026-02-09 07:29:44,22.56
1,2,22,2026-02-09 07:39:44,22.73
1,2,22,2026-02-09 07:49:44,22.86
1,2,22,2026-02-09 07:59:44,22.99
1,2,22,2026-02-09 08:09:44,22.91
1,2,22,2026-02-09 08:19:44,22.99
1,2,22,2026-02-09 08:29:44,22.95
1,2,22,2026-02-09 08:39:44,22.99
1,2,22,2026-02-09 08:49:44,23.03
1,2,22,2026-02-09 08:59:44,22.95
1,2,22,2026-02-09 09:09:44,22.69
1,2,22,2026-02-09 09:19:44,22.52
1,2,22,2026-02-09 09:29:44,22.43
1,2,22,2026-02-09 09:39:44,22.35
1,2,22,2026-02-09 09:49:44,22.35
1,2,22,2026-02-09 09:59:44,22.31
1,2,22,2026-02-09 10:09:44,22.35
1,2,22,2026-02-09 10:19:44,22.39
1,2,22,2026-02-09 10:29:44,22.39
1,2,22,2026-02-09 10:39:44,22.35
1,2,22,2026-02-09 10:49:44,22.43
1,2,22,2026-02-09 10:59:44,22.39
1,2,22,2026-02-09 11:09:44,22.48
1,2,22,2026-02-09 11:19:44,22.52
1,2,22,2026-02-09 11:29:44,22.56
1,2,22,2026-02-09 11:39:44,22.61
1,2,22,2026-02-09 11:49:44,22.73
1,2,22,2026-02-09 11:59:44,22.73
1,2,22,2026-02-09 12:09:44,22.78
1,2,22,2026-02-09 12:19:44,22.86
1,2,22,2026-02-09 12:29:44,22.95
1,2,22,2026-02-09 12:39:44,22.95
1,2,22,2026-02-09 12:49:44,23.03
1,2,22,2026-02-09 12:59:44,23.08
1,2,22,2026-02-09 13:09:44,23.21
1,2,22,2026-02-09 13:19:44,23.16
1,2,22,2026-02-09 13:29:44,23.25
1,2,22,2026-02-09 13:39:44,23.34
1,2,22,2026-02-09 13:49:44,23.34
1,2,22,2026-02-09 13:59:44,23.29
1,2,22,2026-02-09 14:09:44,23.34
1,2,22,2026-02-09 14:19:44,23.34
1,2,22,2026-02-09 14:29:44,23.38
1,2,22,2026-02-09 14:39:44,23.38
1,2,22,2026-02-09 14:49:44,23.38
1,2,22,2026-02-09 14:59:44,23.46
1,2,22,2026-02-09 15:09:44,23.46
1,2,22,2026-02-09 15:19:44,23.55
1,2,22,2026-02-09 15:29:44,23.55
1,2,22,2026-02-09 15:39:44,23.59
1,2,22,2026-02-09 15:49:44,23.68
1,2,22,2026-02-09 15:59:44,23.68
1,2,22,2026-02-09 16:09:44,23.68
1,2,22,2026-02-09 16:19:44,23.72
1,2,22,2026-02-09 16:29:44,23.68
1,2,22,2026-02-09 16:39:44,23.68
1,2,22,2026-02-09 16:49:44,23.68
1,2,22,2026-02-09 16:59:44,23.64
1,2,22,2026-02-09 17:09:44,23.64
1,2,22,2026-02-09 17:19:44,23.55
1,2,22,2026-02-09 17:29:44,23.42
1,2,22,2026-02-09 17:39:44,23.42
1,2,22,2026-02-09 17:49:44,23.29
1,2,22,2026-02-09 17:59:44,23.29
1,2,22,2026-02-09 18:09:44,23.29
1,2,22,2026-02-09 18:19:44,23.34
1,2,22,2026-02-09 18:29:44,23.38
1,2,22,2026-02-09 18:39:44,23.38
1,2,22,2026-02-09 18:49:44,23.51
1,2,22,2026-02-09 18:59:44,23.51
1,2,22,2026-02-09 19:09:44,23.59
1,2,22,2026-02-09 19:19:44,23.46
1,2,22,2026-02-09 19:29:44,23.12
1,2,22,2026-02-09 19:39:44,22.82
1,2,22,2026-02-09 19:49:44,22.65
1,2,22,2026-02-09 19:59:44,22.56
1,2,22,2026-02-09 20:09:44,22.52
1,2,22,2026-02-09 20:19:44,22.48
1,2,22,2026-02-09 20:29:44,22.43
1,2,22,2026-02-09 20:39:44,22.43
1,2,22,2026-02-09 20:49:44,22.48
1,2,22,2026-02-09 20:59:44,22.48
1,2,22,2026-02-09 21:09:44,22.43
1,2,22,2026-02-09 21:19:44,22.43
1,2,22,2026-02-09 21:29:44,22.43
1,2,22,2026-02-09 21:39:44,22.43
1,2,22,2026-02-09 21:49:44,22.43
1,2,22,2026-02-09 21:59:44,22.43
1,2,22,2026-02-09 22:09:44,22.39
1,2,22,2026-02-09 22:19:44,22.43
1,2,22,2026-02-09 22:29:44,22.48
1,2,22,2026-02-09 22:39:44,22.48
1,2,22,2026-02-09 22:49:44,22.48
1,2,22,2026-02-09 22:59:44,22.52
1,2,22,2026-02-09 23:09:44,22.43
1,2,22,2026-02-09 23:19:44,22.43
1,2,22,2026-02-09 23:29:44,22.43
1,2,22,2026-02-09 23:39:44,22.35
1,2,22,2026-02-09 23:49:44,22.43
1,2,22,2026-02-09 23:59:44,22.39
1,2,22,2026-02-10 00:09:44,22.43
1,2,22,2026-02-10 00:19:44,22.43
1,2,22,2026-02-10 00:29:44,22.39
1,2,22,2026-02-10 00:39:44,22.43
1,2,22,2026-02-10 00:49:44,22.39
1,2,22,2026-02-10 00:59:44,22.39
1,2,22,2026-02-10 01:09:44,22.39
1,2,22,2026-02-10 01:19:44,22.39
1,2,22,2026-02-10 01:29:44,22.39
1,2,22,2026-02-10 01:39:44,22.35
1,2,22,2026-02-10 01:49:44,22.39
1,2,22,2026-02-10 01:59:44,22.43
1,2,22,2026-02-10 02:09:44,22.35
1,2,22,2026-02-10 02:19:44,22.39
1,2,22,2026-02-10 02:29:44,22.39
1,2,22,2026-02-10 02:39:44,22.39
1,2,22,2026-02-10 02:49:44,22.43
1,2,22,2026-02-10 02:59:44,22.35
1,2,22,2026-02-10 03:09:44,22.35
1,2,22,2026-02-10 03:19:44,22.39
1,2,22,2026-02-10 03:29:44,22.35
1,2,22,2026-02-10 03:39:44,22.39
1,2,22,2026-02-10 03:49:44,22.39
1,2,22,2026-02-10 03:59:44,22.39
1,2,22,2026-02-10 04:09:44,22.35
1,2,22,2026-02-10 04:19:44,22.39
1,2,22,2026-02-10 04:29:44,22.39
1,2,22,2026-02-10 04:39:44,22.39
1,2,22,2026-02-10 04:49:44,22.43
1,2,22,2026-02-10 04:59:44,22.39
1,2,22,2026-02-10 05:09:44,22.35
1,2,22,2026-02-10 05:19:44,22.39
1,2,22,2026-02-10 05:29:44,22.43
1,2,22,2026-02-10 05:39:44,22.39
1,2,22,2026-02-10 05:49:44,22.35
1,2,22,2026-02-10 05:59:44,22.35
1,2,22,2026-02-10 06:09:44,22.35
1,2,22,2026-02-10 06:19:44,22.43
1,2,22,2026-02-10 06:29:44,22.39
1,2,22,2026-02-10 06:39:44,22.39
1,2,22,2026-02-10 06:49:44,22.39
1,2,22,2026-02-10 06:59:44,22.39
1,2,22,2026-02-10 07:09:44,22.43
1,2,22,2026-02-10 07:19:44,22.39
1,2,22,2026-02-10 07:29:44,22.43
1,2,22,2026-02-10 07:39:44,22.52
1,2,22,2026-02-10 07:49:44,22.52
1,2,22,2026-02-10 07:59:44,22.48
1,2,22,2026-02-10 08:09:44,22.48
1,2,22,2026-02-10 08:19:44,22.39
1,2,22,2026-02-10 08:29:44,22.43
1,2,22,2026-02-10 08:39:44,22.43
1,2,22,2026-02-10 08:49:44,22.43
1,2,22,2026-02-10 08:59:44,22.43
1,2,22,2026-02-10 09:09:44,22.43
1,2,22,2026-02-10 09:19:44,22.39
1,2,22,2026-02-10 09:29:44,22.48
1,2,22,2026-02-10 09:39:44,22.48
1,2,22,2026-02-10 09:49:44,22.56
1,2,22,2026-02-10 09:59:44,22.52
1,2,22,2026-02-10 10:09:44,22.56
1,2,22,2026-02-10 10:19:44,22.56
1,2,22,2026-02-10 10:29:44,22.61
1,2,22,2026-02-10 10:39:44,22.61
1,2,22,2026-02-10 10:49:44,22.61
1,2,22,2026-02-10 10:59:44,22.56
1,2,22,2026-02-10 11:09:44,22.52
1,2,22,2026-02-10 11:19:44,22.52
1,2,22,2026-02-10 11:29:44,22.48
1,2,22,2026-02-10 11:39:44,22.48
1,2,22,2026-02-10 11:49:44,22.52
1,2,22,2026-02-10 11:59:44,22.48
1,2,22,2026-02-10 12:09:44,22.48
1,2,22,2026-02-10 12:19:44,22.48
1,2,22,2026-02-10 12:29:44,22.43
1,2,22,2026-02-10 12:39:44,22.48
1,2,22,2026-02-10 12:49:44,22.39
1,2,22,2026-02-10 12:59:44,22.39
1,2,22,2026-02-10 13:09:44,22.39
1,2,22,2026-02-10 13:19:44,22.39
1,2,22,2026-02-10 13:29:44,22.39
1,2,22,2026-02-10 13:39:44,22.39
1,2,22,2026-02-10 13:49:44,22.35
1,2,22,2026-02-10 13:59:44,22.39
1,2,22,2026-02-10 14:09:44,22.39
1,2,22,2026-02-10 14:19:44,22.43
1,2,22,2026-02-10 14:29:44,22.39
1,2,22,2026-02-10 14:39:44,22.43
1,2,22,2026-02-10 14:49:44,22.39
1,2,22,2026-02-10 14:59:44,22.39
1,2,22,2026-02-10 15:09:44,22.35
1,2,22,2026-02-10 15:19:44,22.39
1,2,22,2026-02-10 15:29:44,22.39
1,2,22,2026-02-10 15:39:44,22.39
1,2,22,2026-02-10 15:49:44,22.43
1,2,22,2026-02-10 15:59:44,22.39
1,2,22,2026-02-10 16:09:44,22.35
1,2,22,2026-02-10 16:19:44,22.35
1,2,22,2026-02-10 16:29:44,22.31
1,2,22,2026-02-10 16:39:44,22.31
1,2,22,2026-02-10 16:49:44,22.26
1,2,22,2026-02-10 16:59:44,22.26
1,2,22,2026-02-10 17:09:44,22.39
1,2,22,2026-02-10 17:19:44,22.43
1,2,22,2026-02-10 17:29:44,22.39
1,2,22,2026-02-10 17:39:44,22.39
1,2,22,2026-02-10 17:49:44,22.43
1,2,22,2026-02-10 17:59:44,22.39
1,2,22,2026-02-10 18:09:44,22.39
1,2,22,2026-02-10 18:19:44,22.39
1,2,22,2026-02-10 18:29:44,22.35
1,2,22,2026-02-10 18:39:44,22.35
1,2,22,2026-02-10 18:49:44,22.39
1,2,22,2026-02-10 18:59:44,22.39
1,2,22,2026-02-10 19:09:44,22.39
1,2,22,2026-02-10 19:19:44,22.39
1,2,22,2026-02-10 19:29:44,22.35
1,2,22,2026-02-10 19:39:44,22.35
1,2,22,2026-02-10 19:49:44,22.35
1,2,22,2026-02-10 19:59:44,22.35
1,2,22,2026-02-10 20:09:44,22.35
1,2,22,2026-02-10 20:19:44,22.35
1,2,22,2026-02-10 20:29:44,22.35
1,2,22,2026-02-10 20:39:44,22.31
1,2,22,2026-02-10 20:49:44,22.35
1,2,22,2026-02-10 20:59:44,22.35
1,2,22,2026-02-10 21:09:44,22.35
1,2,22,2026-02-10 21:19:44,22.35
1,2,22,2026-02-10 21:29:44,22.31
1,2,22,2026-02-10 21:39:44,22.39
1,2,22,2026-02-10 21:49:44,22.35
1,2,22,2026-02-10 21:59:44,22.31
1,2,22,2026-02-10 22:09:44,22.35
1,2,22,2026-02-10 22:19:44,22.35
1,2,22,2026-02-10 22:29:44,22.39
1,2,22,2026-02-10 22:39:44,22.39
1,2,22,2026-02-10 22:49:44,22.43
1,2,22,2026-02-10 22:59:44,22.35
1,2,22,2026-02-10 23:09:44,22.35
1,2,22,2026-02-10 23:19:44,22.35
1,2,22,2026-02-10 23:29:44,22.31
1,2,22,2026-02-10 23:39:44,22.31
1,2,22,2026-02-10 23:49:44,22.35
1,2,22,2026-02-10 23:59:44,22.35
1,2,22,2026-02-11 00:09:44,22.35
1,2,22,2026-02-11 00:19:44,22.26
1,2,22,2026-02-11 00:29:44,22.35
1,2,22,2026-02-11 00:39:44,22.31
1,2,22,2026-02-11 00:49:44,22.31
1,2,22,2026-02-11 00:59:44,22.31
1,2,22,2026-02-11 01:09:44,22.35
1,2,22,2026-02-11 01:19:44,22.31
1,2,22,2026-02-11 01:29:44,22.35
1,2,22,2026-02-11 01:39:44,22.31
1,2,22,2026-02-11 01:49:44,22.31
1,2,22,2026-02-11 01:59:44,22.35
1,2,22,2026-02-11 02:09:44,22.35
1,2,22,2026-02-11 02:19:44,22.35
1,2,22,2026-02-11 02:29:44,22.35
1,2,22,2026-02-11 02:39:44,22.26
1,2,22,2026-02-11 02:49:44,22.35
1,2,22,2026-02-11 02:59:44,22.31
1,2,22,2026-02-11 03:09:44,22.26
1,2,22,2026-02-11 03:19:44,22.26
1,2,22,2026-02-11 03:29:44,22.31
1,2,22,2026-02-11 03:39:44,22.31
1,2,22,2026-02-11 03:49:44,22.26
1,2,22,2026-02-11 03:59:44,22.31
1,2,22,2026-02-11 04:09:44,22.31
1,2,22,2026-02-11 04:19:44,22.26
1,2,22,2026-02-11 04:29:44,22.31
1,2,22,2026-02-11 04:39:44,22.35
1,2,22,2026-02-11 04:49:44,22.31
1,2,22,2026-02-11 04:59:44,22.31
1,2,22,2026-02-11 05:09:44,22.35
1,2,22,2026-02-11 05:19:44,22.35
1,2,22,2026-02-11 05:29:44,22.31
1,2,22,2026-02-11 05:39:44,22.35
1,2,22,2026-02-11 05:49:44,22.31
1,2,22,2026-02-11 05:59:44,22.35
1,2,22,2026-02-11 06:09:44,22.31
1,2,22,2026-02-11 06:19:44,22.35
1,2,22,2026-02-11 06:29:44,22.31
1,2,22,2026-02-11 06:39:44,22.31
1,2,22,2026-02-11 06:49:44,22.35
1,2,22,2026-02-11 06:59:44,22.35
1,2,22,2026-02-11 07:09:44,22.35
1,2,22,2026-02-11 07:19:44,22.35
1,2,22,2026-02-11 07:29:44,22.35
1,2,22,2026-02-11 07:39:44,22.43
1,2,22,2026-02-11 07:49:44,22.48
1,2,22,2026-02-11 07:59:44,22.48
1,2,22,2026-02-11 08:09:44,22.39
1,2,22,2026-02-11 08:19:44,22.39
1,2,22,2026-02-11 08:29:44,22.35
1,2,22,2026-02-11 08:39:44,22.39
1,2,22,2026-02-11 08:49:44,22.35
1,2,22,2026-02-11 08:59:44,22.43
1,2,22,2026-02-11 09:09:44,22.48
1,2,22,2026-02-11 09:19:44,22.48
1,2,22,2026-02-11 09:29:44,22.52
1,2,22,2026-02-11 09:39:44,22.61
1,2,22,2026-02-11 09:49:44,22.65
1,2,22,2026-02-11 09:59:44,22.65
1,2,22,2026-02-11 10:09:44,22.61
1,2,22,2026-02-11 10:19:44,22.56
1,2,22,2026-02-11 10:29:44,22.61
1,2,22,2026-02-11 10:39:44,22.52
1,2,22,2026-02-11 10:49:44,22.48
1,2,22,2026-02-11 10:59:44,22.48
1,2,22,2026-02-11 11:09:44,22.43
1,2,22,2026-02-11 11:19:44,22.48
1,2,22,2026-02-11 11:29:44,22.35
1,2,22,2026-02-11 11:39:44,22.39
1,2,22,2026-02-11 11:49:44,22.35
1,2,22,2026-02-11 11:59:44,22.31
1,2,22,2026-02-11 12:09:44,22.26
1,2,22,2026-02-11 12:19:44,22.26
1,2,22,2026-02-11 12:29:44,22.22
1,2,22,2026-02-11 12:39:44,22.26
1,2,22,2026-02-11 12:49:44,22.22
1,2,22,2026-02-11 12:59:44,22.18
1,2,22,2026-02-11 13:09:44,22.18
1,2,22,2026-02-11 13:19:44,22.13
1,2,22,2026-02-11 13:29:44,22.18
1,2,22,2026-02-11 13:39:44,22.13
1,2,22,2026-02-11 13:49:44,22.18
1,2,22,2026-02-11 13:59:44,22.09
1,2,22,2026-02-11 14:09:44,22.09
1,2,22,2026-02-11 14:19:44,22.05
1,2,22,2026-02-11 14:29:44,22.05
1,2,22,2026-02-11 14:39:44,22.01
1,2,22,2026-02-11 14:49:44,22.01
1,2,22,2026-02-11 14:59:44,22.01
1,2,22,2026-02-11 15:09:44,21.96
1,2,22,2026-02-11 15:19:44,21.92
1,2,22,2026-02-11 15:29:44,21.92
1,2,22,2026-02-11 15:39:44,21.88
1,2,22,2026-02-11 15:49:44,21.88
1,2,22,2026-02-11 15:59:44,21.83
1,2,22,2026-02-11 16:09:44,21.83
1,2,22,2026-02-11 16:19:44,21.79
1,2,22,2026-02-11 16:29:44,21.79
1,2,22,2026-02-11 16:39:44,21.75
1,2,22,2026-02-11 16:49:44,21.75
1,2,22,2026-02-11 16:59:44,21.7
1,2,22,2026-02-11 17:09:44,21.7
1,2,22,2026-02-11 17:19:44,21.7
1,2,22,2026-02-11 17:29:44,21.66
1,2,22,2026-02-11 17:39:44,21.66
1,2,22,2026-02-11 17:49:44,21.7
1,2,22,2026-02-11 17:59:44,21.62
1,2,22,2026-02-11 18:09:44,21.66
1,2,22,2026-02-11 18:19:44,21.66
1,2,22,2026-02-11 18:29:44,21.66
1,2,22,2026-02-11 18:39:44,21.66
1,2,22,2026-02-11 18:49:44,21.62
1,2,22,2026-02-11 18:59:44,21.66
1,2,22,2026-02-11 19:09:44,21.62
1,2,22,2026-02-11 19:19:44,21.62
1,2,22,2026-02-11 19:29:44,21.58
1,2,22,2026-02-11 19:39:44,21.58
1,2,22,2026-02-11 19:49:44,21.66
1,2,22,2026-02-11 19:59:44,21.62
1,2,22,2026-02-11 20:09:44,21.62
1,2,22,2026-02-11 20:19:44,21.62
1,2,22,2026-02-11 20:29:44,21.62
1,2,22,2026-02-11 20:39:44,21.62
1,2,22,2026-02-11 20:49:44,21.62
1,2,22,2026-02-11 20:59:44,21.62
1,2,22,2026-02-11 21:09:44,21.62
1,2,22,2026-02-11 21:19:44,21.58
1,2,22,2026-02-11 21:29:44,21.58
1,2,22,2026-02-11 21:39:44,21.62
1,2,22,2026-02-11 21:49:44,21.53
1,2,22,2026-02-11 21:59:44,21.58
1,2,22,2026-02-11 22:09:44,21.58
1,2,22,2026-02-11 22:19:44,21.58
1,2,22,2026-02-11 22:29:44,21.58
1,2,22,2026-02-11 22:39:44,21.58
1,2,22,2026-02-11 22:49:44,21.58
1,2,22,2026-02-11 22:59:44,21.58
1,2,22,2026-02-11 23:09:44,21.62
1,2,22,2026-02-11 23:19:44,21.58
1,2,22,2026-02-11 23:29:44,21.58
1,2,22,2026-02-11 23:39:44,21.53
1,2,22,2026-02-11 23:49:44,21.53
1,2,22,2026-02-11 23:59:44,21.53
1,2,22,2026-02-12 00:09:44,21.49
1,2,22,2026-02-12 00:19:44,21.58
1,2,22,2026-02-12 00:29:44,21.49
1,2,22,2026-02-12 00:39:44,21.53
1,2,22,2026-02-12 00:49:44,21.49
1,2,22,2026-02-12 00:59:44,21.49
1,2,22,2026-02-12 01:09:44,21.49
1,2,22,2026-02-12 01:19:44,21.49
1,2,22,2026-02-12 01:29:44,21.45
1,2,22,2026-02-12 01:39:44,21.4
1,2,22,2026-02-12 01:49:44,21.4
1,2,22,2026-02-12 01:59:44,21.4
1,2,22,2026-02-12 02:09:44,21.4
1,2,22,2026-02-12 02:19:44,21.36
1,2,22,2026-02-12 02:29:44,21.32
1,2,22,2026-02-12 02:39:44,21.36
1,2,22,2026-02-12 02:49:44,21.32
1,2,22,2026-02-12 02:59:44,21.36
1,2,22,2026-02-12 03:09:44,21.36
1,2,22,2026-02-12 03:19:44,21.28
1,2,22,2026-02-12 03:29:44,21.28
1,2,22,2026-02-12 03:39:44,21.23
1,2,22,2026-02-12 03:49:44,21.32
1,2,22,2026-02-12 03:59:44,21.19
1,2,22,2026-02-12 04:09:44,21.19
1,2,22,2026-02-12 04:19:44,21.23
1,2,22,2026-02-12 04:29:44,21.19
1,2,22,2026-02-12 04:39:44,21.15
1,2,22,2026-02-12 04:49:44,21.19
1,2,22,2026-02-12 04:59:44,21.15
1,2,22,2026-02-12 05:09:44,21.15
1,2,22,2026-02-12 05:19:44,21.1
1,2,22,2026-02-12 05:29:44,21.1
1,2,22,2026-02-12 05:39:44,21.15
1,2,22,2026-02-12 05:49:44,21.1
1,2,22,2026-02-12 05:59:44,21.06
1,2,22,2026-02-12 06:09:44,21.1
1,2,22,2026-02-12 06:19:44,21.1
1,2,22,2026-02-12 06:29:44,21.1
1,2,22,2026-02-12 06:39:44,21.1
1,2,22,2026-02-12 06:49:44,21.1
1,2,22,2026-02-12 06:59:44,21.15
1,2,22,2026-02-12 07:09:44,21.1
1,2,22,2026-02-12 07:19:44,21.06
1,2,22,2026-02-12 07:29:44,21.15
1,2,22,2026-02-12 07:39:44,21.28
1,2,22,2026-02-12 07:49:44,21.36
1,2,22,2026-02-12 07:59:44,21.45
1,2,22,2026-02-12 08:09:44,21.49
1,2,22,2026-02-12 08:19:44,21.49
1,2,22,2026-02-12 08:29:44,21.49
1,2,22,2026-02-12 08:39:44,21.53
1,2,22,2026-02-12 08:49:44,21.53
1,2,22,2026-02-12 08:59:44,21.58
1,2,22,2026-02-12 09:09:44,21.62
1,2,22,2026-02-12 09:19:44,21.62
1,2,22,2026-02-12 09:29:44,21.62
1,2,22,2026-02-12 09:39:44,21.62
1,2,22,2026-02-12 09:49:44,21.58
1,2,22,2026-02-12 09:59:44,21.58
1,2,22,2026-02-12 10:09:44,21.58
1,2,22,2026-02-12 10:19:44,21.53
1,2,22,2026-02-12 10:29:44,21.53
1,2,22,2026-02-12 10:39:44,21.53
1,2,22,2026-02-12 10:49:44,21.53
1,2,22,2026-02-12 10:59:44,21.53
1,2,22,2026-02-12 11:09:44,21.49
1,2,22,2026-02-12 11:19:44,21.49
1,2,22,2026-02-12 11:29:44,21.45
1,2,22,2026-02-12 11:39:44,21.49
1,2,22,2026-02-12 11:49:44,21.4
1,2,22,2026-02-12 11:59:44,21.45
1,2,22,2026-02-12 12:09:44,21.4
1,2,22,2026-02-12 12:19:44,21.4
1,2,22,2026-02-12 12:29:44,21.4
1,2,22,2026-02-12 12:39:44,21.4
1,2,22,2026-02-12 12:49:44,21.36
1,2,22,2026-02-12 12:59:44,21.4
1,2,22,2026-02-12 13:09:44,21.4
1,2,22,2026-02-12 13:19:44,21.4
1,2,22,2026-02-12 13:29:44,21.45
1,2,22,2026-02-12 13:39:44,21.45
1,2,22,2026-02-12 13:49:44,21.45
1,2,22,2026-02-12 13:59:44,21.45
1,2,22,2026-02-12 14:09:44,21.49
1,2,22,2026-02-12 14:19:44,21.49
1,2,22,2026-02-12 14:29:44,21.49
1,2,22,2026-02-12 14:39:44,21.49
1,2,22,2026-02-12 14:49:44,21.49
1,2,22,2026-02-12 14:59:44,21.45
1,2,22,2026-02-12 15:09:44,21.45
1,2,22,2026-02-12 15:19:44,21.45
1,2,22,2026-02-12 15:29:44,21.4
1,2,22,2026-02-12 15:39:44,21.36
1,2,22,2026-02-12 15:49:44,21.36
1,2,22,2026-02-12 15:59:44,21.32
1,2,22,2026-02-12 16:09:44,21.36
1,2,22,2026-02-12 16:19:44,21.32
1,2,22,2026-02-12 16:29:44,21.36
1,2,22,2026-02-12 16:39:44,21.36
1,2,22,2026-02-12 16:49:44,21.36
1,2,22,2026-02-12 16:59:44,21.36
1,2,22,2026-02-12 17:09:44,21.4
1,2,22,2026-02-12 17:19:44,21.4
1,2,22,2026-02-12 17:29:44,21.4
1,2,22,2026-02-12 17:39:44,21.45
1,2,22,2026-02-12 17:49:44,21.36
1,2,22,2026-02-12 17:59:44,21.32
1,2,22,2026-02-12 18:09:44,21.32
1,2,22,2026-02-12 18:19:44,21.32
1,2,22,2026-02-12 18:29:44,21.32
1,2,22,2026-02-12 18:39:44,21.36
1,2,22,2026-02-12 18:49:44,21.36
1,2,22,2026-02-12 18:59:44,21.32
1,2,22,2026-02-12 19:09:44,21.36
1,2,22,2026-02-12 19:19:44,21.36
1,2,22,2026-02-12 19:29:44,21.36
1,2,22,2026-02-12 19:39:44,21.45
1,2,22,2026-02-12 19:49:44,21.49
1,2,22,2026-02-12 19:59:44,21.53
1,2,22,2026-02-12 20:09:44,21.58
1,2,22,2026-02-12 20:19:44,21.62
1,2,22,2026-02-12 20:29:44,21.75
1,2,22,2026-02-12 20:39:44,21.83
1,2,22,2026-02-12 20:49:44,21.88
1,2,22,2026-02-12 20:59:44,21.96
1,2,22,2026-02-12 21:09:44,22.01
1,2,22,2026-02-12 21:19:44,22.05
1,2,22,2026-02-12 21:29:44,22.13
1,2,22,2026-02-12 21:39:44,22.18
1,2,22,2026-02-12 21:49:44,22.22
1,2,22,2026-02-12 21:59:44,22.26
1,2,22,2026-02-12 22:09:44,22.35
1,2,22,2026-02-12 22:19:44,22.43
1,2,22,2026-02-12 22:29:44,22.43
1,2,22,2026-02-12 22:39:44,22.43
1,2,22,2026-02-12 22:49:44,22.48
1,2,22,2026-02-12 22:59:44,22.52
1,2,22,2026-02-12 23:09:44,22.52
1,2,22,2026-02-12 23:19:44,22.52
1,2,22,2026-02-12 23:29:44,22.48
1,2,22,2026-02-12 23:39:44,22.39
1,2,22,2026-02-12 23:49:44,22.43
1,2,22,2026-02-12 23:59:44,22.43
1,2,22,2026-02-13 00:09:44,22.35
1,2,22,2026-02-13 00:19:44,22.39
1,2,22,2026-02-13 00:29:44,22.35
1,2,22,2026-02-13 00:39:44,22.35
1,2,22,2026-02-13 00:49:44,22.35
1,2,22,2026-02-13 00:59:44,22.31
1,2,22,2026-02-13 01:09:44,22.31
1,2,22,2026-02-13 01:19:44,22.26
1,2,22,2026-02-13 01:29:44,22.31
1,2,22,2026-02-13 01:39:44,22.26
1,2,22,2026-02-13 01:49:44,22.18
1,2,22,2026-02-13 01:59:44,22.18
1,2,22,2026-02-13 02:09:44,22.18
1,2,22,2026-02-13 02:19:44,22.18
1,2,22,2026-02-13 02:29:44,22.18
1,2,22,2026-02-13 02:39:44,22.13
1,2,22,2026-02-13 02:49:44,22.09
1,2,22,2026-02-13 02:59:44,22.05
1,2,22,2026-02-13 03:09:44,22.05
1,2,22,2026-02-13 03:19:44,22.05
1,2,22,2026-02-13 03:29:44,22.05
1,2,22,2026-02-13 03:39:44,22.01
1,2,22,2026-02-13 03:49:44,22.01
1,2,22,2026-02-13 03:59:44,21.96
1,2,22,2026-02-13 04:09:44,21.96
1,2,22,2026-02-13 04:19:44,21.96
1,2,22,2026-02-13 04:29:44,21.88
1,2,22,2026-02-13 04:39:44,21.88
1,2,22,2026-02-13 04:49:44,21.88
1,2,22,2026-02-13 04:59:44,21.83
1,2,22,2026-02-13 05:09:44,21.83
1,2,22,2026-02-13 05:19:44,21.75
1,2,22,2026-02-13 05:29:44,21.83
1,2,22,2026-02-13 05:39:44,21.79
1,2,22,2026-02-13 05:49:44,21.79
1,2,22,2026-02-13 05:59:44,21.75
1,2,22,2026-02-13 06:09:44,21.75
1,2,22,2026-02-13 06:19:44,21.7
1,2,22,2026-02-13 06:29:44,21.66
1,2,22,2026-02-13 06:39:44,21.7
1,2,22,2026-02-13 06:49:44,21.7
1,2,22,2026-02-13 06:59:44,21.7
1,2,22,2026-02-13 07:09:44,21.75
1,2,22,2026-02-13 07:19:44,21.7
1,2,22,2026-02-13 07:29:44,21.75
1,2,22,2026-02-13 07:39:44,21.83
1,2,22,2026-02-13 07:49:44,21.96
1,2,22,2026-02-13 07:59:44,22.01
1,2,22,2026-02-13 08:09:44,22.01
1,2,22,2026-02-13 08:19:44,21.96
1,2,22,2026-02-13 08:29:44,22.05
1,2,22,2026-02-13 08:39:44,22.01
1,2,22,2026-02-13 08:49:44,22.05
1,2,22,2026-02-13 08:59:44,21.96
1,2,22,2026-02-13 09:09:44,22.05
1,2,22,2026-02-13 09:19:44,21.96
1,2,22,2026-02-13 09:29:44,21.96
1,2,22,2026-02-13 09:39:44,22.01
1,2,22,2026-02-13 09:49:44,21.96
1,2,22,2026-02-13 09:59:44,21.96
1,2,22,2026-02-13 10:09:44,21.96
1,2,22,2026-02-13 10:19:44,22.01
1,2,22,2026-02-13 10:29:44,22.09
1,2,22,2026-02-13 10:39:44,22.09
1,2,22,2026-02-13 10:49:44,22.22
1,2,22,2026-02-13 10:59:44,22.31
1,2,22,2026-02-13 11:09:44,22.35
1,2,22,2026-02-13 11:19:44,22.43
1,2,22,2026-02-13 11:29:44,22.52
1,2,22,2026-02-13 11:39:44,22.61
1,2,22,2026-02-13 11:49:44,22.61
1,2,22,2026-02-13 11:59:44,22.73
1,2,22,2026-02-13 12:09:44,22.73
1,2,22,2026-02-13 12:19:44,22.78
1,2,22,2026-02-13 12:29:44,22.82
1,2,22,2026-02-13 12:39:44,22.86
1,2,22,2026-02-13 12:49:44,22.86
1,2,22,2026-02-13 12:59:44,22.95
1,2,22,2026-02-13 13:09:44,22.99
1,2,22,2026-02-13 13:19:44,22.99
1,2,22,2026-02-13 13:29:44,22.99
1,2,22,2026-02-13 13:39:44,22.99
1,2,22,2026-02-13 13:49:44,22.99
1,2,22,2026-02-13 13:59:44,23.08
1,2,22,2026-02-13 14:09:44,23.08
1,2,22,2026-02-13 14:19:44,23.16
1,2,22,2026-02-13 14:29:44,23.16
1,2,22,2026-02-13 14:39:44,23.16
1,2,22,2026-02-13 14:49:44,23.21
1,2,22,2026-02-13 14:59:44,23.21
1,2,22,2026-02-13 15:09:44,23.25
1,2,22,2026-02-13 15:19:44,23.25
1,2,22,2026-02-13 15:29:44,23.34
1,2,22,2026-02-13 15:39:44,23.34
1,2,22,2026-02-13 15:49:44,23.34
1,2,22,2026-02-13 15:59:44,23.42
1,2,22,2026-02-13 16:09:44,23.42
1,2,22,2026-02-13 16:19:44,23.38
1,2,22,2026-02-13 16:29:44,23.46
1,2,22,2026-02-13 16:39:44,23.46
1,2,22,2026-02-13 16:49:44,23.42
1,2,22,2026-02-13 16:59:44,23.51
1,2,22,2026-02-13 17:09:44,23.46
1,2,22,2026-02-13 17:19:44,23.51
1,2,22,2026-02-13 17:29:44,23.55
1,2,22,2026-02-13 17:39:44,23.51
1,2,22,2026-02-13 17:49:44,23.51
1,2,22,2026-02-13 17:59:44,23.55
1,2,22,2026-02-13 18:09:44,23.51
1,2,22,2026-02-13 18:19:44,23.55
1,2,22,2026-02-13 18:29:44,23.55
1,2,22,2026-02-13 18:39:44,23.55
1,2,22,2026-02-13 18:49:44,23.55
1,2,22,2026-02-13 18:59:44,23.59
1,2,22,2026-02-13 19:09:44,23.55
1,2,22,2026-02-13 19:19:44,23.64
1,2,22,2026-02-13 19:29:44,23.55
1,2,22,2026-02-13 19:39:44,23.55
1,2,22,2026-02-13 19:49:44,23.59
1,2,22,2026-02-13 19:59:44,23.59
1,2,22,2026-02-13 20:09:44,23.59
1,2,22,2026-02-13 20:19:44,23.59
1,2,22,2026-02-13 20:29:44,23.59
1,2,22,2026-02-13 20:39:44,23.59
1,2,22,2026-02-13 20:49:44,23.64
1,2,22,2026-02-13 20:59:44,23.59
1,2,22,2026-02-13 21:09:44,23.59
1,2,22,2026-02-13 21:19:44,23.59
1,2,22,2026-02-13 21:29:44,23.59
1,2,22,2026-02-13 21:39:44,23.64
1,2,22,2026-02-13 21:49:44,23.59
1,2,22,2026-02-13 21:59:44,23.68
1,2,22,2026-02-13 22:09:44,23.59
1,2,22,2026-02-13 22:19:44,23.59
1,2,22,2026-02-13 22:29:44,23.59
1,2,22,2026-02-13 22:39:44,23.59
1,2,22,2026-02-13 22:49:44,23.55
1,2,22,2026-02-13 22:59:44,23.64
1,2,22,2026-02-13 23:09:44,23.64
1,2,22,2026-02-13 23:19:44,23.64
1,2,22,2026-02-13 23:29:44,23.59
1,2,22,2026-02-13 23:39:44,23.64
1,2,22,2026-02-13 23:49:44,23.64
1,2,22,2026-02-13 23:59:44,23.59
1,2,22,2026-02-14 00:09:44,23.59
1,2,22,2026-02-14 00:19:44,23.64
1,2,22,2026-02-14 00:29:44,23.59
1,2,22,2026-02-14 00:39:44,23.59
1,2,22,2026-02-14 00:49:44,23.64
1,2,22,2026-02-14 00:59:44,23.64
1,2,22,2026-02-14 01:09:44,23.64
1,2,22,2026-02-14 01:19:44,23.59
1,2,22,2026-02-14 01:29:44,23.64
1,2,22,2026-02-14 01:39:44,23.59
1,2,22,2026-02-14 01:49:44,23.59
1,2,22,2026-02-14 01:59:44,23.59
1,2,22,2026-02-14 02:09:44,23.64
1,2,22,2026-02-14 02:19:44,23.59
1,2,22,2026-02-14 02:29:44,23.55
1,2,22,2026-02-14 02:39:44,23.64
1,2,22,2026-02-14 02:49:44,23.64
1,2,22,2026-02-14 02:59:44,23.64
1,2,22,2026-02-14 03:09:44,23.59
1,2,22,2026-02-14 03:19:44,23.59
1,2,22,2026-02-14 03:29:44,23.59
1,2,22,2026-02-14 03:39:44,23.59
1,2,22,2026-02-14 03:49:44,23.59
1,2,22,2026-02-14 03:59:44,23.59
1,2,22,2026-02-14 04:09:44,23.59
1,2,22,2026-02-14 04:19:44,23.59
1,2,22,2026-02-14 04:29:44,23.59
1,2,22,2026-02-14 04:39:44,23.59
1,2,22,2026-02-14 04:49:44,23.59
1,2,22,2026-02-14 04:59:44,23.59
1,2,22,2026-02-14 05:09:44,23.64
1,2,22,2026-02-14 05:19:44,23.64
1,2,22,2026-02-14 05:29:44,23.55
1,2,22,2026-02-14 05:39:44,23.59
1,2,22,2026-02-14 05:49:44,23.59
1,2,22,2026-02-14 05:59:44,23.55
1,2,22,2026-02-14 06:09:44,23.59
1,2,22,2026-02-14 06:19:44,23.55
1,2,22,2026-02-14 06:29:44,23.59
1,2,22,2026-02-14 06:39:44,23.55
1,2,22,2026-02-14 06:49:44,23.59
1,2,22,2026-02-14 06:59:44,23.55
1,2,22,2026-02-14 07:09:44,23.55
1,2,22,2026-02-14 07:19:44,23.55
1,2,22,2026-02-14 07:29:44,23.59
1,2,22,2026-02-14 07:39:44,23.55
1,2,22,2026-02-14 07:49:44,23.55
1,2,22,2026-02-14 07:59:44,23.59
1,2,22,2026-02-14 08:09:44,23.55
1,2,22,2026-02-14 08:19:44,23.59
1,2,22,2026-02-14 08:29:44,23.59
1,2,22,2026-02-14 08:39:44,23.55
1,2,22,2026-02-14 08:49:44,23.55
1,2,22,2026-02-14 08:59:44,23.64
1,2,22,2026-02-14 09:09:44,23.59
1,2,22,2026-02-14 09:19:44,23.59
1,2,22,2026-02-14 09:29:44,23.59
1,2,22,2026-02-14 09:39:44,23.68
1,2,22,2026-02-14 09:49:44,23.64
1,2,22,2026-02-14 09:59:44,23.68
1,2,22,2026-02-14 10:09:44,23.68
1,2,22,2026-02-14 10:19:44,23.68
1,2,22,2026-02-14 10:29:44,23.68
1,2,22,2026-02-14 10:39:44,23.68
1,2,22,2026-02-14 10:49:44,23.68
1,2,22,2026-02-14 10:59:44,23.68
1,2,22,2026-02-14 11:09:44,23.68
1,2,22,2026-02-14 11:19:44,23.72
1,2,22,2026-02-14 11:29:44,23.72
1,2,22,2026-02-14 11:39:44,23.72
1,2,22,2026-02-14 11:49:44,23.72
1,2,22,2026-02-14 11:59:44,23.72
1,2,22,2026-02-14 12:09:44,23.81
1,2,22,2026-02-14 12:19:44,23.76
1,2,22,2026-02-14 12:29:44,23.76
1,2,22,2026-02-14 12:39:44,23.76
1,2,22,2026-02-14 12:49:44,23.46
1,2,22,2026-02-14 12:59:44,23.08
1,2,22,2026-02-14 13:09:44,22.82
1,2,22,2026-02-14 13:19:44,22.65
1,2,22,2026-02-14 13:29:44,22.52
1,2,22,2026-02-14 13:39:44,22.52
1,2,22,2026-02-14 13:49:44,22.43
1,2,22,2026-02-14 13:59:44,22.43
1,2,22,2026-02-14 14:09:44,22.48
1,2,22,2026-02-14 14:19:44,22.39
1,2,22,2026-02-14 14:29:44,22.39
1,2,22,2026-02-14 14:39:44,22.39
1,2,22,2026-02-14 14:49:44,22.43
1,2,22,2026-02-14 14:59:44,22.39
1,2,22,2026-02-14 15:09:44,22.39
1,2,22,2026-02-14 15:19:44,22.43
1,2,22,2026-02-14 15:29:44,22.43
1,2,22,2026-02-14 15:39:44,22.43
1,2,22,2026-02-14 15:49:44,22.39
1,2,22,2026-02-14 15:59:44,22.43
1,2,22,2026-02-14 16:09:44,22.39
1,2,22,2026-02-14 16:19:44,22.43
1,2,22,2026-02-14 16:29:44,22.43
1,2,22,2026-02-14 16:39:44,22.43
1,2,22,2026-02-14 16:49:44,22.39
1,2,22,2026-02-14 16:59:44,22.43
1,2,22,2026-02-14 17:09:44,22.43
1,2,22,2026-02-14 17:19:44,22.39
1,2,22,2026-02-14 17:29:44,22.43
1,2,22,2026-02-14 17:39:44,22.35
1,2,22,2026-02-14 17:49:44,22.43
1,2,22,2026-02-14 17:59:44,22.43
1,2,22,2026-02-14 18:09:44,22.43
1,2,22,2026-02-14 18:19:44,22.39
1,2,22,2026-02-14 18:29:44,22.39
1,2,22,2026-02-14 18:39:44,22.39
1,2,22,2026-02-14 18:49:44,22.39
1,2,22,2026-02-14 18:59:44,22.43
1,2,22,2026-02-14 19:09:44,22.43
1,2,22,2026-02-14 19:19:44,22.39
1,2,22,2026-02-14 19:29:44,22.39
1,2,22,2026-02-14 19:39:44,22.43
1,2,22,2026-02-14 19:49:44,22.43
1,2,22,2026-02-14 19:59:44,22.39
1,2,22,2026-02-14 20:09:44,22.39
1,2,22,2026-02-14 20:19:44,22.43
1,2,22,2026-02-14 20:29:44,22.43
1,2,22,2026-02-14 20:39:44,22.43
1,2,22,2026-02-14 20:49:44,22.43
1,2,22,2026-02-14 20:59:44,22.39
1,2,22,2026-02-14 21:09:44,22.43
1,2,22,2026-02-14 21:19:44,22.43
1,2,22,2026-02-14 21:29:44,22.39
1,2,22,2026-02-14 21:39:44,22.43
1,2,22,2026-02-14 21:49:44,22.43
1,2,22,2026-02-14 21:59:44,22.39
1,2,22,2026-02-14 22:09:44,22.43
1,2,22,2026-02-14 22:19:44,22.48
1,2,22,2026-02-14 22:29:44,22.43
1,2,22,2026-02-14 22:39:44,22.43
1,2,22,2026-02-14 22:49:44,22.39
1,2,22,2026-02-14 22:59:44,22.39
1,2,22,2026-02-14 23:09:44,22.43
1,2,22,2026-02-14 23:19:44,22.39
1,2,22,2026-02-14 23:29:44,22.39
1,2,22,2026-02-14 23:39:44,22.43
1,2,22,2026-02-14 23:49:44,22.39
1,2,22,2026-02-14 23:59:44,22.43
1,2,22,2026-02-15 00:09:44,22.48
1,2,22,2026-02-15 00:19:44,22.39
1,2,22,2026-02-15 00:29:44,22.35
1,2,22,2026-02-15 00:39:44,22.43
1,2,22,2026-02-15 00:49:44,22.43
1,2,22,2026-02-15 00:59:44,22.43
1,2,22,2026-02-15 01:09:44,22.48
1,2,22,2026-02-15 01:19:44,22.43
1,2,22,2026-02-15 01:29:44,22.43
1,2,22,2026-02-15 01:39:44,22.43
1,2,22,2026-02-15 01:49:44,22.43
1,2,22,2026-02-15 01:59:44,22.43
1,2,22,2026-02-15 02:09:44,22.43
1,2,22,2026-02-15 02:19:44,22.39
1,2,22,2026-02-15 02:29:44,22.39
1,2,22,2026-02-15 02:39:44,22.39
1,2,22,2026-02-15 02:49:44,22.39
1,2,22,2026-02-15 02:59:44,22.43
1,2,22,2026-02-15 03:09:44,22.43
1,2,22,2026-02-15 03:19:44,22.43
1,2,22,2026-02-15 03:29:44,22.48
1,2,22,2026-02-15 03:39:44,22.48
1,2,22,2026-02-15 03:49:44,22.43
1,2,22,2026-02-15 03:59:44,22.39
1,2,22,2026-02-15 04:09:44,22.43
1,2,22,2026-02-15 04:19:44,22.43
1,2,22,2026-02-15 04:29:44,22.43
1,2,22,2026-02-15 04:39:44,22.48
1,2,22,2026-02-15 04:49:44,22.39
1,2,22,2026-02-15 04:59:44,22.43
1,2,22,2026-02-15 05:09:44,22.43
1,2,22,2026-02-15 05:19:44,22.39
1,2,22,2026-02-15 05:29:44,22.39
1,2,22,2026-02-15 05:39:44,22.48
1,2,22,2026-02-15 05:49:44,22.43
1,2,22,2026-02-15 05:59:44,22.48
1,2,22,2026-02-15 06:09:44,22.48
1,2,22,2026-02-15 06:19:44,22.39
1,2,22,2026-02-15 06:29:44,22.43
1,2,22,2026-02-15 06:39:44,22.43
1,2,22,2026-02-15 06:49:44,22.43
1,2,22,2026-02-15 06:59:44,22.48
1,2,22,2026-02-15 07:09:44,22.43
1,2,22,2026-02-15 07:19:44,22.43
1,2,22,2026-02-15 07:29:44,22.48
1,2,22,2026-02-15 07:39:44,22.56
1,2,22,2026-02-15 07:49:44,22.61
1,2,22,2026-02-15 07:59:44,22.52
1,2,22,2026-02-15 08:09:44,22.48
1,2,22,2026-02-15 08:19:44,22.48
1,2,22,2026-02-15 08:29:44,22.43
1,2,22,2026-02-15 08:39:44,22.48
1,2,22,2026-02-15 08:49:44,22.48
1,2,22,2026-02-15 08:59:44,22.43
1,2,22,2026-02-15 09:09:44,22.43
1,2,22,2026-02-15 09:19:44,22.43
1,2,22,2026-02-15 09:29:44,22.43
1,2,22,2026-02-15 09:39:44,22.43
1,2,22,2026-02-15 09:49:44,22.43
1,2,22,2026-02-15 09:59:44,22.39
1,2,22,2026-02-15 10:09:44,22.39
1,2,22,2026-02-15 10:19:44,22.39
1,2,22,2026-02-15 10:29:44,22.43
1,2,22,2026-02-15 10:39:44,22.39
1,2,22,2026-02-15 10:49:44,22.39
1,2,22,2026-02-15 10:59:44,22.39
1,2,22,2026-02-15 11:09:44,22.43
1,2,22,2026-02-15 11:19:44,22.39
1,2,22,2026-02-15 11:29:44,22.43
1,2,22,2026-02-15 11:39:44,22.39
1,2,22,2026-02-15 11:49:44,22.43
1,2,22,2026-02-15 11:59:44,22.39
1,2,22,2026-02-15 12:09:44,22.39
1,2,22,2026-02-15 12:19:44,22.39
1,2,22,2026-02-15 12:29:44,22.39
1,2,22,2026-02-15 12:39:44,22.43
1,2,22,2026-02-15 12:49:44,22.39
1,2,22,2026-02-15 12:59:44,22.39
1,2,22,2026-02-15 13:09:44,22.35
1,2,22,2026-02-15 13:19:44,22.39
1,2,22,2026-02-15 13:29:44,22.39
1,2,22,2026-02-15 13:39:44,22.39
1,2,22,2026-02-15 13:49:44,22.35
1,2,22,2026-02-15 13:59:44,22.43
1,2,22,2026-02-15 14:09:44,22.39
1,2,22,2026-02-15 14:19:44,22.39
1,2,22,2026-02-15 14:29:44,22.39
1,2,22,2026-02-15 14:39:44,22.39
1,2,22,2026-02-15 14:49:44,22.39
1,2,22,2026-02-15 14:59:44,22.39
1,2,22,2026-02-15 15:09:44,22.35
1,2,22,2026-02-15 15:19:44,22.39
1,2,22,2026-02-15 15:29:44,22.35
1,2,22,2026-02-15 15:39:44,22.39
1,2,22,2026-02-15 15:49:44,22.39
1,2,22,2026-02-15 15:59:44,22.39
1,2,22,2026-02-15 16:09:44,22.43
1,2,22,2026-02-15 16:19:44,22.43
1,2,22,2026-02-15 16:29:44,22.39
1,2,22,2026-02-15 16:39:44,22.39
1,2,22,2026-02-15 16:49:44,22.43
1,2,22,2026-02-15 16:59:44,22.43
1,2,22,2026-02-15 17:09:44,22.43
1,2,22,2026-02-15 17:19:44,22.43
1,2,22,2026-02-15 17:29:44,22.39
1,2,22,2026-02-15 17:39:44,22.43
1,2,22,2026-02-15 17:49:44,22.39
1,2,22,2026-02-15 17:59:44,22.43
1,2,22,2026-02-15 18:09:44,22.39
1,2,22,2026-02-15 18:19:44,22.39
1,2,22,2026-02-15 18:29:44,22.43
1,2,22,2026-02-15 18:39:44,22.39
1,2,22,2026-02-15 18:49:44,22.43
1,2,22,2026-02-15 18:59:44,22.43
1,2,22,2026-02-15 19:09:44,22.43
1,2,22,2026-02-15 19:19:44,22.39
1,2,22,2026-02-15 19:29:44,22.43
1,2,22,2026-02-15 19:39:44,22.43
1,2,22,2026-02-15 19:49:44,22.43
1,2,22,2026-02-15 19:59:44,22.43
1,2,22,2026-02-15 20:09:44,22.43
1,2,22,2026-02-15 20:19:44,22.43
1,2,22,2026-02-15 20:29:44,22.43
1,2,22,2026-02-15 20:39:44,22.43
1,2,22,2026-02-15 20:49:44,22.43
1,2,22,2026-02-15 20:59:44,22.43
1,2,22,2026-02-15 21:09:44,22.43
1,2,22,2026-02-15 21:19:44,22.39
1,2,22,2026-02-15 21:29:44,22.43
1,2,22,2026-02-15 21:39:44,22.48
1,2,22,2026-02-15 21:49:44,22.39
1,2,22,2026-02-15 21:59:44,22.43
1,2,22,2026-02-15 22:09:44,22.43
1,2,22,2026-02-15 22:19:44,22.43
1,2,22,2026-02-15 22:29:44,22.43
1,2,22,2026-02-15 22:39:44,22.43
1,2,22,2026-02-15 22:49:44,22.39
1,2,22,2026-02-15 22:59:44,22.43
1,2,22,2026-02-15 23:09:44,22.43
1,2,22,2026-02-15 23:19:44,22.43
1,2,22,2026-02-15 23:29:44,22.43
1,2,22,2026-02-15 23:39:44,22.43
1,2,22,2026-02-15 23:49:44,22.39
1,2,22,2026-02-15 23:59:44,22.39
1,2,22,2026-02-16 00:09:44,22.43
1,2,22,2026-02-16 00:19:44,22.48
1,2,22,2026-02-16 00:29:44,22.48
1,2,22,2026-02-16 00:39:44,22.39
1,2,22,2026-02-16 00:49:44,22.43
1,2,22,2026-02-16 00:59:44,22.43
1,2,22,2026-02-16 01:09:44,22.43
1,2,22,2026-02-16 01:19:44,22.43
1,2,22,2026-02-16 01:29:44,22.43
1,2,22,2026-02-16 01:39:44,22.43
1,2,22,2026-02-16 01:49:44,22.43
1,2,22,2026-02-16 01:59:44,22.43
1,2,22,2026-02-16 02:09:44,22.43
1,2,22,2026-02-16 02:19:44,22.39
1,2,22,2026-02-16 02:29:44,22.39
1,2,22,2026-02-16 02:39:44,22.43
1,2,22,2026-02-16 02:49:44,22.43
1,2,22,2026-02-16 02:59:44,22.43
1,2,22,2026-02-16 03:09:44,22.43
1,2,22,2026-02-16 03:19:44,22.43
1,2,22,2026-02-16 03:29:44,22.43
1,2,22,2026-02-16 03:39:44,22.43
1,2,22,2026-02-16 03:49:44,22.48
1,2,22,2026-02-16 03:59:44,22.39
1,2,22,2026-02-16 04:09:44,22.48
1,2,22,2026-02-16 04:19:44,22.48
1,2,22,2026-02-16 04:29:44,22.43
1,2,22,2026-02-16 04:39:44,22.43
1,2,22,2026-02-16 04:49:44,22.43
1,2,22,2026-02-16 04:59:44,22.43
1,2,22,2026-02-16 05:09:44,22.43
1,2,22,2026-02-16 05:19:44,22.43
1,2,22,2026-02-16 05:29:44,22.48
1,2,22,2026-02-16 05:39:44,22.43
1,2,22,2026-02-16 05:49:44,22.43
1,2,22,2026-02-16 05:59:44,22.48
1,2,22,2026-02-16 06:09:44,22.43
1,2,22,2026-02-16 06:19:44,22.43
1,2,22,2026-02-16 06:29:44,22.43
1,2,22,2026-02-16 06:39:44,22.43
1,2,22,2026-02-16 06:49:44,22.43
1,2,22,2026-02-16 06:59:44,22.43
1,2,22,2026-02-16 07:09:44,22.43
1,2,22,2026-02-16 07:19:44,22.43
1,2,22,2026-02-16 07:29:44,22.43
1,2,22,2026-02-16 07:39:44,22.43
1,2,22,2026-02-16 07:49:44,22.43
1,2,22,2026-02-16 07:59:44,22.43
1,2,22,2026-02-16 08:09:44,22.43
1,2,22,2026-02-16 08:19:44,22.48
1,2,22,2026-02-16 08:29:44,22.43
1,2,22,2026-02-16 08:39:44,22.43
1,2,22,2026-02-16 08:49:44,22.43
1,2,22,2026-02-16 08:59:44,22.43
1,2,22,2026-02-16 09:09:44,22.43
1,2,22,2026-02-16 09:19:44,22.43
1,2,22,2026-02-16 09:29:44,22.48
1,2,22,2026-02-16 09:39:44,22.48
1,2,22,2026-02-16 09:49:44,22.43
1,2,22,2026-02-16 09:59:44,22.43
1,2,22,2026-02-16 10:09:44,22.43
1,2,22,2026-02-16 10:19:44,22.43
1,2,22,2026-02-16 10:29:44,22.43
1,2,22,2026-02-16 10:39:44,22.48
1,2,22,2026-02-16 10:49:44,22.43
1,2,22,2026-02-16 10:59:44,22.43
1,2,22,2026-02-16 11:09:44,22.43
1,2,22,2026-02-16 11:19:44,22.48
1,2,22,2026-02-16 11:29:44,22.39
1,2,22,2026-02-16 11:39:44,22.43
1,2,22,2026-02-16 11:49:44,22.48
1,2,22,2026-02-16 11:59:44,22.48
1,2,22,2026-02-16 12:09:44,22.48
1,2,22,2026-02-16 12:19:44,22.48
1,2,22,2026-02-16 12:29:44,22.43
1,2,22,2026-02-16 12:39:44,22.43
1,2,22,2026-02-16 12:49:44,22.43
1,2,22,2026-02-16 12:59:44,22.43
1,2,22,2026-02-16 13:09:44,22.48
1,2,22,2026-02-16 13:19:44,22.48
1,2,22,2026-02-16 13:29:44,22.43
1,2,22,2026-02-16 13:39:44,22.48
1,2,22,2026-02-16 13:49:44,22.43
1,2,22,2026-02-16 13:59:44,22.43
1,2,22,2026-02-16 14:09:44,22.48
1,2,22,2026-02-16 14:19:44,22.43
1,2,22,2026-02-16 14:29:44,22.43
1,2,22,2026-02-16 14:39:44,22.43
1,2,22,2026-02-16 14:49:44,22.48
1,2,22,2026-02-16 14:59:44,22.43
1,2,22,2026-02-16 15:09:44,22.39
1,2,22,2026-02-16 15:19:44,22.43
1,2,22,2026-02-16 15:29:44,22.43
1,2,22,2026-02-16 15:39:44,22.43
1,2,22,2026-02-16 15:49:44,22.48
1,2,22,2026-02-16 15:59:44,22.48
1,2,22,2026-02-16 16:09:44,22.43
1,2,22,2026-02-16 16:19:44,22.43
1,2,22,2026-02-16 16:29:44,22.48
1,2,22,2026-02-16 16:39:44,22.39
1,2,22,2026-02-16 16:49:44,22.43
1,2,22,2026-02-16 16:59:44,22.48
1,2,22,2026-02-16 17:09:44,22.43
1,2,22,2026-02-16 17:19:44,22.39
1,2,22,2026-02-16 17:29:44,22.43
1,2,22,2026-02-16 17:39:44,22.43
1,2,22,2026-02-16 17:49:44,22.48
1,2,22,2026-02-16 17:59:44,22.43
1,2,22,2026-02-16 18:09:44,22.48
1,2,22,2026-02-16 18:19:44,22.43
1,2,22,2026-02-16 18:29:44,22.43
1,2,22,2026-02-16 18:39:44,22.43
1,2,22,2026-02-16 18:49:44,22.43
1,2,22,2026-02-16 18:59:44,22.43
1,2,22,2026-02-16 19:09:44,22.43
1,2,22,2026-02-16 19:19:44,22.48
1,2,22,2026-02-16 19:29:44,22.43
1,2,22,2026-02-16 19:39:44,22.48
1,2,22,2026-02-16 19:49:44,22.43
1,2,22,2026-02-16 19:59:44,22.43
1,2,22,2026-02-16 20:09:44,22.48
1,2,22,2026-02-16 20:19:44,22.43
1,2,22,2026-02-16 20:29:44,22.43
1,2,22,2026-02-16 20:39:44,22.43
1,2,22,2026-02-16 20:49:44,22.39
1,2,22,2026-02-16 20:59:44,22.48
1,2,22,2026-02-16 21:09:44,22.43
1,2,22,2026-02-16 21:19:44,22.39
1,2,22,2026-02-16 21:29:44,22.43
1,2,22,2026-02-16 21:39:44,22.43
1,2,22,2026-02-16 21:49:44,22.43
1,2,22,2026-02-16 21:59:44,22.43
1,2,22,2026-02-16 22:09:44,22.43
1,2,22,2026-02-16 22:19:44,22.48
1,2,22,2026-02-16 22:29:44,22.43
1,2,22,2026-02-16 22:39:44,22.43
1,2,22,2026-02-16 22:49:44,22.43
1,2,22,2026-02-16 22:59:44,22.43
1,2,22,2026-02-16 23:09:44,22.39
1,2,22,2026-02-16 23:19:44,22.43
1,2,22,2026-02-16 23:29:44,22.48
1,2,22,2026-02-16 23:39:44,22.39
1,2,22,2026-02-16 23:49:44,22.43
1,2,22,2026-02-16 23:59:44,22.43
1,2,22,2026-02-17 00:09:44,22.48
1,2,22,2026-02-17 00:19:44,22.43
1,2,22,2026-02-17 00:29:44,22.48
1,2,22,2026-02-17 00:39:44,22.43
1,2,22,2026-02-17 00:49:44,22.43
1,2,22,2026-02-17 00:59:44,22.48
1,2,22,2026-02-17 01:09:44,22.43
1,2,22,2026-02-17 01:19:44,22.43
1,2,22,2026-02-17 01:29:44,22.43
1,2,22,2026-02-17 01:39:44,22.43
1,2,22,2026-02-17 01:49:44,22.43
1,2,22,2026-02-17 01:59:44,22.43
1,2,22,2026-02-17 02:09:44,22.43
1,2,22,2026-02-17 02:19:44,22.43
1,2,22,2026-02-17 02:29:44,22.43
1,2,22,2026-02-17 02:39:44,22.43
1,2,22,2026-02-17 02:49:44,22.48
1,2,22,2026-02-17 02:59:44,22.48
1,2,22,2026-02-17 03:09:44,22.43
1,2,22,2026-02-17 03:19:44,22.43
1,2,22,2026-02-17 03:29:44,22.43
1,2,22,2026-02-17 03:39:44,22.43
1,2,22,2026-02-17 03:49:44,22.39
1,2,22,2026-02-17 03:59:44,22.43
1,2,22,2026-02-17 04:09:44,22.52
1,2,22,2026-02-17 04:19:44,22.43
1,2,22,2026-02-17 04:29:44,22.43
1,2,22,2026-02-17 04:39:44,22.39
1,2,22,2026-02-17 04:49:44,22.48
1,2,22,2026-02-17 04:59:44,22.43
1,2,22,2026-02-17 05:09:44,22.43
1,2,22,2026-02-17 05:19:44,22.48
1,2,22,2026-02-17 05:29:44,22.48
1,2,22,2026-02-17 05:39:44,22.43
1,2,22,2026-02-17 05:49:44,22.48
1,2,22,2026-02-17 05:59:44,22.48
1,2,22,2026-02-17 06:09:44,22.43
1,2,22,2026-02-17 06:19:44,22.43
1,2,22,2026-02-17 06:29:44,22.43
1,2,22,2026-02-17 06:39:44,22.43
1,2,22,2026-02-17 06:49:44,22.48
1,2,22,2026-02-17 06:59:44,22.43
1,2,22,2026-02-17 07:09:44,22.43
1,2,22,2026-02-17 07:19:44,22.43
1,2,22,2026-02-17 07:29:44,22.48
1,2,22,2026-02-17 07:39:44,22.48
1,2,22,2026-02-17 07:49:44,22.43
1,2,22,2026-02-17 07:59:44,22.43
1,2,22,2026-02-17 08:09:44,22.43
1,2,22,2026-02-17 08:19:44,22.48
1,2,22,2026-02-17 08:29:44,22.43
1,2,22,2026-02-17 08:39:44,22.48
1,2,22,2026-02-17 08:49:44,22.43
1,2,22,2026-02-17 08:59:44,22.43
1,2,22,2026-02-17 09:09:44,22.48
1,2,22,2026-02-17 09:19:44,22.43
1,2,22,2026-02-17 09:29:44,22.43
1,2,22,2026-02-17 09:39:44,22.43
1,2,22,2026-02-17 09:49:44,22.43
1,2,22,2026-02-17 09:59:44,22.48
1,2,22,2026-02-17 10:09:44,22.48
1,2,22,2026-02-17 10:19:44,22.48
1,2,22,2026-02-17 10:29:44,22.43
1,2,22,2026-02-17 10:39:44,22.43
1,2,22,2026-02-17 10:49:44,22.43
1,2,22,2026-02-17 10:59:44,22.48
1,2,22,2026-02-17 11:09:44,22.43
1,2,22,2026-02-17 11:19:44,22.43
1,2,22,2026-02-17 11:29:44,22.43
1,2,22,2026-02-17 11:39:44,22.43
1,2,22,2026-02-17 11:49:44,22.43
1,2,22,2026-02-17 11:59:44,22.43
1,2,22,2026-02-17 12:09:44,22.43
1,2,22,2026-02-17 12:19:44,22.48
1,2,22,2026-02-17 12:29:44,22.43
1,2,22,2026-02-17 12:39:44,22.43
1,2,22,2026-02-17 12:49:44,22.43
1,2,22,2026-02-17 12:59:44,22.48
1,2,22,2026-02-17 13:09:44,22.43
1,2,22,2026-02-17 13:19:44,22.43
1,2,22,2026-02-17 13:29:44,22.43
1,2,22,2026-02-17 13:39:44,22.39
1,2,22,2026-02-17 13:49:44,22.43
1,2,22,2026-02-17 13:59:44,22.43
1,2,22,2026-02-17 14:09:44,22.43
1,2,22,2026-02-17 14:19:44,22.43
1,2,22,2026-02-17 14:29:44,22.43
1,2,22,2026-02-17 14:39:44,22.43
1,2,22,2026-02-17 14:49:44,22.43
1,2,22,2026-02-17 14:59:44,22.43
1,2,22,2026-02-17 15:09:44,22.48
1,2,22,2026-02-17 15:19:44,22.43
1,2,22,2026-02-17 15:29:44,22.43
1,2,22,2026-02-17 15:39:44,22.43
1,2,22,2026-02-17 15:49:44,22.39
1,2,22,2026-02-17 15:59:44,22.43
1,2,22,2026-02-17 16:09:44,22.48
1,2,22,2026-02-17 16:19:44,22.43
1,2,22,2026-02-17 16:29:44,22.39
1,2,22,2026-02-17 16:39:44,22.48
1,2,22,2026-02-17 16:49:44,22.43
1,2,22,2026-02-17 16:59:44,22.43
1,2,22,2026-02-17 17:09:44,22.39
1,2,22,2026-02-17 17:19:44,22.43
1,2,22,2026-02-17 17:29:44,22.43
3,1,16,2026-03-30 20:24:14,17.2
3,1,16,2026-03-30 20:34:14,17.11
3,1,16,2026-03-30 20:44:14,17.03
3,1,16,2026-03-30 20:54:14,16.99
3,1,16,2026-03-30 21:04:14,16.9
3,1,16,2026-03-30 21:14:14,16.86
3,1,16,2026-03-30 21:24:14,16.77
3,1,16,2026-03-30 21:34:14,16.77
3,1,16,2026-03-30 21:44:14,16.73
3,1,16,2026-03-30 21:54:14,16.64
3,1,16,2026-03-30 22:04:14,16.64
3,1,16,2026-03-30 22:14:14,16.6
3,1,16,2026-03-30 22:24:14,16.51
3,1,16,2026-03-30 22:34:14,16.56
3,1,16,2026-03-30 22:44:14,16.51
3,1,16,2026-03-30 22:54:14,16.47
3,1,16,2026-03-30 23:04:14,16.47
3,1,16,2026-03-30 23:14:14,16.43
3,1,16,2026-03-30 23:24:14,16.39
3,1,16,2026-03-30 23:34:14,16.39
3,1,16,2026-03-30 23:44:14,16.34
3,1,16,2026-03-30 23:54:14,16.3
3,1,16,2026-03-31 00:04:14,16.3
3,1,16,2026-03-31 00:14:14,16.26
3,1,16,2026-03-31 00:24:14,16.3
3,1,16,2026-03-31 00:34:14,16.26
3,1,16,2026-03-31 00:44:14,16.26
3,1,16,2026-03-31 00:54:14,16.26
3,1,16,2026-03-31 01:04:14,16.21
3,1,16,2026-03-31 01:14:14,16.21
3,1,16,2026-03-31 01:24:14,16.21
3,1,16,2026-03-31 01:34:14,16.17
3,1,16,2026-03-31 01:44:14,16.17
3,1,16,2026-03-31 01:54:14,16.17
3,1,16,2026-03-31 02:04:14,16.21
3,1,16,2026-03-31 02:14:14,16.17
3,1,16,2026-03-31 02:24:14,16.17
3,1,16,2026-03-31 02:34:14,16.17
3,1,16,2026-03-31 02:44:14,16.13
3,1,16,2026-03-31 02:54:14,16.13
3,1,16,2026-03-31 03:04:14,16.13
3,1,16,2026-03-31 03:14:14,16.13
3,1,16,2026-03-31 03:24:14,16.08
3,1,16,2026-03-31 03:34:14,16.08
3,1,16,2026-03-31 03:44:14,16.08
3,1,16,2026-03-31 03:54:14,16.04
3,1,16,2026-03-31 04:04:14,16.08
3,1,16,2026-03-31 04:14:14,16.08
3,1,16,2026-03-31 04:24:14,16.08
3,1,16,2026-03-31 04:34:14,16.08
3,1,16,2026-03-31 04:44:14,16.04
3,1,16,2026-03-31 04:54:14,16.04
3,1,16,2026-03-31 05:04:14,16.04
3,1,16,2026-03-31 05:14:14,16
3,1,16,2026-03-31 05:24:14,16
3,1,16,2026-03-31 05:34:14,16.04
3,1,16,2026-03-31 05:44:14,16
3,1,16,2026-03-31 05:54:14,15.96
3,1,16,2026-03-31 06:04:14,16
3,1,16,2026-03-31 06:14:14,16.04
3,1,16,2026-03-31 06:24:14,16.04
3,1,16,2026-03-31 06:34:14,16.04
3,1,16,2026-03-31 06:44:14,16
3,1,16,2026-03-31 06:54:14,15.96
3,1,16,2026-03-31 07:04:14,16
3,1,16,2026-03-31 07:14:14,16
3,1,16,2026-03-31 07:24:14,16.04
3,1,16,2026-03-31 07:34:14,16
3,1,16,2026-03-31 07:44:14,15.96
3,1,16,2026-03-31 07:54:14,16
3,1,16,2026-03-31 08:04:14,16
3,1,16,2026-03-31 08:14:14,15.96
3,1,16,2026-03-31 08:24:14,16
3,1,16,2026-03-31 08:34:14,16.04
3,1,16,2026-03-31 08:44:14,16
3,1,16,2026-03-31 08:54:14,16.04
3,1,16,2026-03-31 09:04:14,16.04
3,1,16,2026-03-31 09:14:14,16
3,1,16,2026-03-31 09:24:14,16.04
3,1,16,2026-03-31 09:34:14,16.04
3,1,16,2026-03-31 09:44:14,16.04
3,1,16,2026-03-31 09:54:14,16.04
3,1,16,2026-03-31 10:04:14,16.04
3,1,16,2026-03-31 10:14:14,16.08
3,1,16,2026-03-31 10:24:14,16.08
3,1,16,2026-03-31 10:34:14,16.08
3,1,16,2026-03-31 10:44:14,16.04
3,1,16,2026-03-31 10:54:14,16.08
3,1,16,2026-03-31 11:04:14,16.13
3,1,16,2026-03-31 11:14:14,16.08
3,1,16,2026-03-31 11:24:14,16.08
3,1,16,2026-03-31 11:34:14,16.13
3,1,16,2026-03-31 11:44:14,16.13
3,1,16,2026-03-31 11:54:14,16.08
3,1,16,2026-03-31 12:04:14,16.13
3,1,16,2026-03-31 12:14:14,16.08
3,1,16,2026-03-31 12:24:14,16.17
3,1,16,2026-03-31 12:34:14,16.17
3,1,16,2026-03-31 12:44:14,16.21
3,1,16,2026-03-31 12:54:14,16.26
3,1,16,2026-03-31 13:04:14,16.21
3,1,16,2026-03-31 13:14:14,16.3
3,1,16,2026-03-31 13:24:14,16.26
3,1,16,2026-03-31 13:34:14,16.3
3,1,16,2026-03-31 13:44:14,16.3
3,1,16,2026-03-31 13:54:14,16.3
3,1,16,2026-03-31 14:04:14,16.3
3,1,16,2026-03-31 14:14:14,16.34
3,1,16,2026-03-31 14:24:14,16.3
3,1,16,2026-03-31 14:34:14,16.3
3,1,16,2026-03-31 14:44:14,16.3
3,1,16,2026-03-31 14:54:14,16.34
3,1,16,2026-03-31 15:04:14,16.34
3,1,16,2026-03-31 15:14:14,16.3
3,1,16,2026-03-31 15:24:14,16.39
3,1,16,2026-03-31 15:34:14,16.34
3,1,16,2026-03-31 15:44:14,16.3
3,1,16,2026-03-31 15:54:14,16.34
3,1,16,2026-03-31 16:04:14,16.26
3,1,16,2026-03-31 16:14:14,16.34
3,1,16,2026-03-31 16:24:14,16.39
3,1,16,2026-03-31 16:34:14,16.34
3,1,16,2026-03-31 16:44:14,16.34
3,1,16,2026-03-31 16:54:14,16.34
3,1,16,2026-03-31 17:04:14,16.3
3,1,16,2026-03-31 17:14:14,16.34
3,1,16,2026-03-31 17:24:14,16.34
3,1,16,2026-03-31 17:34:14,16.3
3,1,16,2026-03-31 17:44:14,16.3
3,1,16,2026-03-31 17:54:14,16.34
3,1,16,2026-03-31 18:04:14,16.26
3,1,16,2026-03-31 18:14:14,16.3
3,1,16,2026-03-31 18:24:14,16.3
3,1,16,2026-03-31 18:34:14,16.34
3,1,16,2026-03-31 18:44:14,16.3
3,1,16,2026-03-31 18:54:14,16.3
3,1,16,2026-03-31 19:04:14,16.3
3,1,16,2026-03-31 19:14:14,16.3
3,1,16,2026-03-31 19:24:14,16.3
3,1,16,2026-03-31 19:34:14,16.3
3,1,16,2026-03-31 19:44:14,16.26
3,1,16,2026-03-31 19:54:14,16.26
3,1,16,2026-03-31 20:04:14,16.3
3,1,16,2026-03-31 20:14:14,16.26
3,1,16,2026-03-31 20:24:14,16.26
3,1,16,2026-03-31 20:34:14,16.26
3,1,16,2026-03-31 20:44:14,16.26
3,1,16,2026-03-31 20:54:14,16.21
3,1,16,2026-03-31 21:04:14,16.21
3,1,16,2026-03-31 21:14:14,16.21
3,1,16,2026-03-31 21:24:14,16.21
3,1,16,2026-03-31 21:34:14,16.21
3,1,16,2026-03-31 21:44:14,16.21
3,1,16,2026-03-31 21:54:14,16.21
3,1,16,2026-03-31 22:04:14,16.17
3,1,16,2026-03-31 22:14:14,16.21
3,1,16,2026-03-31 22:24:14,16.13
3,1,16,2026-03-31 22:34:14,16.17
3,1,16,2026-03-31 22:44:14,16.17
3,1,16,2026-03-31 22:54:14,16.13
3,1,16,2026-03-31 23:04:14,16.17
3,1,16,2026-03-31 23:14:14,16.13
3,1,16,2026-03-31 23:24:14,16.13
3,1,16,2026-03-31 23:34:14,16.13
3,1,16,2026-03-31 23:44:14,16.13
3,1,16,2026-03-31 23:54:14,16.13
3,1,16,2026-04-01 00:04:14,16.13
3,1,16,2026-04-01 00:14:14,16.13
3,1,16,2026-04-01 00:24:14,16.13
3,1,16,2026-04-01 00:34:14,16.13
3,1,16,2026-04-01 00:44:14,16.08
3,1,16,2026-04-01 00:54:14,16.08
3,1,16,2026-04-01 01:04:14,16.08
3,1,16,2026-04-01 01:14:14,16.08
3,1,16,2026-04-01 01:24:14,16.08
3,1,16,2026-04-01 01:34:14,16.08
3,1,16,2026-04-01 01:44:14,16.08
3,1,16,2026-04-01 01:54:14,16.08
3,1,16,2026-04-01 02:04:14,16.08
3,1,16,2026-04-01 02:14:14,16.04
3,1,16,2026-04-01 02:24:14,16.04
3,1,16,2026-04-01 02:34:14,16.04
3,1,16,2026-04-01 02:44:14,16.08
3,1,16,2026-04-01 02:54:14,16.04
3,1,16,2026-04-01 03:04:14,16.08
3,1,16,2026-04-01 03:14:14,16.04
3,1,16,2026-04-01 03:24:14,16.04
3,1,16,2026-04-01 03:34:14,16
3,1,16,2026-04-01 03:44:14,16
3,1,16,2026-04-01 03:54:14,16.04
3,1,16,2026-04-01 04:04:14,16.04
3,1,16,2026-04-01 04:14:14,16.04
3,1,16,2026-04-01 04:24:14,16
3,1,16,2026-04-01 04:34:14,16
3,1,16,2026-04-01 04:44:14,16
3,1,16,2026-04-01 04:54:14,16.04
3,1,16,2026-04-01 05:04:14,16
3,1,16,2026-04-01 05:14:14,16
3,1,16,2026-04-01 05:24:14,16
3,1,16,2026-04-01 05:34:14,16
3,1,16,2026-04-01 05:44:14,15.96
3,1,16,2026-04-01 05:54:14,15.96
3,1,16,2026-04-01 06:04:14,16
3,1,16,2026-04-01 06:14:14,16
3,1,16,2026-04-01 06:24:14,15.96
3,1,16,2026-04-01 06:34:14,16
3,1,16,2026-04-01 06:44:14,16
3,1,16,2026-04-01 06:54:14,16
3,1,16,2026-04-01 07:04:14,16
3,1,16,2026-04-01 07:14:14,16
3,1,16,2026-04-01 07:24:14,16
3,1,16,2026-04-01 07:34:14,16.04
3,1,16,2026-04-01 07:44:14,16.04
3,1,16,2026-04-01 07:54:14,15.96
3,1,16,2026-04-01 08:04:14,16
3,1,16,2026-04-01 08:14:14,16
3,1,16,2026-04-01 08:24:14,16.04
3,1,16,2026-04-01 08:34:14,16
3,1,16,2026-04-01 08:44:14,16
3,1,16,2026-04-01 08:54:14,16
3,1,16,2026-04-01 09:04:14,16.04
3,1,16,2026-04-01 09:14:14,16.08
3,1,16,2026-04-01 09:24:14,16.13
3,1,16,2026-04-01 09:34:14,16.13
3,1,16,2026-04-01 09:44:14,16.26
3,1,16,2026-04-01 09:54:14,16.21
3,1,16,2026-04-01 10:04:14,16.21
3,1,16,2026-04-01 10:14:14,16.21
3,1,16,2026-04-01 10:24:14,16.21
3,1,16,2026-04-01 10:34:14,16.26
3,1,16,2026-04-01 10:44:14,16.21
3,1,16,2026-04-01 10:54:14,16.34
3,1,16,2026-04-01 11:04:14,16.3
3,1,16,2026-04-01 11:14:14,16.3
3,1,16,2026-04-01 11:24:14,16.34
3,1,16,2026-04-01 11:34:14,16.34
3,1,16,2026-04-01 11:44:14,16.34
3,1,16,2026-04-01 11:54:14,16.39
3,1,16,2026-04-01 12:04:14,16.39
3,1,16,2026-04-01 12:14:14,16.34
3,1,16,2026-04-01 12:24:14,16.34
3,1,16,2026-04-01 12:34:14,16.34
3,1,16,2026-04-01 12:44:14,16.39
3,1,16,2026-04-01 12:54:14,16.39
3,1,16,2026-04-01 13:04:14,16.3
3,1,16,2026-04-01 13:14:14,16.39
3,1,16,2026-04-01 13:24:14,16.34
3,1,16,2026-04-01 13:34:14,16.39
3,1,16,2026-04-01 13:44:14,16.34
3,1,16,2026-04-01 13:54:14,16.34
3,1,16,2026-04-01 14:04:14,16.39
3,1,16,2026-04-01 14:14:14,16.3
3,1,16,2026-04-01 14:24:14,16.39
3,1,16,2026-04-01 14:34:14,16.34
3,1,16,2026-04-01 14:44:14,16.39
3,1,16,2026-04-01 14:54:14,16.3
3,1,16,2026-04-01 15:04:14,16.34
3,1,16,2026-04-01 15:14:14,16.34
3,1,16,2026-04-01 15:24:14,16.39
3,1,16,2026-04-01 15:34:14,16.3
3,1,16,2026-04-01 15:44:14,16.34
3,1,16,2026-04-01 15:54:14,16.3
3,1,16,2026-04-01 16:04:14,16.34
3,1,16,2026-04-01 16:14:14,16.34
3,1,16,2026-04-01 16:24:14,16.34
3,1,16,2026-04-01 16:34:14,16.3
3,1,16,2026-04-01 16:44:14,16.3
3,1,16,2026-04-01 16:54:14,16.3
3,1,16,2026-04-01 17:04:14,16.34
3,1,16,2026-04-01 17:14:14,16.34
3,1,16,2026-04-01 17:24:14,16.3
3,1,16,2026-04-01 17:34:14,16.34
3,1,16,2026-04-01 17:44:14,16.34
3,1,16,2026-04-01 17:54:14,16.3
3,1,16,2026-04-01 18:04:14,16.34
3,1,16,2026-04-01 18:14:14,16.34
3,1,16,2026-04-01 18:24:14,16.26
3,1,16,2026-04-01 18:34:14,16.3
3,1,16,2026-04-01 18:44:14,16.3
3,1,16,2026-04-01 18:54:14,16.34
3,1,16,2026-04-01 19:04:14,16.3
3,1,16,2026-04-01 19:14:14,16.26
3,1,16,2026-04-01 19:24:14,16.3
3,1,16,2026-04-01 19:34:14,16.3
3,1,16,2026-04-01 19:44:14,16.3
3,1,16,2026-04-01 19:54:14,16.26
3,1,16,2026-04-01 20:04:14,16.26
3,1,16,2026-04-01 20:14:14,16.3
3,1,16,2026-04-01 20:24:14,16.21
3,1,16,2026-04-01 20:34:14,16.26
3,1,16,2026-04-01 20:44:14,16.26
3,1,16,2026-04-01 20:54:14,16.26
3,1,16,2026-04-01 21:04:14,16.26
3,1,16,2026-04-01 21:14:14,16.21
3,1,16,2026-04-01 21:24:14,16.26
3,1,16,2026-04-01 21:34:14,16.21
3,1,16,2026-04-01 21:44:14,16.21
3,1,16,2026-04-01 21:54:14,16.21
3,1,16,2026-04-01 22:04:14,16.21
3,1,16,2026-04-01 22:14:14,16.21
3,1,16,2026-04-01 22:24:14,16.17
3,1,16,2026-04-01 22:34:14,16.21
3,1,16,2026-04-01 22:44:14,16.21
3,1,16,2026-04-01 22:54:14,16.21
3,1,16,2026-04-01 23:04:14,16.17
3,1,16,2026-04-01 23:14:14,16.17
3,1,16,2026-04-01 23:24:14,16.17
3,1,16,2026-04-01 23:34:14,16.13
3,1,16,2026-04-01 23:44:14,16.17
3,1,16,2026-04-01 23:54:14,16.21
3,1,16,2026-04-02 00:04:14,16.13
3,1,16,2026-04-02 00:14:14,16.17
3,1,16,2026-04-02 00:24:14,16.21
3,1,16,2026-04-02 00:34:14,16.13
3,1,16,2026-04-02 00:44:14,16.08
3,1,16,2026-04-02 00:54:14,16.13
3,1,16,2026-04-02 01:04:14,16.13
3,1,16,2026-04-02 01:14:14,16.13
3,1,16,2026-04-02 01:24:14,16.08
3,1,16,2026-04-02 01:34:14,16.13
3,1,16,2026-04-02 01:44:14,16.08
3,1,16,2026-04-02 01:54:14,16.13
3,1,16,2026-04-02 02:04:14,16.04
3,1,16,2026-04-02 02:14:14,16.08
3,1,16,2026-04-02 02:24:14,16.08
3,1,16,2026-04-02 02:34:14,16.08
3,1,16,2026-04-02 02:44:14,16.04
3,1,16,2026-04-02 02:54:14,16.08
3,1,16,2026-04-02 03:04:14,16.04
3,1,16,2026-04-02 03:14:14,16.04
3,1,16,2026-04-02 03:24:14,16.04
3,1,16,2026-04-02 03:34:14,16.04
3,1,16,2026-04-02 03:44:14,16.08
3,1,16,2026-04-02 03:54:14,16.08
3,1,16,2026-04-02 04:04:14,16.04
3,1,16,2026-04-02 04:14:14,16.04
3,1,16,2026-04-02 04:24:14,16.08
3,1,16,2026-04-02 04:34:14,15.96
3,1,16,2026-04-02 04:44:14,16.04
3,1,16,2026-04-02 04:54:14,16.04
3,1,16,2026-04-02 05:04:14,16
3,1,16,2026-04-02 05:14:14,16.08
3,1,16,2026-04-02 05:24:14,16.04
3,1,16,2026-04-02 05:34:14,16.04
3,1,16,2026-04-02 05:44:14,16.04
3,1,16,2026-04-02 05:54:14,16.04
3,1,16,2026-04-02 06:04:14,16
3,1,16,2026-04-02 06:14:14,16
3,1,16,2026-04-02 06:24:14,16
3,1,16,2026-04-02 06:34:14,16.04
3,1,16,2026-04-02 06:44:14,16.04
3,1,16,2026-04-02 06:54:14,16
3,1,16,2026-04-02 07:04:14,16
3,1,16,2026-04-02 07:14:14,16
3,1,16,2026-04-02 07:24:14,16
3,1,16,2026-04-02 07:34:14,16.04
3,1,16,2026-04-02 07:44:14,16
3,1,16,2026-04-02 07:54:14,16
3,1,16,2026-04-02 08:04:14,16
3,1,16,2026-04-02 08:14:14,16
3,1,16,2026-04-02 08:24:14,16
3,1,16,2026-04-02 08:34:14,16
3,1,16,2026-04-02 08:44:14,16
3,1,16,2026-04-02 08:54:14,16.04
3,1,16,2026-04-02 09:04:14,16
3,1,16,2026-04-02 09:14:14,16.04
3,1,16,2026-04-02 09:24:14,16
3,1,16,2026-04-02 09:34:14,16.04
3,1,16,2026-04-02 09:44:14,16.04
3,1,16,2026-04-02 09:54:14,16.08
3,1,16,2026-04-02 10:04:14,16.04
3,1,16,2026-04-02 10:14:14,16.08
3,1,16,2026-04-02 10:24:14,16.04
3,1,16,2026-04-02 10:34:14,16.04
3,1,16,2026-04-02 10:44:14,16.04
3,1,16,2026-04-02 10:54:14,16.04
3,1,16,2026-04-02 11:04:14,16.04
3,1,16,2026-04-02 11:14:14,16.08
3,1,16,2026-04-02 11:24:14,16.08
3,1,16,2026-04-02 11:34:14,16.17
3,1,16,2026-04-02 11:44:14,16.13
3,1,16,2026-04-02 11:54:14,16.17
3,1,16,2026-04-02 12:04:14,16.13
3,1,16,2026-04-02 12:14:14,16.21
3,1,16,2026-04-02 12:24:14,16.21
3,1,16,2026-04-02 12:34:14,16.26
3,1,16,2026-04-02 12:44:14,16.3
3,1,16,2026-04-02 12:54:14,16.26
3,1,16,2026-04-02 13:04:14,16.3
3,1,16,2026-04-02 13:14:14,16.34
3,1,16,2026-04-02 13:24:14,16.26
3,1,16,2026-04-02 13:34:14,16.34
3,1,16,2026-04-02 13:44:14,16.3
3,1,16,2026-04-02 13:54:14,16.34
3,1,16,2026-04-02 14:04:14,16.3
3,1,16,2026-04-02 14:14:14,16.34
3,1,16,2026-04-02 14:24:14,16.34
3,1,16,2026-04-02 14:34:14,16.3
3,1,16,2026-04-02 14:44:14,16.34
3,1,16,2026-04-02 14:54:14,16.3
3,1,16,2026-04-02 15:04:14,16.34
3,1,16,2026-04-02 15:14:14,16.3
3,1,16,2026-04-02 15:24:14,16.34
3,1,16,2026-04-02 15:34:14,16.34
3,1,16,2026-04-02 15:44:14,16.34
3,1,16,2026-04-02 15:54:14,16.26
3,1,16,2026-04-02 16:04:14,16.34
3,1,16,2026-04-02 16:14:14,16.34
3,1,16,2026-04-02 16:24:14,16.3
3,1,16,2026-04-02 16:34:14,16.26
3,1,16,2026-04-02 16:44:14,16.3
3,1,16,2026-04-02 16:54:14,16.3
3,1,16,2026-04-02 17:04:14,16.3
3,1,16,2026-04-02 17:14:14,16.3
3,1,16,2026-04-02 17:24:14,16.34
3,1,16,2026-04-02 17:34:14,16.3
3,1,16,2026-04-02 17:44:14,16.26
3,1,16,2026-04-02 17:54:14,16.26
3,1,16,2026-04-02 18:04:14,16.26
3,1,16,2026-04-02 18:14:14,16.3
3,1,16,2026-04-02 18:24:14,16.26
3,1,16,2026-04-02 18:34:14,16.26
3,1,16,2026-04-02 18:44:14,16.3
3,1,16,2026-04-02 18:54:14,16.26
3,1,16,2026-04-02 19:04:14,16.3
3,1,16,2026-04-02 19:14:14,16.26
3,1,16,2026-04-02 19:24:14,16.21
3,1,16,2026-04-02 19:34:14,16.21
3,1,16,2026-04-02 19:44:14,16.3
3,1,16,2026-04-02 19:54:14,16.21
3,1,16,2026-04-02 20:04:14,16.26
3,1,16,2026-04-02 20:14:14,16.21
3,1,16,2026-04-02 20:24:14,16.26
3,1,16,2026-04-02 20:34:14,16.21
3,1,16,2026-04-02 20:44:14,16.21
3,1,16,2026-04-02 20:54:14,16.17
3,1,16,2026-04-02 21:04:14,16.21
3,1,16,2026-04-02 21:14:14,16.21
3,1,16,2026-04-02 21:24:14,16.21
3,1,16,2026-04-02 21:34:14,16.21
3,1,16,2026-04-02 21:44:14,16.17
3,1,16,2026-04-02 21:54:14,16.17
3,1,16,2026-04-02 22:04:14,16.17
3,1,16,2026-04-02 22:14:14,16.17
3,1,16,2026-04-02 22:24:14,16.13
3,1,16,2026-04-02 22:34:14,16.13
3,1,16,2026-04-02 22:44:14,16.13
3,1,16,2026-04-02 22:54:14,16.13
3,1,16,2026-04-02 23:04:14,16.08
3,1,16,2026-04-02 23:14:14,16.13
3,1,16,2026-04-02 23:24:14,16.13
3,1,16,2026-04-02 23:34:14,16.08
3,1,16,2026-04-02 23:44:14,16.08
3,1,16,2026-04-02 23:54:14,16.04
3,1,16,2026-04-03 00:04:14,16.04
3,1,16,2026-04-03 00:14:14,16.04
3,1,16,2026-04-03 00:24:14,16.08
3,1,16,2026-04-03 00:34:14,16
3,1,16,2026-04-03 00:44:14,16.04
3,1,16,2026-04-03 00:54:14,16
3,1,16,2026-04-03 01:04:14,16
3,1,16,2026-04-03 01:14:14,16.04
3,1,16,2026-04-03 01:24:14,16.04
3,1,16,2026-04-03 01:34:14,16
3,1,16,2026-04-03 01:44:14,16
3,1,16,2026-04-03 01:54:14,16
3,1,16,2026-04-03 02:04:14,16
3,1,16,2026-04-03 02:14:14,16
3,1,16,2026-04-03 02:24:14,16.04
3,1,16,2026-04-03 02:34:14,16
3,1,16,2026-04-03 02:44:14,16
3,1,16,2026-04-03 02:54:14,16
3,1,16,2026-04-03 03:04:14,16
3,1,16,2026-04-03 03:14:14,16
3,1,16,2026-04-03 03:24:14,15.96
3,1,16,2026-04-03 03:34:14,16
3,1,16,2026-04-03 03:44:14,15.96
3,1,16,2026-04-03 03:54:14,15.96
3,1,16,2026-04-03 04:04:14,16
3,1,16,2026-04-03 04:14:14,15.96
3,1,16,2026-04-03 04:24:14,15.91
3,1,16,2026-04-03 04:34:14,15.91
3,1,16,2026-04-03 04:44:14,15.96
3,1,16,2026-04-03 04:54:14,15.96
3,1,16,2026-04-03 05:04:14,15.96
3,1,16,2026-04-03 05:14:14,15.96
3,1,16,2026-04-03 05:24:14,15.96
3,1,16,2026-04-03 05:34:14,15.96
3,1,16,2026-04-03 05:44:14,15.96
3,1,16,2026-04-03 05:54:14,15.96
3,1,16,2026-04-03 06:04:14,15.91
3,1,16,2026-04-03 06:14:14,15.96
3,1,16,2026-04-03 06:24:14,15.96
3,1,16,2026-04-03 06:34:14,15.96
3,1,16,2026-04-03 06:44:14,15.96
3,1,16,2026-04-03 06:54:14,15.91
3,1,16,2026-04-03 07:04:14,15.91
3,1,16,2026-04-03 07:14:14,15.91
3,1,16,2026-04-03 07:24:14,15.91
3,1,16,2026-04-03 07:34:14,15.91
3,1,16,2026-04-03 07:44:14,15.91
3,1,16,2026-04-03 07:54:14,15.96
3,1,16,2026-04-03 08:04:14,15.91
3,1,16,2026-04-03 08:14:14,15.91
3,1,16,2026-04-03 08:24:14,15.96
3,1,16,2026-04-03 08:34:14,15.96
3,1,16,2026-04-03 08:44:14,16
3,1,16,2026-04-03 08:54:14,15.96
3,1,16,2026-04-03 09:04:14,15.96
3,1,16,2026-04-03 09:14:14,16.04
3,1,16,2026-04-03 09:24:14,16.04
3,1,16,2026-04-03 09:34:14,16.08
3,1,16,2026-04-03 09:44:14,16.13
3,1,16,2026-04-03 09:54:14,16.17
3,1,16,2026-04-03 10:04:14,16.21
3,1,16,2026-04-03 10:14:14,16.26
3,1,16,2026-04-03 10:24:14,16.3
3,1,16,2026-04-03 10:34:14,16.34
3,1,16,2026-04-03 10:44:14,16.34
3,1,16,2026-04-03 10:54:14,16.34
3,1,16,2026-04-03 11:04:14,16.39
3,1,16,2026-04-03 11:14:14,16.43
3,1,16,2026-04-03 11:24:14,16.43
3,1,16,2026-04-03 11:34:14,16.43
3,1,16,2026-04-03 11:44:14,16.39
3,1,16,2026-04-03 11:54:14,16.43
3,1,16,2026-04-03 12:04:14,16.43
3,1,16,2026-04-03 12:14:14,16.47
3,1,16,2026-04-03 12:24:14,16.47
3,1,16,2026-04-03 12:34:14,16.43
3,1,16,2026-04-03 12:44:14,16.43
3,1,16,2026-04-03 12:54:14,16.43
3,1,16,2026-04-03 13:04:14,16.43
3,1,16,2026-04-03 13:14:14,16.43
3,1,16,2026-04-03 13:24:14,16.43
3,1,16,2026-04-03 13:34:14,16.43
3,1,16,2026-04-03 13:44:14,16.43
3,1,16,2026-04-03 13:54:14,16.43
3,1,16,2026-04-03 14:04:14,16.47
3,1,16,2026-04-03 14:14:14,16.43
3,1,16,2026-04-03 14:24:14,16.47
3,1,16,2026-04-03 14:34:14,16.43
3,1,16,2026-04-03 14:44:14,16.39
3,1,16,2026-04-03 14:54:14,16.47
3,1,16,2026-04-03 15:04:14,16.43
3,1,16,2026-04-03 15:14:14,16.43
3,1,16,2026-04-03 15:24:14,16.43
3,1,16,2026-04-03 15:34:14,16.39
3,1,16,2026-04-03 15:44:14,16.39
3,1,16,2026-04-03 15:54:14,16.39
3,1,16,2026-04-03 16:04:14,16.39
3,1,16,2026-04-03 16:14:14,16.39
3,1,16,2026-04-03 16:24:14,16.39
3,1,16,2026-04-03 16:34:14,16.39
3,1,16,2026-04-03 16:44:14,16.39
3,1,16,2026-04-03 16:54:14,16.39
3,1,16,2026-04-03 17:04:14,16.34
3,1,16,2026-04-03 17:14:14,16.34
3,1,16,2026-04-03 17:24:14,16.34
3,1,16,2026-04-03 17:34:14,16.39
3,1,16,2026-04-03 17:44:14,16.39
3,1,16,2026-04-03 17:54:14,16.39
3,1,16,2026-04-03 18:04:14,16.3
3,1,16,2026-04-03 18:14:14,16.39
3,1,16,2026-04-03 18:24:14,16.34
3,1,16,2026-04-03 18:34:14,16.26
3,1,16,2026-04-03 18:44:14,16.3
3,1,16,2026-04-03 18:54:14,16.3
3,1,16,2026-04-03 19:04:14,16.3
3,1,16,2026-04-03 19:14:14,16.3
3,1,16,2026-04-03 19:24:14,16.3
3,1,16,2026-04-03 19:34:14,16.26
3,1,16,2026-04-03 19:44:14,16.3
3,1,16,2026-04-03 19:54:14,16.3
3,1,16,2026-04-03 20:04:14,16.26
3,1,16,2026-04-03 20:14:14,16.26
3,1,16,2026-04-03 20:24:14,16.26
3,1,16,2026-04-03 20:34:14,16.21
3,1,16,2026-04-03 20:44:14,16.3
3,1,16,2026-04-03 20:54:14,16.26
3,1,16,2026-04-03 21:04:14,16.26
3,1,16,2026-04-03 21:14:14,16.21
3,1,16,2026-04-03 21:24:14,16.26
3,1,16,2026-04-03 21:34:14,16.21
3,1,16,2026-04-03 21:44:14,16.21
3,1,16,2026-04-03 21:54:14,16.21
3,1,16,2026-04-03 22:04:14,16.21
3,1,16,2026-04-03 22:14:14,16.17
3,1,16,2026-04-03 22:24:14,16.21
3,1,16,2026-04-03 22:34:14,16.17
3,1,16,2026-04-03 22:44:14,16.21
3,1,16,2026-04-03 22:54:14,16.17
3,1,16,2026-04-03 23:04:14,16.17
3,1,16,2026-04-03 23:14:14,16.17
3,1,16,2026-04-03 23:24:14,16.17
3,1,16,2026-04-03 23:34:14,16.13
3,1,16,2026-04-03 23:44:14,16.17
3,1,16,2026-04-03 23:54:14,16.17
3,1,16,2026-04-04 00:04:14,16.17
3,1,16,2026-04-04 00:14:14,16.17
3,1,16,2026-04-04 00:24:14,16.13
3,1,16,2026-04-04 00:34:14,16.13
3,1,16,2026-04-04 00:44:14,16.13
3,1,16,2026-04-04 00:54:14,16.08
3,1,16,2026-04-04 01:04:14,16.13
3,1,16,2026-04-04 01:14:14,16.08
3,1,16,2026-04-04 01:24:14,16.08
3,1,16,2026-04-04 01:34:14,16.08
3,1,16,2026-04-04 01:44:14,16.08
3,1,16,2026-04-04 01:54:14,16.08
3,1,16,2026-04-04 02:04:14,16.08
3,1,16,2026-04-04 02:14:14,16.08
3,1,16,2026-04-04 02:24:14,16.04
3,1,16,2026-04-04 02:34:14,16.04
3,1,16,2026-04-04 02:44:14,16.08
3,1,16,2026-04-04 02:54:14,16.08
3,1,16,2026-04-04 03:04:14,16.08
3,1,16,2026-04-04 03:14:14,16.04
3,1,16,2026-04-04 03:24:14,16
3,1,16,2026-04-04 03:34:14,16.04
3,1,16,2026-04-04 03:44:14,16.04
3,1,16,2026-04-04 03:54:14,16.08
3,1,16,2026-04-04 04:04:14,16.04
3,1,16,2026-04-04 04:14:14,16.04
3,1,16,2026-04-04 04:24:14,16.04
3,1,16,2026-04-04 04:34:14,16
3,1,16,2026-04-04 04:44:14,16.04
3,1,16,2026-04-04 04:54:14,16
3,1,16,2026-04-04 05:04:14,16
3,1,16,2026-04-04 05:14:14,16
3,1,16,2026-04-04 05:24:14,16
3,1,16,2026-04-04 05:34:14,15.96
3,1,16,2026-04-04 05:44:14,15.96
3,1,16,2026-04-04 05:54:14,16
3,1,16,2026-04-04 06:04:14,16.04
3,1,16,2026-04-04 06:14:14,16.04
3,1,16,2026-04-04 06:24:14,16
3,1,16,2026-04-04 06:34:14,16.04
3,1,16,2026-04-04 06:44:14,15.96
3,1,16,2026-04-04 06:54:14,16
3,1,16,2026-04-04 07:04:14,16
3,1,16,2026-04-04 07:14:14,16
3,1,16,2026-04-04 07:24:14,15.96
3,1,16,2026-04-04 07:34:14,15.96
3,1,16,2026-04-04 07:44:14,16
3,1,16,2026-04-04 07:54:14,15.96
3,1,16,2026-04-04 08:04:14,15.96
3,1,16,2026-04-04 08:14:14,15.96
3,1,16,2026-04-04 08:24:14,16
3,1,16,2026-04-04 08:34:14,16.04
3,1,16,2026-04-04 08:44:14,16
3,1,16,2026-04-04 08:54:14,16.04
3,1,16,2026-04-04 09:04:14,16
3,1,16,2026-04-04 09:14:14,16.08
3,1,16,2026-04-04 09:24:14,16.08
3,1,16,2026-04-04 09:34:14,16.08
3,1,16,2026-04-04 09:44:14,16.04
3,1,16,2026-04-04 09:54:14,16.04
3,1,16,2026-04-04 10:04:14,16.04
3,1,16,2026-04-04 10:14:14,16.04
3,1,16,2026-04-04 10:24:14,16.08
3,1,16,2026-04-04 10:34:14,16.08
3,1,16,2026-04-04 10:44:14,16.08
3,1,16,2026-04-04 10:54:14,16.08
3,1,16,2026-04-04 11:04:14,16.08
3,1,16,2026-04-04 11:14:14,16.04
3,1,16,2026-04-04 11:24:14,16.08
3,1,16,2026-04-04 11:34:14,16.13
3,1,16,2026-04-04 11:44:14,16.08
3,1,16,2026-04-04 11:54:14,16.08
3,1,16,2026-04-04 12:04:14,16.08
3,1,16,2026-04-04 12:14:14,16.13
3,1,16,2026-04-04 12:24:14,16.08
3,1,16,2026-04-04 12:34:14,16.13
3,1,16,2026-04-04 12:44:14,16.13
3,1,16,2026-04-04 12:54:14,16.08
3,1,16,2026-04-04 13:04:14,16.13
3,1,16,2026-04-04 13:14:14,16.13
3,1,16,2026-04-04 13:24:14,16.13
3,1,16,2026-04-04 13:34:14,16.13
3,1,16,2026-04-04 13:44:14,16.17
3,1,16,2026-04-04 13:54:14,16.17
3,1,16,2026-04-04 14:04:14,16.13
3,1,16,2026-04-04 14:14:14,16.13
3,1,16,2026-04-04 14:24:14,16.17
3,1,16,2026-04-04 14:34:14,16.08
3,1,16,2026-04-04 14:44:14,16.13
3,1,16,2026-04-04 14:54:14,16.17
3,1,16,2026-04-04 15:04:14,16.17
3,1,16,2026-04-04 15:14:14,16.17
3,1,16,2026-04-04 15:24:14,16.17
3,1,16,2026-04-04 15:34:14,16.17
3,1,16,2026-04-04 15:44:14,16.17
3,1,16,2026-04-04 15:54:14,16.13
3,1,16,2026-04-04 16:04:14,16.17
3,1,16,2026-04-04 16:14:14,16.13
3,1,16,2026-04-04 16:24:14,16.17
3,1,16,2026-04-04 16:34:14,16.17
3,1,16,2026-04-04 16:44:14,16.17
3,1,16,2026-04-04 16:54:14,16.17
3,1,16,2026-04-04 17:04:14,16.17
3,1,16,2026-04-04 17:14:14,16.21
3,1,16,2026-04-04 17:24:14,16.13
3,1,16,2026-04-04 17:34:14,16.17
3,1,16,2026-04-04 17:44:14,16.21
3,1,16,2026-04-04 17:54:14,16.17
3,1,16,2026-04-04 18:04:14,16.21
3,1,16,2026-04-04 18:14:14,16.17
3,1,16,2026-04-04 18:24:14,16.17
3,1,16,2026-04-04 18:34:14,16.13
3,1,16,2026-04-04 18:44:14,16.17
3,1,16,2026-04-04 18:54:14,16.17
3,1,16,2026-04-04 19:04:14,16.13
3,1,16,2026-04-04 19:14:14,16.21
3,1,16,2026-04-04 19:24:14,16.17
3,1,16,2026-04-04 19:34:14,16.17
3,1,16,2026-04-04 19:44:14,16.17
3,1,16,2026-04-04 19:54:14,16.21
3,1,16,2026-04-04 20:04:14,16.21
3,1,16,2026-04-04 20:14:14,16.17
3,1,16,2026-04-04 20:24:14,16.17
3,1,16,2026-04-04 20:34:14,16.17
3,1,16,2026-04-04 20:44:14,16.17
3,1,16,2026-04-04 20:54:14,16.21
3,1,16,2026-04-04 21:04:14,16.13
3,1,16,2026-04-04 21:14:14,16.17
3,1,16,2026-04-04 21:24:14,16.08
3,1,16,2026-04-04 21:34:14,16.17
3,1,16,2026-04-04 21:44:14,16.13
3,1,16,2026-04-04 21:54:14,16.13
3,1,16,2026-04-04 22:04:14,16.13
3,1,16,2026-04-04 22:14:14,16.13
3,1,16,2026-04-04 22:24:14,16.08
3,1,16,2026-04-04 22:34:14,16.08
3,1,16,2026-04-04 22:44:14,16.13
3,1,16,2026-04-04 22:54:14,16.08
3,1,16,2026-04-04 23:04:14,16.13
3,1,16,2026-04-04 23:14:14,16.08
3,1,16,2026-04-04 23:24:14,16.08
3,1,16,2026-04-04 23:34:14,16.08
3,1,16,2026-04-04 23:44:14,16.04
3,1,16,2026-04-04 23:54:14,16.13
3,1,16,2026-04-05 00:04:14,16.04
3,1,16,2026-04-05 00:14:14,16.08
3,1,16,2026-04-05 00:24:14,16.08
3,1,16,2026-04-05 00:34:14,16.08
3,1,16,2026-04-05 00:44:14,16.04
3,1,16,2026-04-05 00:54:14,16.04
3,1,16,2026-04-05 01:04:14,16.04
3,1,16,2026-04-05 01:14:14,16.04
3,1,16,2026-04-05 01:24:14,16.04
3,1,16,2026-04-05 01:34:14,16.08
3,1,16,2026-04-05 01:44:14,16
3,1,16,2026-04-05 01:54:14,16.04
3,1,16,2026-04-05 02:04:14,16.04
3,1,16,2026-04-05 02:14:14,16
3,1,16,2026-04-05 02:24:14,16
3,1,16,2026-04-05 02:34:14,16.04
3,1,16,2026-04-05 02:44:14,16.04
3,1,16,2026-04-05 02:54:14,16
3,1,16,2026-04-05 03:04:14,16
3,1,16,2026-04-05 03:14:14,16
3,1,16,2026-04-05 03:24:14,16
3,1,16,2026-04-05 03:34:14,16
3,1,16,2026-04-05 03:44:14,15.96
3,1,16,2026-04-05 03:54:14,16
3,1,16,2026-04-05 04:04:14,16
3,1,16,2026-04-05 04:14:14,15.96
3,1,16,2026-04-05 04:24:14,15.91
3,1,16,2026-04-05 04:34:14,15.91
3,1,16,2026-04-05 04:44:14,15.96
3,1,16,2026-04-05 04:54:14,15.96
3,1,16,2026-04-05 05:04:14,15.96
3,1,16,2026-04-05 05:14:14,15.96
3,1,16,2026-04-05 05:24:14,16
3,1,16,2026-04-05 05:34:14,15.91
3,1,16,2026-04-05 05:44:14,15.91
3,1,16,2026-04-05 05:54:14,15.96
3,1,16,2026-04-05 06:04:14,15.96
3,1,16,2026-04-05 06:14:14,16
3,1,16,2026-04-05 06:24:14,15.96
3,1,16,2026-04-05 06:34:14,15.96
3,1,16,2026-04-05 06:44:14,16
3,1,16,2026-04-05 06:54:14,15.96
3,1,16,2026-04-05 07:04:14,15.96
3,1,16,2026-04-05 07:14:14,15.96
3,1,16,2026-04-05 07:24:14,15.96
3,1,16,2026-04-05 07:34:14,15.96
3,1,16,2026-04-05 07:44:14,15.91
3,1,16,2026-04-05 07:54:14,15.91
3,1,16,2026-04-05 08:04:14,15.91
3,1,16,2026-04-05 08:14:14,16
3,1,16,2026-04-05 08:24:14,15.91
3,1,16,2026-04-05 08:34:14,15.96
3,1,16,2026-04-05 08:44:14,15.96
3,1,16,2026-04-05 08:54:14,16
3,1,16,2026-04-05 09:04:14,15.96
3,1,16,2026-04-05 09:14:14,16
3,1,16,2026-04-05 09:24:14,16
3,1,16,2026-04-05 09:34:14,16.04
3,1,16,2026-04-05 09:44:14,16
3,1,16,2026-04-05 09:54:14,15.96
3,1,16,2026-04-05 10:04:14,16
3,1,16,2026-04-05 10:14:14,16
3,1,16,2026-04-05 10:24:14,15.96
3,1,16,2026-04-05 10:34:14,16.04
3,1,16,2026-04-05 10:44:14,16.04
3,1,16,2026-04-05 10:54:14,16.04
3,1,16,2026-04-05 11:04:14,16.04
3,1,16,2026-04-05 11:14:14,16.04
3,1,16,2026-04-05 11:24:14,16
3,1,16,2026-04-05 11:34:14,16.08
3,1,16,2026-04-05 11:44:14,16.04
3,1,16,2026-04-05 11:54:14,16.04
3,1,16,2026-04-05 12:04:14,16.08
3,1,16,2026-04-05 12:14:14,16.04
3,1,16,2026-04-05 12:24:14,16.13
3,1,16,2026-04-05 12:34:14,16.08
3,1,16,2026-04-05 12:44:14,16.08
3,1,16,2026-04-05 12:54:14,16.08
3,1,16,2026-04-05 13:04:14,16.13
3,1,16,2026-04-05 13:14:14,16.08
3,1,16,2026-04-05 13:24:14,16.08
3,1,16,2026-04-05 13:34:14,16.08
3,1,16,2026-04-05 13:44:14,16.13
3,1,16,2026-04-05 13:54:14,16.17
3,1,16,2026-04-05 14:04:14,16.08
3,1,16,2026-04-05 14:14:14,16.13
3,1,16,2026-04-05 14:24:14,16.13
3,1,16,2026-04-05 14:34:14,16.17
3,1,16,2026-04-05 14:44:14,16.13
3,1,16,2026-04-05 14:54:14,16.13
3,1,16,2026-04-05 15:04:14,16.13
3,1,16,2026-04-05 15:14:14,16.13
3,1,16,2026-04-05 15:24:14,16.13
3,1,16,2026-04-05 15:34:14,16.13
3,1,16,2026-04-05 15:44:14,16.17
3,1,16,2026-04-05 15:54:14,16.17
3,1,16,2026-04-05 16:04:14,16.13
3,1,16,2026-04-05 16:14:14,16.17
3,1,16,2026-04-05 16:24:14,16.13
3,1,16,2026-04-05 16:34:14,16.13
3,1,16,2026-04-05 16:44:14,16.13
3,1,16,2026-04-05 16:54:14,16.13
3,1,16,2026-04-05 17:04:14,16.13
3,1,16,2026-04-05 17:14:14,16.13
3,1,16,2026-04-05 17:24:14,16.17
3,1,16,2026-04-05 17:34:14,16.17
3,1,16,2026-04-05 17:44:14,16.13
3,1,16,2026-04-05 17:54:14,16.17
3,1,16,2026-04-05 18:04:14,16.17
3,1,16,2026-04-05 18:14:14,16.17
3,1,16,2026-04-05 18:24:14,16.13
3,1,16,2026-04-05 18:34:14,16.17
3,1,16,2026-04-05 18:44:14,16.17
3,1,16,2026-04-05 18:54:14,16.17
3,1,16,2026-04-05 19:04:14,16.13
3,1,16,2026-04-05 19:14:14,16.17
3,1,16,2026-04-05 19:24:14,16.17
3,1,16,2026-04-05 19:34:14,16.13
3,1,16,2026-04-05 19:44:14,16.13
3,1,16,2026-04-05 19:54:14,16.17
3,1,16,2026-04-05 20:04:14,16.13
3,1,16,2026-04-05 20:14:14,16.13
3,1,16,2026-04-05 20:24:14,16.13
3,1,16,2026-04-05 20:34:14,16.17
3,1,16,2026-04-05 20:44:14,16.13
3,1,16,2026-04-05 20:54:14,16.17
3,1,16,2026-04-05 21:04:14,16.13
3,1,16,2026-04-05 21:14:14,16.08
3,1,16,2026-04-05 21:24:14,16.13
3,1,16,2026-04-05 21:34:14,16.17
3,1,16,2026-04-05 21:44:14,16.13
3,1,16,2026-04-05 21:54:14,16.08
3,1,16,2026-04-05 22:04:14,16.17
3,1,16,2026-04-05 22:14:14,16.08
3,1,16,2026-04-05 22:24:14,16.08
3,1,16,2026-04-05 22:34:14,16.13
3,1,16,2026-04-05 22:44:14,16.08
3,1,16,2026-04-05 22:54:14,16.04
3,1,16,2026-04-05 23:04:14,16.08
3,1,16,2026-04-05 23:14:14,16.08
3,1,16,2026-04-05 23:24:14,16.08
3,1,16,2026-04-05 23:34:14,16.08
3,1,16,2026-04-05 23:44:14,16.08
3,1,16,2026-04-05 23:54:14,16.04
3,1,16,2026-04-06 00:04:14,16.04
3,1,16,2026-04-06 00:14:14,16.08
3,1,16,2026-04-06 00:24:14,16.04
3,1,16,2026-04-06 00:34:14,16
3,1,16,2026-04-06 00:44:14,16.04
3,1,16,2026-04-06 00:54:14,16
3,1,16,2026-04-06 01:04:14,16.08
3,1,16,2026-04-06 01:14:14,16.08
3,1,16,2026-04-06 01:24:14,16.04
3,1,16,2026-04-06 01:34:14,16
3,1,16,2026-04-06 01:44:14,16.04
3,1,16,2026-04-06 01:54:14,16.04
3,1,16,2026-04-06 02:04:14,16
3,1,16,2026-04-06 02:14:14,16
3,1,16,2026-04-06 02:24:14,16
3,1,16,2026-04-06 02:34:14,16
3,1,16,2026-04-06 02:44:14,16.04
3,1,16,2026-04-06 02:54:14,16.04
3,1,16,2026-04-06 03:04:14,16
3,1,16,2026-04-06 03:14:14,16.04
3,1,16,2026-04-06 03:24:14,16
3,1,16,2026-04-06 03:34:14,16
3,1,16,2026-04-06 03:44:14,16
3,1,16,2026-04-06 03:54:14,15.96
3,1,16,2026-04-06 04:04:14,16.04
3,1,16,2026-04-06 04:14:14,16
3,1,16,2026-04-06 04:24:14,16
3,1,16,2026-04-06 04:34:14,16.04
3,1,16,2026-04-06 04:44:14,15.96
3,1,16,2026-04-06 04:54:14,16.04
3,1,16,2026-04-06 05:04:14,16
3,1,16,2026-04-06 05:14:14,16
3,1,16,2026-04-06 05:24:14,15.96
3,1,16,2026-04-06 05:34:14,16
3,1,16,2026-04-06 05:44:14,15.96
3,1,16,2026-04-06 05:54:14,16
3,1,16,2026-04-06 06:04:14,15.96
3,1,16,2026-04-06 06:14:14,16
3,1,16,2026-04-06 06:24:14,15.96
3,1,16,2026-04-06 06:34:14,15.96
3,1,16,2026-04-06 06:44:14,15.96
3,1,16,2026-04-06 06:54:14,15.96
3,1,16,2026-04-06 07:04:14,16
3,1,16,2026-04-06 07:14:14,16
3,1,16,2026-04-06 07:24:14,16
3,1,16,2026-04-06 07:34:14,15.91
3,1,16,2026-04-06 07:44:14,16
3,1,16,2026-04-06 07:54:14,15.96
3,1,16,2026-04-06 08:04:14,15.96
3,1,16,2026-04-06 08:14:14,16
3,1,16,2026-04-06 08:24:14,15.96
3,1,16,2026-04-06 08:34:14,16
3,1,16,2026-04-06 08:44:14,16
3,1,16,2026-04-06 08:54:14,16
3,1,16,2026-04-06 09:04:14,16
3,1,16,2026-04-06 09:14:14,16
3,1,16,2026-04-06 09:24:14,16
3,1,16,2026-04-06 09:34:14,16.04
3,1,16,2026-04-06 09:44:14,16.08
3,1,16,2026-04-06 09:54:14,16.04
3,1,16,2026-04-06 10:04:14,16.08
3,1,16,2026-04-06 10:14:14,16.08
3,1,16,2026-04-06 10:24:14,16.13
3,1,16,2026-04-06 10:34:14,16.17
3,1,16,2026-04-06 10:44:14,16.17
3,1,16,2026-04-06 10:54:14,16.13
3,1,16,2026-04-06 11:04:14,16.21
3,1,16,2026-04-06 11:14:14,16.17
3,1,16,2026-04-06 11:24:14,16.21
3,1,16,2026-04-06 11:34:14,16.17
3,1,16,2026-04-06 11:44:14,16.17
3,1,16,2026-04-06 11:54:14,16.21
3,1,16,2026-04-06 12:04:14,16.21
3,1,16,2026-04-06 12:14:14,16.17
3,1,16,2026-04-06 12:24:14,16.21
3,1,16,2026-04-06 12:34:14,16.26
3,1,16,2026-04-06 12:44:14,16.21
3,1,16,2026-04-06 12:54:14,16.26
3,1,16,2026-04-06 13:04:14,16.21
3,1,16,2026-04-06 13:14:14,16.21
3,1,16,2026-04-06 13:24:14,16.17
3,1,16,2026-04-06 13:34:14,16.21
3,1,16,2026-04-06 13:44:14,16.21
3,1,16,2026-04-06 13:54:14,16.21
3,1,16,2026-04-06 14:04:14,16.21
3,1,16,2026-04-06 14:14:14,16.21
3,1,16,2026-04-06 14:24:14,16.21
3,1,16,2026-04-06 14:34:14,16.21
3,1,16,2026-04-06 14:44:14,16.21
3,1,16,2026-04-06 14:54:14,16.21
3,1,16,2026-04-06 15:04:14,16.21
3,1,16,2026-04-06 15:14:14,16.21
3,1,16,2026-04-06 15:24:14,16.21
3,1,16,2026-04-06 15:34:14,16.21
3,1,16,2026-04-06 15:44:14,16.21
3,1,16,2026-04-06 15:54:14,16.21
3,1,16,2026-04-06 16:04:14,16.17
3,1,16,2026-04-06 16:14:14,16.21
3,1,16,2026-04-06 16:24:14,16.17
3,1,16,2026-04-06 16:34:14,16.21
3,1,16,2026-04-06 16:44:14,16.17
3,1,16,2026-04-06 16:54:14,16.21
3,1,16,2026-04-06 17:04:14,16.17
3,1,16,2026-04-06 17:14:14,16.21
3,1,16,2026-04-06 17:24:14,16.21
3,1,16,2026-04-06 17:34:14,16.21
3,1,16,2026-04-06 17:44:14,16.21
3,1,16,2026-04-06 17:54:14,16.26
3,1,16,2026-04-06 18:04:14,16.21
3,1,16,2026-04-06 18:14:14,16.21
3,1,16,2026-04-06 18:24:14,16.21
3,1,16,2026-04-06 18:34:14,16.21
3,1,16,2026-04-06 18:44:14,16.26
3,1,16,2026-04-06 18:54:14,16.21
3,1,16,2026-04-06 19:04:14,16.13
3,1,16,2026-04-06 19:14:14,16.21
3,1,16,2026-04-06 19:24:14,16.17
3,1,16,2026-04-06 19:34:14,16.17
3,1,16,2026-04-06 19:44:14,16.21
3,1,16,2026-04-06 19:54:14,16.21
3,1,16,2026-04-06 20:04:14,16.17
3,1,16,2026-04-06 20:14:14,16.21
3,1,16,2026-04-06 20:24:14,16.17
3,1,16,2026-04-06 20:34:14,16.17
3,1,16,2026-04-06 20:44:14,16.17
3,1,16,2026-04-06 20:54:14,16.17
3,1,16,2026-04-06 21:04:14,16.17
3,1,16,2026-04-06 21:14:14,16.17
3,1,16,2026-04-06 21:24:14,16.13
3,1,16,2026-04-06 21:34:14,16.08
3,1,16,2026-04-06 21:44:14,16.08
3,1,16,2026-04-06 21:54:14,16.13
3,1,16,2026-04-06 22:04:14,16.13
3,1,16,2026-04-06 22:14:14,16.13
3,1,16,2026-04-06 22:24:14,16.08
3,1,16,2026-04-06 22:34:14,16.08
3,1,16,2026-04-06 22:44:14,16.08
3,1,16,2026-04-06 22:54:14,16.04
3,1,16,2026-04-06 23:04:14,16.04
3,1,16,2026-04-06 23:14:14,16.08
3,1,16,2026-04-06 23:24:14,16.04
3,1,16,2026-04-06 23:34:14,16.08
3,1,16,2026-04-06 23:44:14,16.04
3,1,16,2026-04-06 23:54:14,16.04
3,1,16,2026-04-07 00:04:14,16.04
3,1,16,2026-04-07 00:14:14,16.04
3,1,16,2026-04-07 00:24:14,16.04
3,1,16,2026-04-07 00:34:14,16.04
3,1,16,2026-04-07 00:44:14,16.08
3,1,16,2026-04-07 00:54:14,16.04
3,1,16,2026-04-07 01:04:14,16
3,1,16,2026-04-07 01:14:14,16
3,1,16,2026-04-07 01:24:14,16
3,1,16,2026-04-07 01:34:14,16.04
3,1,16,2026-04-07 01:44:14,16
3,1,16,2026-04-07 01:54:14,16.04
3,1,16,2026-04-07 02:04:14,16
3,1,16,2026-04-07 02:14:14,16
3,1,16,2026-04-07 02:24:14,16
3,1,16,2026-04-07 02:34:14,15.96
3,1,16,2026-04-07 02:44:14,15.96
3,1,16,2026-04-07 02:54:14,15.96
3,1,16,2026-04-07 03:04:14,16
3,1,16,2026-04-07 03:14:14,16
3,1,16,2026-04-07 03:24:14,15.96
3,1,16,2026-04-07 03:34:14,15.96
3,1,16,2026-04-07 03:44:14,15.96
3,1,16,2026-04-07 03:54:14,15.96
3,1,16,2026-04-07 04:04:14,16
3,1,16,2026-04-07 04:14:14,16
3,1,16,2026-04-07 04:24:14,15.91
3,1,16,2026-04-07 04:34:14,15.96
3,1,16,2026-04-07 04:44:14,15.96
3,1,16,2026-04-07 04:54:14,15.91
3,1,16,2026-04-07 05:04:14,15.91
3,1,16,2026-04-07 05:14:14,15.96
3,1,16,2026-04-07 05:24:14,15.96
3,1,16,2026-04-07 05:34:14,15.91
3,1,16,2026-04-07 05:44:14,15.91
3,1,16,2026-04-07 05:54:14,15.96
3,1,16,2026-04-07 06:04:14,15.91
3,1,16,2026-04-07 06:14:14,15.96
3,1,16,2026-04-07 06:24:14,15.96
3,1,16,2026-04-07 06:34:14,15.91
3,1,16,2026-04-07 06:44:14,15.91
3,1,16,2026-04-07 06:54:14,15.96
3,1,16,2026-04-07 07:04:14,15.87
3,1,16,2026-04-07 07:14:14,15.96
3,1,16,2026-04-07 07:24:14,15.91
3,1,16,2026-04-07 07:34:14,15.96
3,1,16,2026-04-07 07:44:14,15.96
3,1,16,2026-04-07 07:54:14,15.91
3,1,16,2026-04-07 08:04:14,15.91
3,1,16,2026-04-07 08:14:14,15.96
3,1,16,2026-04-07 08:24:14,15.91
3,1,16,2026-04-07 08:34:14,15.96
3,1,16,2026-04-07 08:44:14,15.91
3,1,16,2026-04-07 08:54:14,15.96
3,1,16,2026-04-07 09:04:14,15.96
3,1,16,2026-04-07 09:14:14,16.04
3,1,16,2026-04-07 09:24:14,15.96
3,1,16,2026-04-07 09:34:14,15.96
3,1,16,2026-04-07 09:44:14,16.04
3,1,16,2026-04-07 09:54:14,15.96
3,1,16,2026-04-07 10:04:14,16
3,1,16,2026-04-07 10:14:14,16
3,1,16,2026-04-07 10:24:14,16.04
3,1,16,2026-04-07 10:34:14,16.04
3,1,16,2026-04-07 10:44:14,16.04
3,1,16,2026-04-07 10:54:14,16.04
3,1,16,2026-04-07 11:04:14,16.04
3,1,16,2026-04-07 11:14:14,16.04
3,1,16,2026-04-07 11:24:14,16
3,1,16,2026-04-07 11:34:14,16.04
3,1,16,2026-04-07 11:44:14,16.08
3,1,16,2026-04-07 11:54:14,16.08
3,1,16,2026-04-07 12:04:14,16.04
3,1,16,2026-04-07 12:14:14,16.04
3,1,16,2026-04-07 12:24:14,16.04
3,1,16,2026-04-07 12:34:14,16
3,1,16,2026-04-07 12:44:14,16.08
3,1,16,2026-04-07 12:54:14,16.13
3,1,16,2026-04-07 13:04:14,16.13
3,1,16,2026-04-07 13:14:14,16.08
3,1,16,2026-04-07 13:24:14,16.08
3,1,16,2026-04-07 13:34:14,16.13
3,1,16,2026-04-07 13:44:14,16.08
3,1,16,2026-04-07 13:54:14,16.08
3,1,16,2026-04-07 14:04:14,16.08
3,1,16,2026-04-07 14:14:14,16.08
3,1,16,2026-04-07 14:24:14,16.08
3,1,16,2026-04-07 14:34:14,16.17
3,1,16,2026-04-07 14:44:14,16.08
3,1,16,2026-04-07 14:54:14,16.08
3,1,16,2026-04-07 15:04:14,16.08
3,1,16,2026-04-07 15:14:14,16.08
3,1,16,2026-04-07 15:24:14,16.08
3,1,16,2026-04-07 15:34:14,16.13
3,1,16,2026-04-07 15:44:14,16.13
3,1,16,2026-04-07 15:54:14,16.08
3,1,16,2026-04-07 16:04:14,16.13
3,1,16,2026-04-07 16:14:14,16.08
3,1,16,2026-04-07 16:24:14,16.13
3,1,16,2026-04-07 16:34:14,16.13
3,1,16,2026-04-07 16:44:14,16.08
3,1,16,2026-04-07 16:54:14,16.13
3,1,16,2026-04-07 17:04:14,16.17
3,1,16,2026-04-07 17:14:14,16.13
3,1,16,2026-04-07 17:24:14,16.13
3,1,16,2026-04-07 17:34:14,16.13
3,1,16,2026-04-07 17:44:14,16.17
3,1,16,2026-04-07 17:54:14,16.21
3,1,16,2026-04-07 18:04:14,16.13
3,1,16,2026-04-07 18:14:14,16.17
3,1,16,2026-04-07 18:24:14,16.13
3,1,16,2026-04-07 18:34:14,16.17
3,1,16,2026-04-07 18:44:14,16.13
3,1,16,2026-04-07 18:54:14,16.13
3,1,16,2026-04-07 19:04:14,16.17
3,1,16,2026-04-07 19:14:14,16.17
3,1,16,2026-04-07 19:24:14,16.17
3,1,16,2026-04-07 19:34:14,16.17
3,1,16,2026-04-07 19:44:14,16.17
3,1,16,2026-04-07 19:54:14,16.13
3,1,16,2026-04-07 20:04:14,16.21
3,1,16,2026-04-07 20:14:14,16.13
3,1,16,2026-04-07 20:24:14,16.21
3,1,16,2026-04-07 20:34:14,16.13
3,1,16,2026-04-07 20:44:14,16.13
3,1,16,2026-04-07 20:54:14,16.13
3,1,16,2026-04-07 21:04:14,16.13
3,1,16,2026-04-07 21:14:14,16.08
3,1,16,2026-04-07 21:24:14,16.13
3,1,16,2026-04-07 21:34:14,16.08
3,1,16,2026-04-07 21:44:14,16.08
3,1,16,2026-04-07 21:54:14,16.08
3,1,16,2026-04-07 22:04:14,16.13
3,1,16,2026-04-07 22:14:14,16.13
3,1,16,2026-04-07 22:24:14,16.13
3,1,16,2026-04-07 22:34:14,16.04
3,1,16,2026-04-07 22:44:14,16.08
3,1,16,2026-04-07 22:54:14,16.04
3,1,16,2026-04-07 23:04:14,16.04
3,1,16,2026-04-07 23:14:14,16.04
3,1,16,2026-04-07 23:24:14,16.08
3,1,16,2026-04-07 23:34:14,16.04
3,1,16,2026-04-07 23:44:14,16.04
3,1,16,2026-04-07 23:54:14,16.04
3,1,16,2026-04-08 00:04:14,16.04
3,1,16,2026-04-08 00:14:14,16.04
3,1,16,2026-04-08 00:24:14,16.08
3,1,16,2026-04-08 00:34:14,16
3,1,16,2026-04-08 00:44:14,16
3,1,16,2026-04-08 00:54:14,15.96
3,1,16,2026-04-08 01:04:14,16
3,1,16,2026-04-08 01:14:14,16
3,1,16,2026-04-08 01:24:14,16
3,1,16,2026-04-08 01:34:14,15.96
3,1,16,2026-04-08 01:44:14,15.96
3,1,16,2026-04-08 01:54:14,16
3,1,16,2026-04-08 02:04:14,15.96
3,1,16,2026-04-08 02:14:14,16
3,1,16,2026-04-08 02:24:14,16
3,1,16,2026-04-08 02:34:14,15.96
3,1,16,2026-04-08 02:44:14,16
3,1,16,2026-04-08 02:54:14,15.91
3,1,16,2026-04-08 03:04:14,15.96
3,1,16,2026-04-08 03:14:14,15.96
3,1,16,2026-04-08 03:24:14,15.91
3,1,16,2026-04-08 03:34:14,15.96
3,1,16,2026-04-08 03:44:14,15.91
3,1,16,2026-04-08 03:54:14,15.96
3,1,16,2026-04-08 04:04:14,15.91
3,1,16,2026-04-08 04:14:14,15.96
3,1,16,2026-04-08 04:24:14,15.96
3,1,16,2026-04-08 04:34:14,15.91
3,1,16,2026-04-08 04:44:14,15.91
3,1,16,2026-04-08 04:54:14,15.91
3,1,16,2026-04-08 05:04:14,15.96
3,1,16,2026-04-08 05:14:14,15.91
3,1,16,2026-04-08 05:24:14,15.96
3,1,16,2026-04-08 05:34:14,15.91
3,1,16,2026-04-08 05:44:14,15.96
3,1,16,2026-04-08 05:54:14,15.91
3,1,16,2026-04-08 06:04:14,15.91
3,1,16,2026-04-08 06:14:14,15.96
3,1,16,2026-04-08 06:24:14,15.87
3,1,16,2026-04-08 06:34:14,15.91
3,1,16,2026-04-08 06:44:14,16
3,1,16,2026-04-08 06:54:14,15.91
3,1,16,2026-04-08 07:04:14,15.91
3,1,16,2026-04-08 07:14:14,15.91
3,1,16,2026-04-08 07:24:14,15.91
3,1,16,2026-04-08 07:34:14,15.91
3,1,16,2026-04-08 07:44:14,15.91
3,1,16,2026-04-08 07:54:14,15.91
3,1,16,2026-04-08 08:04:14,15.96
3,1,16,2026-04-08 08:14:14,15.91
3,1,16,2026-04-08 08:24:14,15.96
3,1,16,2026-04-08 08:34:14,15.96
3,1,16,2026-04-08 08:44:14,15.96
3,1,16,2026-04-08 08:54:14,15.96
3,1,16,2026-04-08 09:04:14,15.91
3,1,16,2026-04-08 09:14:14,16
3,1,16,2026-04-08 09:24:14,15.96
3,1,16,2026-04-08 09:34:14,15.96
3,1,16,2026-04-08 09:44:14,15.96
3,1,16,2026-04-08 09:54:14,15.96
3,1,16,2026-04-08 10:04:14,15.96
3,1,16,2026-04-08 10:14:14,16
3,1,16,2026-04-08 10:24:14,16
3,1,16,2026-04-08 10:34:14,16
3,1,16,2026-04-08 10:44:14,16
3,1,16,2026-04-08 10:54:14,16
3,1,16,2026-04-08 11:04:14,16
3,1,16,2026-04-08 11:14:14,16
3,1,16,2026-04-08 11:24:14,16.04
3,1,16,2026-04-08 11:34:14,16.04
3,1,16,2026-04-08 11:44:14,16
3,1,16,2026-04-08 11:54:14,16.04
3,1,16,2026-04-08 12:04:14,16.04
3,1,16,2026-04-08 12:14:14,16.04
3,1,16,2026-04-08 12:24:14,16.04
3,1,16,2026-04-08 12:34:14,16.04
3,1,16,2026-04-08 12:44:14,16.08
3,1,16,2026-04-08 12:54:14,16
3,1,16,2026-04-08 13:04:14,16.08
3,1,16,2026-04-08 13:14:14,16.04
3,1,16,2026-04-08 13:24:14,16.04
3,1,16,2026-04-08 13:34:14,16.04
3,1,16,2026-04-08 13:44:14,16.08
3,1,16,2026-04-08 13:54:14,16
3,1,16,2026-04-08 14:04:14,16.08
3,1,16,2026-04-08 14:14:14,16.08
3,1,16,2026-04-08 14:24:14,16.08
3,1,16,2026-04-08 14:34:14,16.08
3,1,16,2026-04-08 14:44:14,16.04
3,1,16,2026-04-08 14:54:14,16.13
3,1,16,2026-04-08 15:04:14,16.08
3,1,16,2026-04-08 15:14:14,16.13
3,1,16,2026-04-08 15:24:14,16.08
3,1,16,2026-04-08 15:34:14,16.08
3,1,16,2026-04-08 15:44:14,16.04
3,1,16,2026-04-08 15:54:14,16.13
3,1,16,2026-04-08 16:04:14,16.08
3,1,16,2026-04-08 16:14:14,16.13
3,1,16,2026-04-08 16:24:14,16.13
3,1,16,2026-04-08 16:34:14,16.13
3,1,16,2026-04-08 16:44:14,16.17
3,1,16,2026-04-08 16:54:14,16.13
3,1,16,2026-04-08 17:04:14,16.13
3,1,16,2026-04-08 17:14:14,16.13
3,1,16,2026-04-08 17:24:14,16.13
3,1,16,2026-04-08 17:34:14,16.13
3,1,16,2026-04-08 17:44:14,16.13
3,1,16,2026-04-08 17:54:14,16.13
3,1,16,2026-04-08 18:04:14,16.13
3,1,16,2026-04-08 18:14:14,16.17
3,1,16,2026-04-08 18:24:14,16.13
3,1,16,2026-04-08 18:34:14,16.21
3,1,16,2026-04-08 18:44:14,16.17
3,1,16,2026-04-08 18:54:14,16.13
3,1,16,2026-04-08 19:04:14,16.13
3,1,16,2026-04-08 19:14:14,16.13
3,1,16,2026-04-08 19:24:14,16.13
3,1,16,2026-04-08 19:34:14,16.17
3,1,16,2026-04-08 19:44:14,16.13
3,1,16,2026-04-08 19:54:14,16.13
3,1,16,2026-04-08 20:04:14,16.13
3,1,16,2026-04-08 20:14:14,16.13
3,1,16,2026-04-08 20:24:14,16.13
3,1,16,2026-04-08 20:34:14,16.13
3,1,16,2026-04-08 20:44:14,16.08
3,1,16,2026-04-08 20:54:14,16.13
3,1,16,2026-04-08 21:04:14,16.13
3,1,16,2026-04-08 21:14:14,16.08
3,1,16,2026-04-08 21:24:14,16.08
3,1,16,2026-04-08 21:34:14,16.08
3,1,16,2026-04-08 21:44:14,16.08
3,1,16,2026-04-08 21:54:14,16.08
3,1,16,2026-04-08 22:04:14,16.04
3,1,16,2026-04-08 22:14:14,16.08
3,1,16,2026-04-08 22:24:14,16.08
3,1,16,2026-04-08 22:34:14,16.04
3,1,16,2026-04-08 22:44:14,16.04
3,1,16,2026-04-08 22:54:14,16.04
3,1,16,2026-04-08 23:04:14,16.04
3,1,16,2026-04-08 23:14:14,16.04
3,1,16,2026-04-08 23:24:14,16.04
3,1,16,2026-04-08 23:34:14,16.04
3,1,16,2026-04-08 23:44:14,16
3,1,16,2026-04-08 23:54:14,16.04
3,1,16,2026-04-09 00:04:14,16
3,1,16,2026-04-09 00:14:14,15.96
3,1,16,2026-04-09 00:24:14,16
3,1,16,2026-04-09 00:34:14,15.96
3,1,16,2026-04-09 00:44:14,16.08
3,1,16,2026-04-09 00:54:14,16.04
3,1,16,2026-04-09 01:04:14,16
3,1,16,2026-04-09 01:14:14,16
3,1,16,2026-04-09 01:24:14,15.96
3,1,16,2026-04-09 01:34:14,15.96
3,1,16,2026-04-09 01:44:14,15.96
3,1,16,2026-04-09 01:54:14,15.96
3,1,16,2026-04-09 02:04:14,16
3,1,16,2026-04-09 02:14:14,15.96
3,1,16,2026-04-09 02:24:14,15.91
3,1,16,2026-04-09 02:34:14,15.96
3,1,16,2026-04-09 02:44:14,15.96
3,1,16,2026-04-09 02:54:14,15.96
3,1,16,2026-04-09 03:04:14,15.96
3,1,16,2026-04-09 03:14:14,15.91
3,1,16,2026-04-09 03:24:14,15.96
3,1,16,2026-04-09 03:34:14,15.91
3,1,16,2026-04-09 03:44:14,15.91
3,1,16,2026-04-09 03:54:14,15.96
3,1,16,2026-04-09 04:04:14,15.91
3,1,16,2026-04-09 04:14:14,15.91
3,1,16,2026-04-09 04:24:14,15.96
3,1,16,2026-04-09 04:34:14,15.91
3,1,16,2026-04-09 04:44:14,15.91
3,1,16,2026-04-09 04:54:14,15.96
3,1,16,2026-04-09 05:04:14,15.91
3,1,16,2026-04-09 05:14:14,15.91
3,1,16,2026-04-09 05:24:14,15.91
3,1,16,2026-04-09 05:34:14,15.91
3,1,16,2026-04-09 05:44:14,15.91
3,1,16,2026-04-09 05:54:14,15.91
3,1,16,2026-04-09 06:04:14,15.87
3,1,16,2026-04-09 06:14:14,15.91
3,1,16,2026-04-09 06:24:14,15.91
3,1,16,2026-04-09 06:34:14,15.87
3,1,16,2026-04-09 06:44:14,15.91
3,1,16,2026-04-09 06:54:14,15.91
3,1,16,2026-04-09 07:04:14,15.91
3,1,16,2026-04-09 07:14:14,15.96
3,1,16,2026-04-09 07:24:14,15.87
3,1,16,2026-04-09 07:34:14,15.91
3,1,16,2026-04-09 07:44:14,15.91
3,1,16,2026-04-09 07:54:14,15.91
3,1,16,2026-04-09 08:04:14,15.87
3,1,16,2026-04-09 08:14:14,15.91
3,1,16,2026-04-09 08:24:14,15.96
3,1,16,2026-04-09 08:34:14,15.91
3,1,16,2026-04-09 08:44:14,15.91
3,1,16,2026-04-09 08:54:14,15.91
3,1,16,2026-04-09 09:04:14,15.96
3,1,16,2026-04-09 09:14:14,15.96
3,1,16,2026-04-09 09:24:14,15.91
3,1,16,2026-04-09 09:34:14,16
3,1,16,2026-04-09 09:44:14,16.04
3,1,16,2026-04-09 09:54:14,16.04
3,1,16,2026-04-09 10:04:14,16.04
3,1,16,2026-04-09 10:14:14,16.04
3,1,16,2026-04-09 10:24:14,16.08
3,1,16,2026-04-09 10:34:14,16.08
3,1,16,2026-04-09 10:44:14,16.08
3,1,16,2026-04-09 10:54:14,16.13
3,1,16,2026-04-09 11:04:14,16.08
3,1,16,2026-04-09 11:14:14,16.17
3,1,16,2026-04-09 11:24:14,16.17
3,1,16,2026-04-09 11:34:14,16.13
3,1,16,2026-04-09 11:44:14,16.17
3,1,16,2026-04-09 11:54:14,16.21
3,1,16,2026-04-09 12:04:14,16.17
3,1,16,2026-04-09 12:14:14,16.17
3,1,16,2026-04-09 12:24:14,16.17
3,1,16,2026-04-09 12:34:14,16.17
3,1,16,2026-04-09 12:44:14,16.17
3,1,16,2026-04-09 12:54:14,16.21
3,1,16,2026-04-09 13:04:14,16.21
3,1,16,2026-04-09 13:14:14,16.21
3,1,16,2026-04-09 13:24:14,16.21
3,1,16,2026-04-09 13:34:14,16.21
3,1,16,2026-04-09 13:44:14,16.21
3,1,16,2026-04-09 13:54:14,16.17
3,1,16,2026-04-09 14:04:14,16.21
3,1,16,2026-04-09 14:14:14,16.21
3,1,16,2026-04-09 14:24:14,16.13
3,1,16,2026-04-09 14:34:14,16.17
3,1,16,2026-04-09 14:44:14,16.17
3,1,16,2026-04-09 14:54:14,16.17
3,1,16,2026-04-09 15:04:14,16.21
3,1,16,2026-04-09 15:14:14,16.21
3,1,16,2026-04-09 15:24:14,16.17
3,1,16,2026-04-09 15:34:14,16.21
3,1,16,2026-04-09 15:44:14,16.17
3,1,16,2026-04-09 15:54:14,16.17
3,1,16,2026-04-09 16:04:14,16.21
3,1,16,2026-04-09 16:14:14,16.17
3,1,16,2026-04-09 16:24:14,16.21
3,1,16,2026-04-09 16:34:14,16.21
3,1,16,2026-04-09 16:44:14,16.26
3,1,16,2026-04-09 16:54:14,16.17
3,1,16,2026-04-09 17:04:14,16.21
3,1,16,2026-04-09 17:14:14,16.17
3,1,16,2026-04-09 17:24:14,16.17
3,1,16,2026-04-09 17:34:14,16.21
3,1,16,2026-04-09 17:44:14,16.21
3,1,16,2026-04-09 17:54:14,16.21
3,1,16,2026-04-09 18:04:14,16.17
3,1,16,2026-04-09 18:14:14,16.17
3,1,16,2026-04-09 18:24:14,16.21
3,1,16,2026-04-09 18:34:14,16.17
3,1,16,2026-04-09 18:44:14,16.17
3,1,16,2026-04-09 18:54:14,16.17
3,1,16,2026-04-09 19:04:14,16.13
3,1,16,2026-04-09 19:14:14,16.17
3,1,16,2026-04-09 19:24:14,16.21
3,1,16,2026-04-09 19:34:14,16.21
3,1,16,2026-04-09 19:44:14,16.17
3,1,16,2026-04-09 19:54:14,16.17
3,1,16,2026-04-09 20:04:14,16.17
3,1,16,2026-04-09 20:14:14,16.17
3,1,16,2026-04-09 20:24:14,16.17
3,1,16,2026-04-09 20:34:14,16.17
3,1,16,2026-04-09 20:44:14,16.17
3,1,16,2026-04-09 20:54:14,16.17
3,1,16,2026-04-09 21:04:14,16.13
3,1,16,2026-04-09 21:14:14,16.13
3,1,16,2026-04-09 21:24:14,16.17
3,1,16,2026-04-09 21:34:14,16.13
3,1,16,2026-04-09 21:44:14,16.13
3,1,16,2026-04-09 21:54:14,16.13
3,1,16,2026-04-09 22:04:14,16.08
3,1,16,2026-04-09 22:14:14,16.08
3,1,16,2026-04-09 22:24:14,16.08
3,1,16,2026-04-09 22:34:14,16.13
3,1,16,2026-04-09 22:44:14,16.13
3,1,16,2026-04-09 22:54:14,16.08
3,1,16,2026-04-09 23:04:14,16.08
3,1,16,2026-04-09 23:14:14,16.04
3,1,16,2026-04-09 23:24:14,16.08
3,1,16,2026-04-09 23:34:14,16.08
3,1,16,2026-04-09 23:44:14,16.08
3,1,16,2026-04-09 23:54:14,16.08
3,1,16,2026-04-10 00:04:14,16.04
3,1,16,2026-04-10 00:14:14,16.04
3,1,16,2026-04-10 00:24:14,16.08
3,1,16,2026-04-10 00:34:14,16.04
3,1,16,2026-04-10 00:44:14,16.04
3,1,16,2026-04-10 00:54:14,16.04
3,1,16,2026-04-10 01:04:14,16
3,1,16,2026-04-10 01:14:14,16
3,1,16,2026-04-10 01:24:14,16
3,1,16,2026-04-10 01:34:14,16
3,1,16,2026-04-10 01:44:14,16.04
3,1,16,2026-04-10 01:54:14,15.96
3,1,16,2026-04-10 02:04:14,16.04
3,1,16,2026-04-10 02:14:14,16.04
3,1,16,2026-04-10 02:24:14,16.04
3,1,16,2026-04-10 02:34:14,15.96
3,1,16,2026-04-10 02:44:14,16
3,1,16,2026-04-10 02:54:14,15.96
3,1,16,2026-04-10 03:04:14,16
3,1,16,2026-04-10 03:14:14,16
3,1,16,2026-04-10 03:24:14,16
3,1,16,2026-04-10 03:34:14,16
3,1,16,2026-04-10 03:44:14,15.96
3,1,16,2026-04-10 03:54:14,15.91
3,1,16,2026-04-10 04:04:14,15.96
3,1,16,2026-04-10 04:14:14,15.96
3,1,16,2026-04-10 04:24:14,15.91
3,1,16,2026-04-10 04:34:14,15.91
3,1,16,2026-04-10 04:44:14,15.96
3,1,16,2026-04-10 04:54:14,15.96
3,1,16,2026-04-10 05:04:14,15.91
3,1,16,2026-04-10 05:14:14,15.91
3,1,16,2026-04-10 05:24:14,15.96
3,1,16,2026-04-10 05:34:14,15.96
3,1,16,2026-04-10 05:44:14,15.96
3,1,16,2026-04-10 05:54:14,15.91
3,1,16,2026-04-10 06:04:14,15.91
3,1,16,2026-04-10 06:14:14,15.91
3,1,16,2026-04-10 06:24:14,15.96
3,1,16,2026-04-10 06:34:14,15.91
3,1,16,2026-04-10 06:44:14,15.96
3,1,16,2026-04-10 06:54:14,15.96
3,1,16,2026-04-10 07:04:14,15.91
3,1,16,2026-04-10 07:14:14,15.91
3,1,16,2026-04-10 07:24:14,15.91
3,1,16,2026-04-10 07:34:14,15.91
3,1,16,2026-04-10 07:44:14,15.87
3,1,16,2026-04-10 07:54:14,15.96
3,1,16,2026-04-10 08:04:14,15.91
3,1,16,2026-04-10 08:14:14,15.91
3,1,16,2026-04-10 08:24:14,15.96
3,1,16,2026-04-10 08:34:14,15.96
3,1,16,2026-04-10 08:44:14,15.96
3,1,16,2026-04-10 08:54:14,15.91
3,1,16,2026-04-10 09:04:14,15.96
3,1,16,2026-04-10 09:14:14,15.96
3,1,16,2026-04-10 09:24:14,16
3,1,16,2026-04-10 09:34:14,15.96
3,1,16,2026-04-10 09:44:14,16
3,1,16,2026-04-10 09:54:14,15.96
3,1,16,2026-04-10 10:04:14,15.96
3,1,16,2026-04-10 10:14:14,16
3,1,16,2026-04-10 10:24:14,16.04
3,1,16,2026-04-10 10:34:14,16
3,1,16,2026-04-10 10:44:14,16
3,1,16,2026-04-10 10:54:14,16.04
3,1,16,2026-04-10 11:04:14,16
3,1,16,2026-04-10 11:14:14,16
3,1,16,2026-04-10 11:24:14,16.04
3,1,16,2026-04-10 11:34:14,16
3,1,16,2026-04-10 11:44:14,16.04
3,1,16,2026-04-10 11:54:14,16
3,1,16,2026-04-10 12:04:14,16.04
3,1,16,2026-04-10 12:14:14,16.08
3,1,16,2026-04-10 12:24:14,16.08
3,1,16,2026-04-10 12:34:14,16.04
3,1,16,2026-04-10 12:44:14,16.04
3,1,16,2026-04-10 12:54:14,16.08
3,1,16,2026-04-10 13:04:14,16.08
3,1,16,2026-04-10 13:14:14,16.04
3,1,16,2026-04-10 13:24:14,16.08
3,1,16,2026-04-10 13:34:14,16.08
3,1,16,2026-04-10 13:44:14,16.13
3,1,16,2026-04-10 13:54:14,16.08
3,1,16,2026-04-10 14:04:14,16.13
3,1,16,2026-04-10 14:14:14,16.13
3,1,16,2026-04-10 14:24:14,16.08
3,1,16,2026-04-10 14:34:14,16.13
3,1,16,2026-04-10 14:44:14,16.08
3,1,16,2026-04-10 14:54:14,16.13
3,1,16,2026-04-10 15:04:14,16.08
3,1,16,2026-04-10 15:14:14,16.08
3,1,16,2026-04-10 15:24:14,16.13
3,1,16,2026-04-10 15:34:14,16.17
3,1,16,2026-04-10 15:44:14,16.13
3,1,16,2026-04-10 15:54:14,16.08
3,1,16,2026-04-10 16:04:14,16.13
3,2,22,2026-03-30 20:25:51,19.35
3,2,22,2026-03-30 20:35:51,19.77
3,2,22,2026-03-30 20:45:51,20.12
3,2,22,2026-03-30 20:55:51,20.5
3,2,22,2026-03-30 21:05:51,20.89
3,2,22,2026-03-30 21:15:51,21.1
3,2,22,2026-03-30 21:25:51,21.32
3,2,22,2026-03-30 21:35:51,21.53
3,2,22,2026-03-30 21:45:51,21.75
3,2,22,2026-03-30 21:55:51,21.92
3,2,22,2026-03-30 22:05:51,22.09
3,2,22,2026-03-30 22:15:51,22.18
3,2,22,2026-03-30 22:25:51,22.26
3,2,22,2026-03-30 22:35:51,22.39
3,2,22,2026-03-30 22:45:51,22.48
3,2,22,2026-03-30 22:55:51,22.56
3,2,22,2026-03-30 23:05:51,22.61
3,2,22,2026-03-30 23:15:51,22.65
3,2,22,2026-03-30 23:25:51,22.73
3,2,22,2026-03-30 23:35:51,22.78
3,2,22,2026-03-30 23:45:51,22.82
3,2,22,2026-03-30 23:55:51,22.86
3,2,22,2026-03-31 00:05:51,22.86
3,2,22,2026-03-31 00:15:51,22.95
3,2,22,2026-03-31 00:25:51,22.95
3,2,22,2026-03-31 00:35:51,22.95
3,2,22,2026-03-31 00:45:51,22.99
3,2,22,2026-03-31 00:55:51,22.95
3,2,22,2026-03-31 01:05:51,22.95
3,2,22,2026-03-31 01:15:51,23.03
3,2,22,2026-03-31 01:25:51,22.99
3,2,22,2026-03-31 01:35:51,22.99
3,2,22,2026-03-31 01:45:51,22.99
3,2,22,2026-03-31 01:55:51,23.03
3,2,22,2026-03-31 02:05:51,23.03
3,2,22,2026-03-31 02:15:51,23.12
3,2,22,2026-03-31 02:25:51,23.03
3,2,22,2026-03-31 02:35:51,23.08
3,2,22,2026-03-31 02:45:51,23.03
3,2,22,2026-03-31 02:55:51,23.08
3,2,22,2026-03-31 03:05:51,23.08
3,2,22,2026-03-31 03:15:51,23.12
3,2,22,2026-03-31 03:25:51,23.12
3,2,22,2026-03-31 03:35:51,23.12
3,2,22,2026-03-31 03:45:51,23.08
3,2,22,2026-03-31 03:55:51,23.12
3,2,22,2026-03-31 04:05:51,23.08
3,2,22,2026-03-31 04:15:51,23.08
3,2,22,2026-03-31 04:25:51,23.08
3,2,22,2026-03-31 04:35:51,23.03
3,2,22,2026-03-31 04:45:51,23.16
3,2,22,2026-03-31 04:55:51,23.12
3,2,22,2026-03-31 05:05:51,23.16
3,2,22,2026-03-31 05:15:51,23.12
3,2,22,2026-03-31 05:25:51,23.12
3,2,22,2026-03-31 05:35:51,23.12
3,2,22,2026-03-31 05:45:51,23.12
3,2,22,2026-03-31 05:55:51,23.12
3,2,22,2026-03-31 06:05:51,23.12
3,2,22,2026-03-31 06:15:51,23.12
3,2,22,2026-03-31 06:25:51,23.08
3,2,22,2026-03-31 06:35:51,23.12
3,2,22,2026-03-31 06:45:51,23.12
3,2,22,2026-03-31 06:55:51,23.12
3,2,22,2026-03-31 07:05:51,23.08
3,2,22,2026-03-31 07:15:51,23.12
3,2,22,2026-03-31 07:25:51,23.12
3,2,22,2026-03-31 07:35:51,23.08
3,2,22,2026-03-31 07:45:51,23.03
3,2,22,2026-03-31 07:55:51,23.12
3,2,22,2026-03-31 08:05:51,23.12
3,2,22,2026-03-31 08:15:51,23.12
3,2,22,2026-03-31 08:25:51,23.12
3,2,22,2026-03-31 08:35:51,23.12
3,2,22,2026-03-31 08:45:51,23.12
3,2,22,2026-03-31 08:55:51,23.12
3,2,22,2026-03-31 09:05:51,23.12
3,2,22,2026-03-31 09:15:51,23.16
3,2,22,2026-03-31 09:25:51,23.12
3,2,22,2026-03-31 09:35:51,23.16
3,2,22,2026-03-31 09:45:51,23.08
3,2,22,2026-03-31 09:55:51,23.16
3,2,22,2026-03-31 10:05:51,23.16
3,2,22,2026-03-31 10:15:51,23.12
3,2,22,2026-03-31 10:25:51,23.16
3,2,22,2026-03-31 10:35:51,23.12
3,2,22,2026-03-31 10:45:51,23.12
3,2,22,2026-03-31 10:55:51,23.08
3,2,22,2026-03-31 11:05:51,23.12
3,2,22,2026-03-31 11:15:51,23.12
3,2,22,2026-03-31 11:25:51,23.16
3,2,22,2026-03-31 11:35:51,23.12
3,2,22,2026-03-31 11:45:51,23.12
3,2,22,2026-03-31 11:55:51,23.12
3,2,22,2026-03-31 12:05:51,23.12
3,2,22,2026-03-31 12:15:51,23.08
3,2,22,2026-03-31 12:25:51,23.16
3,2,22,2026-03-31 12:35:51,23.12
3,2,22,2026-03-31 12:45:51,23.12
3,2,22,2026-03-31 12:55:51,23.08
3,2,22,2026-03-31 13:05:51,23.12
3,2,22,2026-03-31 13:15:51,23.12
3,2,22,2026-03-31 13:25:51,23.08
3,2,22,2026-03-31 13:35:51,23.08
3,2,22,2026-03-31 13:45:51,23.08
3,2,22,2026-03-31 13:55:51,23.03
3,2,22,2026-03-31 14:05:51,23.08
3,2,22,2026-03-31 14:15:51,23.08
3,2,22,2026-03-31 14:25:51,23.12
3,2,22,2026-03-31 14:35:51,23.08
3,2,22,2026-03-31 14:45:51,23.08
3,2,22,2026-03-31 14:55:51,23.03
3,2,22,2026-03-31 15:05:51,23.08
3,2,22,2026-03-31 15:15:51,23.08
3,2,22,2026-03-31 15:25:51,23.03
3,2,22,2026-03-31 15:35:51,23.03
3,2,22,2026-03-31 15:45:51,23.08
3,2,22,2026-03-31 15:55:51,23.03
3,2,22,2026-03-31 16:05:51,23.03
3,2,22,2026-03-31 16:15:51,22.99
3,2,22,2026-03-31 16:25:51,23.03
3,2,22,2026-03-31 16:35:51,23.03
3,2,22,2026-03-31 16:45:51,23.03
3,2,22,2026-03-31 16:55:51,23.03
3,2,22,2026-03-31 17:05:51,23.03
3,2,22,2026-03-31 17:15:51,23.03
3,2,22,2026-03-31 17:25:51,23.03
3,2,22,2026-03-31 17:35:51,23.03
3,2,22,2026-03-31 17:45:51,23.08
3,2,22,2026-03-31 17:55:51,23.03
3,2,22,2026-03-31 18:05:51,23.03
3,2,22,2026-03-31 18:15:51,23.03
3,2,22,2026-03-31 18:25:51,23.03
3,2,22,2026-03-31 18:35:51,23.03
3,2,22,2026-03-31 18:45:51,23.08
3,2,22,2026-03-31 18:55:51,22.99
3,2,22,2026-03-31 19:05:51,23.08
3,2,22,2026-03-31 19:15:51,23.03
3,2,22,2026-03-31 19:25:51,23.03
3,2,22,2026-03-31 19:35:51,22.99
3,2,22,2026-03-31 19:45:51,23.03
3,2,22,2026-03-31 19:55:51,23.03
3,2,22,2026-03-31 20:05:51,23.08
3,2,22,2026-03-31 20:15:51,23.03
3,2,22,2026-03-31 20:25:51,23.03
3,2,22,2026-03-31 20:35:51,22.99
3,2,22,2026-03-31 20:45:51,23.03
3,2,22,2026-03-31 20:55:51,22.99
3,2,22,2026-03-31 21:05:51,22.99
3,2,22,2026-03-31 21:15:51,22.99
3,2,22,2026-03-31 21:25:51,23.03
3,2,22,2026-03-31 21:35:51,22.99
3,2,22,2026-03-31 21:45:51,22.99
3,2,22,2026-03-31 21:55:51,23.03
3,2,22,2026-03-31 22:05:51,23.03
3,2,22,2026-03-31 22:15:51,23.03
3,2,22,2026-03-31 22:25:51,23.03
3,2,22,2026-03-31 22:35:51,23.03
3,2,22,2026-03-31 22:45:51,23.03
3,2,22,2026-03-31 22:55:51,22.99
3,2,22,2026-03-31 23:05:51,23.08
3,2,22,2026-03-31 23:15:51,22.99
3,2,22,2026-03-31 23:25:51,22.99
3,2,22,2026-03-31 23:35:51,22.99
3,2,22,2026-03-31 23:45:51,22.99
3,2,22,2026-03-31 23:55:51,22.99
3,2,22,2026-04-01 00:05:51,22.99
3,2,22,2026-04-01 00:15:51,22.99
3,2,22,2026-04-01 00:25:51,23.03
3,2,22,2026-04-01 00:35:51,23.03
3,2,22,2026-04-01 00:45:51,23.03
3,2,22,2026-04-01 00:55:51,22.99
3,2,22,2026-04-01 01:05:51,23.03
3,2,22,2026-04-01 01:15:51,23.03
3,2,22,2026-04-01 01:25:51,22.99
3,2,22,2026-04-01 01:35:51,22.99
3,2,22,2026-04-01 01:45:51,23.03
3,2,22,2026-04-01 01:55:51,23.03
3,2,22,2026-04-01 02:05:51,23.03
3,2,22,2026-04-01 02:15:51,23.08
3,2,22,2026-04-01 02:25:51,23.03
3,2,22,2026-04-01 02:35:51,23.03
3,2,22,2026-04-01 02:45:51,23.03
3,2,22,2026-04-01 02:55:51,23.03
3,2,22,2026-04-01 03:05:51,23.03
3,2,22,2026-04-01 03:15:51,22.99
3,2,22,2026-04-01 03:25:51,23.03
3,2,22,2026-04-01 03:35:51,22.99
3,2,22,2026-04-01 03:45:51,23.03
3,2,22,2026-04-01 03:55:51,22.99
3,2,22,2026-04-01 04:05:51,23.03
3,2,22,2026-04-01 04:15:51,23.03
3,2,22,2026-04-01 04:25:51,23.03
3,2,22,2026-04-01 04:35:51,22.99
3,2,22,2026-04-01 04:45:51,23.03
3,2,22,2026-04-01 04:55:51,23.03
3,2,22,2026-04-01 05:05:51,23.03
3,2,22,2026-04-01 05:15:51,23.03
3,2,22,2026-04-01 05:25:51,22.95
3,2,22,2026-04-01 05:35:51,22.99
3,2,22,2026-04-01 05:45:51,22.99
3,2,22,2026-04-01 05:55:51,22.99
3,2,22,2026-04-01 06:05:51,22.99
3,2,22,2026-04-01 06:15:51,23.03
3,2,22,2026-04-01 06:25:51,23.03
3,2,22,2026-04-01 06:35:51,23.03
3,2,22,2026-04-01 06:45:51,22.99
3,2,22,2026-04-01 06:55:51,23.03
3,2,22,2026-04-01 07:05:51,23.03
3,2,22,2026-04-01 07:15:51,23.03
3,2,22,2026-04-01 07:25:51,22.99
3,2,22,2026-04-01 07:35:51,23.03
3,2,22,2026-04-01 07:45:51,22.99
3,2,22,2026-04-01 07:55:51,23.03
3,2,22,2026-04-01 08:05:51,23.03
3,2,22,2026-04-01 08:15:51,23.08
3,2,22,2026-04-01 08:25:51,23.03
3,2,22,2026-04-01 08:35:51,23.08
3,2,22,2026-04-01 08:45:51,23.03
3,2,22,2026-04-01 08:55:51,23.03
3,2,22,2026-04-01 09:05:51,23.03
3,2,22,2026-04-01 09:15:51,22.99
3,2,22,2026-04-01 09:25:51,23.03
3,2,22,2026-04-01 09:35:51,23.12
3,2,22,2026-04-01 09:45:51,23.12
3,2,22,2026-04-01 09:55:51,23.16
3,2,22,2026-04-01 10:05:51,23.21
3,2,22,2026-04-01 10:15:51,23.21
3,2,22,2026-04-01 10:25:51,23.16
3,2,22,2026-04-01 10:35:51,23.25
3,2,22,2026-04-01 10:45:51,23.25
3,2,22,2026-04-01 10:55:51,23.29
3,2,22,2026-04-01 11:05:51,23.29
3,2,22,2026-04-01 11:15:51,23.29
3,2,22,2026-04-01 11:25:51,23.29
3,2,22,2026-04-01 11:35:51,23.34
3,2,22,2026-04-01 11:45:51,23.34
3,2,22,2026-04-01 11:55:51,23.29
3,2,22,2026-04-01 12:05:51,23.34
3,2,22,2026-04-01 12:15:51,23.34
3,2,22,2026-04-01 12:25:51,23.29
3,2,22,2026-04-01 12:35:51,23.34
3,2,22,2026-04-01 12:45:51,23.34
3,2,22,2026-04-01 12:55:51,23.34
3,2,22,2026-04-01 13:05:51,23.29
3,2,22,2026-04-01 13:15:51,23.34
3,2,22,2026-04-01 13:25:51,23.34
3,2,22,2026-04-01 13:35:51,23.34
3,2,22,2026-04-01 13:45:51,23.34
3,2,22,2026-04-01 13:55:51,23.29
3,2,22,2026-04-01 14:05:51,23.34
3,2,22,2026-04-01 14:15:51,23.34
3,2,22,2026-04-01 14:25:51,23.34
3,2,22,2026-04-01 14:35:51,23.38
3,2,22,2026-04-01 14:45:51,23.29
3,2,22,2026-04-01 14:55:51,23.34
3,2,22,2026-04-01 15:05:51,23.34
3,2,22,2026-04-01 15:15:51,23.34
3,2,22,2026-04-01 15:25:51,23.29
3,2,22,2026-04-01 15:35:51,23.34
3,2,22,2026-04-01 15:45:51,23.29
3,2,22,2026-04-01 15:55:51,23.29
3,2,22,2026-04-01 16:05:51,23.29
3,2,22,2026-04-01 16:15:51,23.29
3,2,22,2026-04-01 16:25:51,23.29
3,2,22,2026-04-01 16:35:51,23.29
3,2,22,2026-04-01 16:45:51,23.29
3,2,22,2026-04-01 16:55:51,23.29
3,2,22,2026-04-01 17:05:51,23.29
3,2,22,2026-04-01 17:15:51,23.29
3,2,22,2026-04-01 17:25:51,23.29
3,2,22,2026-04-01 17:35:51,23.29
3,2,22,2026-04-01 17:45:51,23.29
3,2,22,2026-04-01 17:55:51,23.34
3,2,22,2026-04-01 18:05:51,23.25
3,2,22,2026-04-01 18:15:51,23.29
3,2,22,2026-04-01 18:25:51,23.34
3,2,22,2026-04-01 18:35:51,23.25
3,2,22,2026-04-01 18:45:51,23.34
3,2,22,2026-04-01 18:55:51,23.29
3,2,22,2026-04-01 19:05:51,23.29
3,2,22,2026-04-01 19:15:51,23.29
3,2,22,2026-04-01 19:25:51,23.29
3,2,22,2026-04-01 19:35:51,23.34
3,2,22,2026-04-01 19:45:51,23.29
3,2,22,2026-04-01 19:55:51,23.29
3,2,22,2026-04-01 20:05:51,23.25
3,2,22,2026-04-01 20:15:51,23.29
3,2,22,2026-04-01 20:25:51,23.25
3,2,22,2026-04-01 20:35:51,23.25
3,2,22,2026-04-01 20:45:51,23.25
3,2,22,2026-04-01 20:55:51,23.25
3,2,22,2026-04-01 21:05:51,23.21
3,2,22,2026-04-01 21:15:51,23.29
3,2,22,2026-04-01 21:25:51,23.25
3,2,22,2026-04-01 21:35:51,23.25
3,2,22,2026-04-01 21:45:51,23.25
3,2,22,2026-04-01 21:55:51,23.21
3,2,22,2026-04-01 22:05:51,23.29
3,2,22,2026-04-01 22:15:51,23.29
3,2,22,2026-04-01 22:25:51,23.25
3,2,22,2026-04-01 22:35:51,23.29
3,2,22,2026-04-01 22:45:51,23.25
3,2,22,2026-04-01 22:55:51,23.25
3,2,22,2026-04-01 23:05:51,23.21
3,2,22,2026-04-01 23:15:51,23.25
3,2,22,2026-04-01 23:25:51,23.25
3,2,22,2026-04-01 23:35:51,23.29
3,2,22,2026-04-01 23:45:51,23.21
3,2,22,2026-04-01 23:55:51,23.25
3,2,22,2026-04-02 00:05:51,23.29
3,2,22,2026-04-02 00:15:51,23.25
3,2,22,2026-04-02 00:25:51,23.29
3,2,22,2026-04-02 00:35:51,23.25
3,2,22,2026-04-02 00:45:51,23.25
3,2,22,2026-04-02 00:55:51,23.21
3,2,22,2026-04-02 01:05:51,23.21
3,2,22,2026-04-02 01:15:51,23.25
3,2,22,2026-04-02 01:25:51,23.25
3,2,22,2026-04-02 01:35:51,23.25
3,2,22,2026-04-02 01:45:51,23.29
3,2,22,2026-04-02 01:55:51,23.29
3,2,22,2026-04-02 02:05:51,23.29
3,2,22,2026-04-02 02:15:51,23.25
3,2,22,2026-04-02 02:25:51,23.29
3,2,22,2026-04-02 02:35:51,23.25
3,2,22,2026-04-02 02:45:51,23.25
3,2,22,2026-04-02 02:55:51,23.25
3,2,22,2026-04-02 03:05:51,23.21
3,2,22,2026-04-02 03:15:51,23.25
3,2,22,2026-04-02 03:25:51,23.25
3,2,22,2026-04-02 03:35:51,23.29
3,2,22,2026-04-02 03:45:51,23.29
3,2,22,2026-04-02 03:55:51,23.25
3,2,22,2026-04-02 04:05:51,23.25
3,2,22,2026-04-02 04:15:51,23.29
3,2,22,2026-04-02 04:25:51,23.29
3,2,22,2026-04-02 04:35:51,23.29
3,2,22,2026-04-02 04:45:51,23.29
3,2,22,2026-04-02 04:55:51,23.25
3,2,22,2026-04-02 05:05:51,23.21
3,2,22,2026-04-02 05:15:51,23.29
3,2,22,2026-04-02 05:25:51,23.25
3,2,22,2026-04-02 05:35:51,23.21
3,2,22,2026-04-02 05:45:51,23.25
3,2,22,2026-04-02 05:55:51,23.29
3,2,22,2026-04-02 06:05:51,23.29
3,2,22,2026-04-02 06:15:51,23.25
3,2,22,2026-04-02 06:25:51,23.25
3,2,22,2026-04-02 06:35:51,23.25
3,2,22,2026-04-02 06:45:51,23.25
3,2,22,2026-04-02 06:55:51,23.25
3,2,22,2026-04-02 07:05:51,23.25
3,2,22,2026-04-02 07:15:51,23.29
3,2,22,2026-04-02 07:25:51,23.29
3,2,22,2026-04-02 07:35:51,23.25
3,2,22,2026-04-02 07:45:51,23.29
3,2,22,2026-04-02 07:55:51,23.25
3,2,22,2026-04-02 08:05:51,23.25
3,2,22,2026-04-02 08:15:51,23.34
3,2,22,2026-04-02 08:25:51,23.29
3,2,22,2026-04-02 08:35:51,23.29
3,2,22,2026-04-02 08:45:51,23.29
3,2,22,2026-04-02 08:55:51,23.34
3,2,22,2026-04-02 09:05:51,23.29
3,2,22,2026-04-02 09:15:51,23.29
3,2,22,2026-04-02 09:25:51,23.29
3,2,22,2026-04-02 09:35:51,23.29
3,2,22,2026-04-02 09:45:51,23.29
3,2,22,2026-04-02 09:55:51,23.34
3,2,22,2026-04-02 10:05:51,23.29
3,2,22,2026-04-02 10:15:51,23.29
3,2,22,2026-04-02 10:25:51,23.29
3,2,22,2026-04-02 10:35:51,23.34
3,2,22,2026-04-02 10:45:51,23.29
3,2,22,2026-04-02 10:55:51,23.29
3,2,22,2026-04-02 11:05:51,23.29
3,2,22,2026-04-02 11:15:51,23.29
3,2,22,2026-04-02 11:25:51,23.34
3,2,22,2026-04-02 11:35:51,23.29
3,2,22,2026-04-02 11:45:51,23.29
3,2,22,2026-04-02 11:55:51,23.29
3,2,22,2026-04-02 12:05:51,23.29
3,2,22,2026-04-02 12:15:51,23.25
3,2,22,2026-04-02 12:25:51,23.21
3,2,22,2026-04-02 12:35:51,23.21
3,2,22,2026-04-02 12:45:51,23.16
3,2,22,2026-04-02 12:55:51,23.21
3,2,22,2026-04-02 13:05:51,23.21
3,2,22,2026-04-02 13:15:51,23.16
3,2,22,2026-04-02 13:25:51,23.16
3,2,22,2026-04-02 13:35:51,23.12
3,2,22,2026-04-02 13:45:51,23.12
3,2,22,2026-04-02 13:55:51,23.16
3,2,22,2026-04-02 14:05:51,23.12
3,2,22,2026-04-02 14:15:51,23.16
3,2,22,2026-04-02 14:25:51,23.12
3,2,22,2026-04-02 14:35:51,23.12
3,2,22,2026-04-02 14:45:51,23.12
3,2,22,2026-04-02 14:55:51,23.12
3,2,22,2026-04-02 15:05:51,23.12
3,2,22,2026-04-02 15:15:51,23.08
3,2,22,2026-04-02 15:25:51,23.12
3,2,22,2026-04-02 15:35:51,23.12
3,2,22,2026-04-02 15:45:51,23.12
3,2,22,2026-04-02 15:55:51,23.08
3,2,22,2026-04-02 16:05:51,23.12
3,2,22,2026-04-02 16:15:51,23.08
3,2,22,2026-04-02 16:25:51,23.08
3,2,22,2026-04-02 16:35:51,23.12
3,2,22,2026-04-02 16:45:51,23.08
3,2,22,2026-04-02 16:55:51,23.08
3,2,22,2026-04-02 17:05:51,23.08
3,2,22,2026-04-02 17:15:51,23.12
3,2,22,2026-04-02 17:25:51,23.08
3,2,22,2026-04-02 17:35:51,23.08
3,2,22,2026-04-02 17:45:51,23.12
3,2,22,2026-04-02 17:55:51,23.08
3,2,22,2026-04-02 18:05:51,23.12
3,2,22,2026-04-02 18:15:51,23.12
3,2,22,2026-04-02 18:25:51,23.12
3,2,22,2026-04-02 18:35:51,23.08
3,2,22,2026-04-02 18:45:51,23.12
3,2,22,2026-04-02 18:55:51,23.12
3,2,22,2026-04-02 19:05:51,23.08
3,2,22,2026-04-02 19:15:51,23.08
3,2,22,2026-04-02 19:25:51,23.08
3,2,22,2026-04-02 19:35:51,23.08
3,2,22,2026-04-02 19:45:51,23.08
3,2,22,2026-04-02 19:55:51,23.08
3,2,22,2026-04-02 20:05:51,23.12
3,2,22,2026-04-02 20:15:51,23.08
3,2,22,2026-04-02 20:25:51,23.03
3,2,22,2026-04-02 20:35:51,23.08
3,2,22,2026-04-02 20:45:51,23.08
3,2,22,2026-04-02 20:55:51,23.08
3,2,22,2026-04-02 21:05:51,23.08
3,2,22,2026-04-02 21:15:51,23.08
3,2,22,2026-04-02 21:25:51,23.08
3,2,22,2026-04-02 21:35:51,23.03
3,2,22,2026-04-02 21:45:51,23.03
3,2,22,2026-04-02 21:55:51,23.03
3,2,22,2026-04-02 22:05:51,23.08
3,2,22,2026-04-02 22:15:51,23.03
3,2,22,2026-04-02 22:25:51,23.08
3,2,22,2026-04-02 22:35:51,23.03
3,2,22,2026-04-02 22:45:51,23.03
3,2,22,2026-04-02 22:55:51,23.08
3,2,22,2026-04-02 23:05:51,23.08
3,2,22,2026-04-02 23:15:51,23.08
3,2,22,2026-04-02 23:25:51,23.08
3,2,22,2026-04-02 23:35:51,23.08
3,2,22,2026-04-02 23:45:51,23.08
3,2,22,2026-04-02 23:55:51,23.03
3,2,22,2026-04-03 00:05:51,23.03
3,2,22,2026-04-03 00:15:51,23.08
3,2,22,2026-04-03 00:25:51,23.08
3,2,22,2026-04-03 00:35:51,23.03
3,2,22,2026-04-03 00:45:51,23.03
3,2,22,2026-04-03 00:55:51,23.03
3,2,22,2026-04-03 01:05:51,23.08
3,2,22,2026-04-03 01:15:51,23.08
3,2,22,2026-04-03 01:25:51,23.08
3,2,22,2026-04-03 01:35:51,23.08
3,2,22,2026-04-03 01:45:51,23.08
3,2,22,2026-04-03 01:55:51,23.03
3,2,22,2026-04-03 02:05:51,23.08
3,2,22,2026-04-03 02:15:51,23.08
3,2,22,2026-04-03 02:25:51,23.08
3,2,22,2026-04-03 02:35:51,23.03
3,2,22,2026-04-03 02:45:51,23.08
3,2,22,2026-04-03 02:55:51,23.08
3,2,22,2026-04-03 03:05:51,23.08
3,2,22,2026-04-03 03:15:51,23.08
3,2,22,2026-04-03 03:25:51,23.03
3,2,22,2026-04-03 03:35:51,23.08
3,2,22,2026-04-03 03:45:51,23.08
3,2,22,2026-04-03 03:55:51,23.12
3,2,22,2026-04-03 04:05:51,23.08
3,2,22,2026-04-03 04:15:51,23.03
3,2,22,2026-04-03 04:25:51,23.08
3,2,22,2026-04-03 04:35:51,23.03
3,2,22,2026-04-03 04:45:51,23.03
3,2,22,2026-04-03 04:55:51,23.08
3,2,22,2026-04-03 05:05:51,23.03
3,2,22,2026-04-03 05:15:51,23.08
3,2,22,2026-04-03 05:25:51,23.03
3,2,22,2026-04-03 05:35:51,23.08
3,2,22,2026-04-03 05:45:51,23.08
3,2,22,2026-04-03 05:55:51,23.08
3,2,22,2026-04-03 06:05:51,23.08
3,2,22,2026-04-03 06:15:51,23.12
3,2,22,2026-04-03 06:25:51,23.12
3,2,22,2026-04-03 06:35:51,23.08
3,2,22,2026-04-03 06:45:51,23.08
3,2,22,2026-04-03 06:55:51,23.08
3,2,22,2026-04-03 07:05:51,23.08
3,2,22,2026-04-03 07:15:51,23.03
3,2,22,2026-04-03 07:25:51,23.08
3,2,22,2026-04-03 07:35:51,23.08
3,2,22,2026-04-03 07:45:51,23.08
3,2,22,2026-04-03 07:55:51,23.08
3,2,22,2026-04-03 08:05:51,23.08
3,2,22,2026-04-03 08:15:51,23.08
3,2,22,2026-04-03 08:25:51,23.08
3,2,22,2026-04-03 08:35:51,23.08
3,2,22,2026-04-03 08:45:51,23.08
3,2,22,2026-04-03 08:55:51,23.12
3,2,22,2026-04-03 09:05:51,23.12
3,2,22,2026-04-03 09:15:51,23.12
3,2,22,2026-04-03 09:25:51,23.12
3,2,22,2026-04-03 09:35:51,23.03
3,2,22,2026-04-03 09:45:51,23.03
3,2,22,2026-04-03 09:55:51,23.08
3,2,22,2026-04-03 10:05:51,23.08
3,2,22,2026-04-03 10:15:51,23.12
3,2,22,2026-04-03 10:25:51,23.12
3,2,22,2026-04-03 10:35:51,23.12
3,2,22,2026-04-03 10:45:51,23.08
3,2,22,2026-04-03 10:55:51,23.16
3,2,22,2026-04-03 11:05:51,23.12
3,2,22,2026-04-03 11:15:51,23.08
3,2,22,2026-04-03 11:25:51,23.12
3,2,22,2026-04-03 11:35:51,23.12
3,2,22,2026-04-03 11:45:51,23.12
3,2,22,2026-04-03 11:55:51,23.12
3,2,22,2026-04-03 12:05:51,23.12
3,2,22,2026-04-03 12:15:51,23.12
3,2,22,2026-04-03 12:25:51,23.12
3,2,22,2026-04-03 12:35:51,23.16
3,2,22,2026-04-03 12:45:51,23.21
3,2,22,2026-04-03 12:55:51,23.16
3,2,22,2026-04-03 13:05:51,23.16
3,2,22,2026-04-03 13:15:51,23.16
3,2,22,2026-04-03 13:25:51,23.16
3,2,22,2026-04-03 13:35:51,23.16
3,2,22,2026-04-03 13:45:51,23.21
3,2,22,2026-04-03 13:55:51,23.16
3,2,22,2026-04-03 14:05:51,23.16
3,2,22,2026-04-03 14:15:51,23.21
3,2,22,2026-04-03 14:25:51,23.16
3,2,22,2026-04-03 14:35:51,23.12
3,2,22,2026-04-03 14:45:51,23.12
3,2,22,2026-04-03 14:55:51,23.16
3,2,22,2026-04-03 15:05:51,23.16
3,2,22,2026-04-03 15:15:51,23.21
3,2,22,2026-04-03 15:25:51,23.21
3,2,22,2026-04-03 15:35:51,23.16
3,2,22,2026-04-03 15:45:51,23.16
3,2,22,2026-04-03 15:55:51,23.12
3,2,22,2026-04-03 16:05:51,23.16
3,2,22,2026-04-03 16:15:51,23.16
3,2,22,2026-04-03 16:25:51,23.12
3,2,22,2026-04-03 16:35:51,23.12
3,2,22,2026-04-03 16:45:51,23.16
3,2,22,2026-04-03 16:55:51,23.08
3,2,22,2026-04-03 17:05:51,23.16
3,2,22,2026-04-03 17:15:51,23.12
3,2,22,2026-04-03 17:25:51,23.16
3,2,22,2026-04-03 17:35:51,23.12
3,2,22,2026-04-03 17:45:51,23.12
3,2,22,2026-04-03 17:55:51,23.12
3,2,22,2026-04-03 18:05:51,23.12
3,2,22,2026-04-03 18:15:51,23.12
3,2,22,2026-04-03 18:25:51,23.12
3,2,22,2026-04-03 18:35:51,23.12
3,2,22,2026-04-03 18:45:51,23.12
3,2,22,2026-04-03 18:55:51,23.16
3,2,22,2026-04-03 19:05:51,23.16
3,2,22,2026-04-03 19:15:51,23.16
3,2,22,2026-04-03 19:25:51,23.16
3,2,22,2026-04-03 19:35:51,23.12
3,2,22,2026-04-03 19:45:51,23.16
3,2,22,2026-04-03 19:55:51,23.08
3,2,22,2026-04-03 20:05:51,23.12
3,2,22,2026-04-03 20:15:51,23.21
3,2,22,2026-04-03 20:25:51,23.16
3,2,22,2026-04-03 20:35:51,23.08
3,2,22,2026-04-03 20:45:51,23.12
3,2,22,2026-04-03 20:55:51,23.12
3,2,22,2026-04-03 21:05:51,23.16
3,2,22,2026-04-03 21:15:51,23.08
3,2,22,2026-04-03 21:25:51,23.12
3,2,22,2026-04-03 21:35:51,23.08
3,2,22,2026-04-03 21:45:51,23.16
3,2,22,2026-04-03 21:55:51,23.08
3,2,22,2026-04-03 22:05:51,23.12
3,2,22,2026-04-03 22:15:51,23.08
3,2,22,2026-04-03 22:25:51,23.16
3,2,22,2026-04-03 22:35:51,23.12
3,2,22,2026-04-03 22:45:51,23.12
3,2,22,2026-04-03 22:55:51,23.12
3,2,22,2026-04-03 23:05:51,23.08
3,2,22,2026-04-03 23:15:51,23.12
3,2,22,2026-04-03 23:25:51,23.12
3,2,22,2026-04-03 23:35:51,23.12
3,2,22,2026-04-03 23:45:51,23.08
3,2,22,2026-04-03 23:55:51,23.08
3,2,22,2026-04-04 00:05:51,23.08
3,2,22,2026-04-04 00:15:51,23.12
3,2,22,2026-04-04 00:25:51,23.08
3,2,22,2026-04-04 00:35:51,23.08
3,2,22,2026-04-04 00:45:51,23.12
3,2,22,2026-04-04 00:55:51,23.08
3,2,22,2026-04-04 01:05:51,23.12
3,2,22,2026-04-04 01:15:51,23.16
3,2,22,2026-04-04 01:25:51,23.12
3,2,22,2026-04-04 01:35:51,23.12
3,2,22,2026-04-04 01:45:51,23.08
3,2,22,2026-04-04 01:55:51,23.12
3,2,22,2026-04-04 02:05:51,23.12
3,2,22,2026-04-04 02:15:51,23.12
3,2,22,2026-04-04 02:25:51,23.12
3,2,22,2026-04-04 02:35:51,23.12
3,2,22,2026-04-04 02:45:51,23.12
3,2,22,2026-04-04 02:55:51,23.08
3,2,22,2026-04-04 03:05:51,23.16
3,2,22,2026-04-04 03:15:51,23.12
3,2,22,2026-04-04 03:25:51,23.16
3,2,22,2026-04-04 03:35:51,23.12
3,2,22,2026-04-04 03:45:51,23.12
3,2,22,2026-04-04 03:55:51,23.12
3,2,22,2026-04-04 04:05:51,23.12
3,2,22,2026-04-04 04:15:51,23.12
3,2,22,2026-04-04 04:25:51,23.08
3,2,22,2026-04-04 04:35:51,23.12
3,2,22,2026-04-04 04:45:51,23.08
3,2,22,2026-04-04 04:55:51,23.12
3,2,22,2026-04-04 05:05:51,23.08
3,2,22,2026-04-04 05:15:51,23.08
3,2,22,2026-04-04 05:25:51,23.12
3,2,22,2026-04-04 05:35:51,23.12
3,2,22,2026-04-04 05:45:51,23.12
3,2,22,2026-04-04 05:55:51,23.12
3,2,22,2026-04-04 06:05:51,23.12
3,2,22,2026-04-04 06:15:51,23.12
3,2,22,2026-04-04 06:25:51,23.12
3,2,22,2026-04-04 06:35:51,23.12
3,2,22,2026-04-04 06:45:51,23.08
3,2,22,2026-04-04 06:55:51,23.16
3,2,22,2026-04-04 07:05:51,23.12
3,2,22,2026-04-04 07:15:51,23.12
3,2,22,2026-04-04 07:25:51,23.16
3,2,22,2026-04-04 07:35:51,23.12
3,2,22,2026-04-04 07:45:51,23.08
3,2,22,2026-04-04 07:55:51,23.12
3,2,22,2026-04-04 08:05:51,23.12
3,2,22,2026-04-04 08:15:51,23.16
3,2,22,2026-04-04 08:25:51,23.12
3,2,22,2026-04-04 08:35:51,23.16
3,2,22,2026-04-04 08:45:51,23.16
3,2,22,2026-04-04 08:55:51,23.16
3,2,22,2026-04-04 09:05:51,23.16
3,2,22,2026-04-04 09:15:51,23.12
3,2,22,2026-04-04 09:25:51,23.12
3,2,22,2026-04-04 09:35:51,23.16
3,2,22,2026-04-04 09:45:51,23.16
3,2,22,2026-04-04 09:55:51,23.16
3,2,22,2026-04-04 10:05:51,23.16
3,2,22,2026-04-04 10:15:51,23.12
3,2,22,2026-04-04 10:25:51,23.16
3,2,22,2026-04-04 10:35:51,23.16
3,2,22,2026-04-04 10:45:51,23.12
3,2,22,2026-04-04 10:55:51,23.16
3,2,22,2026-04-04 11:05:51,23.16
3,2,22,2026-04-04 11:15:51,23.16
3,2,22,2026-04-04 11:25:51,23.21
3,2,22,2026-04-04 11:35:51,23.16
3,2,22,2026-04-04 11:45:51,23.12
3,2,22,2026-04-04 11:55:51,23.16
3,2,22,2026-04-04 12:05:51,23.12
3,2,22,2026-04-04 12:15:51,23.16
3,2,22,2026-04-04 12:25:51,23.21
3,2,22,2026-04-04 12:35:51,23.12
3,2,22,2026-04-04 12:45:51,23.16
3,2,22,2026-04-04 12:55:51,23.12
3,2,22,2026-04-04 13:05:51,23.16
3,2,22,2026-04-04 13:15:51,23.16
3,2,22,2026-04-04 13:25:51,23.12
3,2,22,2026-04-04 13:35:51,23.12
3,2,22,2026-04-04 13:45:51,23.12
3,2,22,2026-04-04 13:55:51,23.08
3,2,22,2026-04-04 14:05:51,23.12
3,2,22,2026-04-04 14:15:51,23.12
3,2,22,2026-04-04 14:25:51,23.16
3,2,22,2026-04-04 14:35:51,23.12
3,2,22,2026-04-04 14:45:51,23.16
3,2,22,2026-04-04 14:55:51,23.16
3,2,22,2026-04-04 15:05:51,23.16
3,2,22,2026-04-04 15:15:51,23.12
3,2,22,2026-04-04 15:25:51,23.21
3,2,22,2026-04-04 15:35:51,23.12
3,2,22,2026-04-04 15:45:51,23.16
3,2,22,2026-04-04 15:55:51,23.16
3,2,22,2026-04-04 16:05:51,23.16
3,2,22,2026-04-04 16:15:51,23.16
3,2,22,2026-04-04 16:25:51,23.16
3,2,22,2026-04-04 16:35:51,23.21
3,2,22,2026-04-04 16:45:51,23.12
3,2,22,2026-04-04 16:55:51,23.12
3,2,22,2026-04-04 17:05:51,23.16
3,2,22,2026-04-04 17:15:51,23.16
3,2,22,2026-04-04 17:25:51,23.21
3,2,22,2026-04-04 17:35:51,23.21
3,2,22,2026-04-04 17:45:51,23.12
3,2,22,2026-04-04 17:55:51,23.12
3,2,22,2026-04-04 18:05:51,23.16
3,2,22,2026-04-04 18:15:51,23.16
3,2,22,2026-04-04 18:25:51,23.16
3,2,22,2026-04-04 18:35:51,23.16
3,2,22,2026-04-04 18:45:51,23.16
3,2,22,2026-04-04 18:55:51,23.16
3,2,22,2026-04-04 19:05:51,23.21
3,2,22,2026-04-04 19:15:51,23.12
3,2,22,2026-04-04 19:25:51,23.12
3,2,22,2026-04-04 19:35:51,23.16
3,2,22,2026-04-04 19:45:51,23.21
3,2,22,2026-04-04 19:55:51,23.16
3,2,22,2026-04-04 20:05:51,23.16
3,2,22,2026-04-04 20:15:51,23.16
3,2,22,2026-04-04 20:25:51,23.16
3,2,22,2026-04-04 20:35:51,23.16
3,2,22,2026-04-04 20:45:51,23.12
3,2,22,2026-04-04 20:55:51,23.16
3,2,22,2026-04-04 21:05:51,23.12
3,2,22,2026-04-04 21:15:51,23.08
3,2,22,2026-04-04 21:25:51,23.16
3,2,22,2026-04-04 21:35:51,23.12
3,2,22,2026-04-04 21:45:51,23.12
3,2,22,2026-04-04 21:55:51,23.08
3,2,22,2026-04-04 22:05:51,23.16
3,2,22,2026-04-04 22:15:51,23.12
3,2,22,2026-04-04 22:25:51,23.08
3,2,22,2026-04-04 22:35:51,23.16
3,2,22,2026-04-04 22:45:51,23.12
3,2,22,2026-04-04 22:55:51,23.12
3,2,22,2026-04-04 23:05:51,23.12
3,2,22,2026-04-04 23:15:51,23.21
3,2,22,2026-04-04 23:25:51,23.16
3,2,22,2026-04-04 23:35:51,23.08
3,2,22,2026-04-04 23:45:51,23.08
3,2,22,2026-04-04 23:55:51,23.12
3,2,22,2026-04-05 00:05:51,23.12
3,2,22,2026-04-05 00:15:51,23.12
3,2,22,2026-04-05 00:25:51,23.12
3,2,22,2026-04-05 00:35:51,23.12
3,2,22,2026-04-05 00:45:51,23.12
3,2,22,2026-04-05 00:55:51,23.12
3,2,22,2026-04-05 01:05:51,23.16
3,2,22,2026-04-05 01:15:51,23.08
3,2,22,2026-04-05 01:25:51,23.08
3,2,22,2026-04-05 01:35:51,23.12
3,2,22,2026-04-05 01:45:51,23.12
3,2,22,2026-04-05 01:55:51,23.12
3,2,22,2026-04-05 02:05:51,23.12
3,2,22,2026-04-05 02:15:51,23.16
3,2,22,2026-04-05 02:25:51,23.12
3,2,22,2026-04-05 02:35:51,23.16
3,2,22,2026-04-05 02:45:51,23.16
3,2,22,2026-04-05 02:55:51,23.12
3,2,22,2026-04-05 03:05:51,23.12
3,2,22,2026-04-05 03:15:51,23.12
3,2,22,2026-04-05 03:25:51,23.16
3,2,22,2026-04-05 03:35:51,23.16
3,2,22,2026-04-05 03:45:51,23.16
3,2,22,2026-04-05 03:55:51,23.12
3,2,22,2026-04-05 04:05:51,23.12
3,2,22,2026-04-05 04:15:51,23.08
3,2,22,2026-04-05 04:25:51,23.08
3,2,22,2026-04-05 04:35:51,23.12
3,2,22,2026-04-05 04:45:51,23.08
3,2,22,2026-04-05 04:55:51,23.12
3,2,22,2026-04-05 05:05:51,23.12
3,2,22,2026-04-05 05:15:51,23.12
3,2,22,2026-04-05 05:25:51,23.12
3,2,22,2026-04-05 05:35:51,23.12
3,2,22,2026-04-05 05:45:51,23.12
3,2,22,2026-04-05 05:55:51,23.12
3,2,22,2026-04-05 06:05:51,23.12
3,2,22,2026-04-05 06:15:51,23.12
3,2,22,2026-04-05 06:25:51,23.12
3,2,22,2026-04-05 06:35:51,23.16
3,2,22,2026-04-05 06:45:51,23.12
3,2,22,2026-04-05 06:55:51,23.16
3,2,22,2026-04-05 07:05:51,23.12
3,2,22,2026-04-05 07:15:51,23.08
3,2,22,2026-04-05 07:25:51,23.12
3,2,22,2026-04-05 07:35:51,23.12
3,2,22,2026-04-05 07:45:51,23.12
3,2,22,2026-04-05 07:55:51,23.12
3,2,22,2026-04-05 08:05:51,23.16
3,2,22,2026-04-05 08:15:51,23.16
3,2,22,2026-04-05 08:25:51,23.12
3,2,22,2026-04-05 08:35:51,23.16
3,2,22,2026-04-05 08:45:51,23.16
3,2,22,2026-04-05 08:55:51,23.21
3,2,22,2026-04-05 09:05:51,23.16
3,2,22,2026-04-05 09:15:51,23.16
3,2,22,2026-04-05 09:25:51,23.16
3,2,22,2026-04-05 09:35:51,23.12
3,2,22,2026-04-05 09:45:51,23.16
3,2,22,2026-04-05 09:55:51,23.16
3,2,22,2026-04-05 10:05:51,23.12
3,2,22,2026-04-05 10:15:51,23.16
3,2,22,2026-04-05 10:25:51,23.16
3,2,22,2026-04-05 10:35:51,23.12
3,2,22,2026-04-05 10:45:51,23.12
3,2,22,2026-04-05 10:55:51,23.21
3,2,22,2026-04-05 11:05:51,23.12
3,2,22,2026-04-05 11:15:51,23.12
3,2,22,2026-04-05 11:25:51,23.12
3,2,22,2026-04-05 11:35:51,23.16
3,2,22,2026-04-05 11:45:51,23.12
3,2,22,2026-04-05 11:55:51,23.16
3,2,22,2026-04-05 12:05:51,23.12
3,2,22,2026-04-05 12:15:51,23.12
3,2,22,2026-04-05 12:25:51,23.08
3,2,22,2026-04-05 12:35:51,23.12
3,2,22,2026-04-05 12:45:51,23.12
3,2,22,2026-04-05 12:55:51,23.12
3,2,22,2026-04-05 13:05:51,23.16
3,2,22,2026-04-05 13:15:51,23.12
3,2,22,2026-04-05 13:25:51,23.16
3,2,22,2026-04-05 13:35:51,23.16
3,2,22,2026-04-05 13:45:51,23.08
3,2,22,2026-04-05 13:55:51,23.16
3,2,22,2026-04-05 14:05:51,23.16
3,2,22,2026-04-05 14:15:51,23.12
3,2,22,2026-04-05 14:25:51,23.16
3,2,22,2026-04-05 14:35:51,23.12
3,2,22,2026-04-05 14:45:51,23.16
3,2,22,2026-04-05 14:55:51,23.12
3,2,22,2026-04-05 15:05:51,23.12
3,2,22,2026-04-05 15:15:51,23.16
3,2,22,2026-04-05 15:25:51,23.12
3,2,22,2026-04-05 15:35:51,23.16
3,2,22,2026-04-05 15:45:51,23.12
3,2,22,2026-04-05 15:55:51,23.16
3,2,22,2026-04-05 16:05:51,23.16
3,2,22,2026-04-05 16:15:51,23.16
3,2,22,2026-04-05 16:25:51,23.16
3,2,22,2026-04-05 16:35:51,23.16
3,2,22,2026-04-05 16:45:51,23.12
3,2,22,2026-04-05 16:55:51,23.16
3,2,22,2026-04-05 17:05:51,23.16
3,2,22,2026-04-05 17:15:51,23.12
3,2,22,2026-04-05 17:25:51,23.12
3,2,22,2026-04-05 17:35:51,23.08
3,2,22,2026-04-05 17:45:51,23.12
3,2,22,2026-04-05 17:55:51,23.12
3,2,22,2026-04-05 18:05:51,23.12
3,2,22,2026-04-05 18:15:51,23.12
3,2,22,2026-04-05 18:25:51,23.12
3,2,22,2026-04-05 18:35:51,23.16
3,2,22,2026-04-05 18:45:51,23.16
3,2,22,2026-04-05 18:55:51,23.16
3,2,22,2026-04-05 19:05:51,23.16
3,2,22,2026-04-05 19:15:51,23.16
3,2,22,2026-04-05 19:25:51,23.21
3,2,22,2026-04-05 19:35:51,23.16
3,2,22,2026-04-05 19:45:51,23.16
3,2,22,2026-04-05 19:55:51,23.16
3,2,22,2026-04-05 20:05:51,23.12
3,2,22,2026-04-05 20:15:51,23.12
3,2,22,2026-04-05 20:25:51,23.12
3,2,22,2026-04-05 20:35:51,23.08
3,2,22,2026-04-05 20:45:51,23.16
3,2,22,2026-04-05 20:55:51,23.08
3,2,22,2026-04-05 21:05:51,23.12
3,2,22,2026-04-05 21:15:51,23.16
3,2,22,2026-04-05 21:25:51,23.08
3,2,22,2026-04-05 21:35:51,23.12
3,2,22,2026-04-05 21:45:51,23.08
3,2,22,2026-04-05 21:55:51,23.12
3,2,22,2026-04-05 22:05:51,23.12
3,2,22,2026-04-05 22:15:51,23.12
3,2,22,2026-04-05 22:25:51,23.08
3,2,22,2026-04-05 22:35:51,23.08
3,2,22,2026-04-05 22:45:51,23.12
3,2,22,2026-04-05 22:55:51,23.12
3,2,22,2026-04-05 23:05:51,23.12
3,2,22,2026-04-05 23:15:51,23.12
3,2,22,2026-04-05 23:25:51,23.12
3,2,22,2026-04-05 23:35:51,23.12
3,2,22,2026-04-05 23:45:51,23.12
3,2,22,2026-04-05 23:55:51,23.12
3,2,22,2026-04-06 00:05:51,23.16
3,2,22,2026-04-06 00:15:51,23.12
3,2,22,2026-04-06 00:25:51,23.08
3,2,22,2026-04-06 00:35:51,23.12
3,2,22,2026-04-06 00:45:51,23.12
3,2,22,2026-04-06 00:55:51,23.12
3,2,22,2026-04-06 01:05:51,23.08
3,2,22,2026-04-06 01:15:51,23.08
3,2,22,2026-04-06 01:25:51,23.12
3,2,22,2026-04-06 01:35:51,23.12
3,2,22,2026-04-06 01:45:51,23.16
3,2,22,2026-04-06 01:55:51,23.12
3,2,22,2026-04-06 02:05:51,23.12
3,2,22,2026-04-06 02:15:51,23.16
3,2,22,2026-04-06 02:25:51,23.12
3,2,22,2026-04-06 02:35:51,23.08
3,2,22,2026-04-06 02:45:51,23.08
3,2,22,2026-04-06 02:55:51,23.12
3,2,22,2026-04-06 03:05:51,23.08
3,2,22,2026-04-06 03:15:51,23.12
3,2,22,2026-04-06 03:25:51,23.12
3,2,22,2026-04-06 03:35:51,23.12
3,2,22,2026-04-06 03:45:51,23.12
3,2,22,2026-04-06 03:55:51,23.12
3,2,22,2026-04-06 04:05:51,23.12
3,2,22,2026-04-06 04:15:51,23.12
3,2,22,2026-04-06 04:25:51,23.16
3,2,22,2026-04-06 04:35:51,23.12
3,2,22,2026-04-06 04:45:51,23.12
3,2,22,2026-04-06 04:55:51,23.12
3,2,22,2026-04-06 05:05:51,23.12
3,2,22,2026-04-06 05:15:51,23.08
3,2,22,2026-04-06 05:25:51,23.16
3,2,22,2026-04-06 05:35:51,23.08
3,2,22,2026-04-06 05:45:51,23.12
3,2,22,2026-04-06 05:55:51,23.12
3,2,22,2026-04-06 06:05:51,23.08
3,2,22,2026-04-06 06:15:51,23.12
3,2,22,2026-04-06 06:25:51,23.08
3,2,22,2026-04-06 06:35:51,23.12
3,2,22,2026-04-06 06:45:51,23.16
3,2,22,2026-04-06 06:55:51,23.12
3,2,22,2026-04-06 07:05:51,23.08
3,2,22,2026-04-06 07:15:51,23.12
3,2,22,2026-04-06 07:25:51,23.08
3,2,22,2026-04-06 07:35:51,23.12
3,2,22,2026-04-06 07:45:51,23.16
3,2,22,2026-04-06 07:55:51,23.12
3,2,22,2026-04-06 08:05:51,23.16
3,2,22,2026-04-06 08:15:51,23.16
3,2,22,2026-04-06 08:25:51,23.12
3,2,22,2026-04-06 08:35:51,23.16
3,2,22,2026-04-06 08:45:51,23.16
3,2,22,2026-04-06 08:55:51,23.16
3,2,22,2026-04-06 09:05:51,23.16
3,2,22,2026-04-06 09:15:51,23.12
3,2,22,2026-04-06 09:25:51,23.12
3,2,22,2026-04-06 09:35:51,23.16
3,2,22,2026-04-06 09:45:51,23.12
3,2,22,2026-04-06 09:55:51,23.12
3,2,22,2026-04-06 10:05:51,23.08
3,2,22,2026-04-06 10:15:51,23.03
3,2,22,2026-04-06 10:25:51,23.03
3,2,22,2026-04-06 10:35:51,22.99
3,2,22,2026-04-06 10:45:51,22.99
3,2,22,2026-04-06 10:55:51,22.99
3,2,22,2026-04-06 11:05:51,22.95
3,2,22,2026-04-06 11:15:51,22.95
3,2,22,2026-04-06 11:25:51,22.91
3,2,22,2026-04-06 11:35:51,22.95
3,2,22,2026-04-06 11:45:51,22.91
3,2,22,2026-04-06 11:55:51,22.95
3,2,22,2026-04-06 12:05:51,22.95
3,2,22,2026-04-06 12:15:51,22.95
3,2,22,2026-04-06 12:25:51,22.91
3,2,22,2026-04-06 12:35:51,22.95
3,2,22,2026-04-06 12:45:51,22.95
3,2,22,2026-04-06 12:55:51,22.95
3,2,22,2026-04-06 13:05:51,22.95
3,2,22,2026-04-06 13:15:51,22.95
3,2,22,2026-04-06 13:25:51,22.95
3,2,22,2026-04-06 13:35:51,22.95
3,2,22,2026-04-06 13:45:51,22.95
3,2,22,2026-04-06 13:55:51,22.91
3,2,22,2026-04-06 14:05:51,22.95
3,2,22,2026-04-06 14:15:51,22.95
3,2,22,2026-04-06 14:25:51,22.95
3,2,22,2026-04-06 14:35:51,22.99
3,2,22,2026-04-06 14:45:51,22.91
3,2,22,2026-04-06 14:55:51,22.95
3,2,22,2026-04-06 15:05:51,22.95
3,2,22,2026-04-06 15:15:51,22.95
3,2,22,2026-04-06 15:25:51,22.95
3,2,22,2026-04-06 15:35:51,22.95
3,2,22,2026-04-06 15:45:51,22.95
3,2,22,2026-04-06 15:55:51,22.95
3,2,22,2026-04-06 16:05:51,22.95
3,2,22,2026-04-06 16:15:51,22.91
3,2,22,2026-04-06 16:25:51,22.95
3,2,22,2026-04-06 16:35:51,22.95
3,2,22,2026-04-06 16:45:51,22.95
3,2,22,2026-04-06 16:55:51,22.95
3,2,22,2026-04-06 17:05:51,22.95
3,2,22,2026-04-06 17:15:51,22.95
3,2,22,2026-04-06 17:25:51,22.95
3,2,22,2026-04-06 17:35:51,22.95
3,2,22,2026-04-06 17:45:51,22.95
3,2,22,2026-04-06 17:55:51,22.95
3,2,22,2026-04-06 18:05:51,22.95
3,2,22,2026-04-06 18:15:51,22.95
3,2,22,2026-04-06 18:25:51,22.95
3,2,22,2026-04-06 18:35:51,22.95
3,2,22,2026-04-06 18:45:51,22.95
3,2,22,2026-04-06 18:55:51,22.99
3,2,22,2026-04-06 19:05:51,22.91
3,2,22,2026-04-06 19:15:51,22.99
3,2,22,2026-04-06 19:25:51,22.95
3,2,22,2026-04-06 19:35:51,22.95
3,2,22,2026-04-06 19:45:51,22.95
3,2,22,2026-04-06 19:55:51,22.95
3,2,22,2026-04-06 20:05:51,22.95
3,2,22,2026-04-06 20:15:51,22.91
3,2,22,2026-04-06 20:25:51,22.91
3,2,22,2026-04-06 20:35:51,22.95
3,2,22,2026-04-06 20:45:51,22.91
3,2,22,2026-04-06 20:55:51,22.95
3,2,22,2026-04-06 21:05:51,22.91
3,2,22,2026-04-06 21:15:51,22.91
3,2,22,2026-04-06 21:25:51,22.95
3,2,22,2026-04-06 21:35:51,22.95
3,2,22,2026-04-06 21:45:51,22.91
3,2,22,2026-04-06 21:55:51,22.91
3,2,22,2026-04-06 22:05:51,22.91
3,2,22,2026-04-06 22:15:51,22.95
3,2,22,2026-04-06 22:25:51,22.91
3,2,22,2026-04-06 22:35:51,22.95
3,2,22,2026-04-06 22:45:51,22.95
3,2,22,2026-04-06 22:55:51,22.91
3,2,22,2026-04-06 23:05:51,22.95
3,2,22,2026-04-06 23:15:51,22.95
3,2,22,2026-04-06 23:25:51,22.95
3,2,22,2026-04-06 23:35:51,22.95
3,2,22,2026-04-06 23:45:51,22.95
3,2,22,2026-04-06 23:55:51,22.95
3,2,22,2026-04-07 00:05:51,22.95
3,2,22,2026-04-07 00:15:51,22.95
3,2,22,2026-04-07 00:25:51,22.95
3,2,22,2026-04-07 00:35:51,22.95
3,2,22,2026-04-07 00:45:51,22.95
3,2,22,2026-04-07 00:55:51,22.86
3,2,22,2026-04-07 01:05:51,22.95
3,2,22,2026-04-07 01:15:51,22.95
3,2,22,2026-04-07 01:25:51,22.95
3,2,22,2026-04-07 01:35:51,22.95
3,2,22,2026-04-07 01:45:51,22.95
3,2,22,2026-04-07 01:55:51,22.95
3,2,22,2026-04-07 02:05:51,22.95
3,2,22,2026-04-07 02:15:51,22.91
3,2,22,2026-04-07 02:25:51,22.95
3,2,22,2026-04-07 02:35:51,22.95
3,2,22,2026-04-07 02:45:51,22.91
3,2,22,2026-04-07 02:55:51,22.95
3,2,22,2026-04-07 03:05:51,22.95
3,2,22,2026-04-07 03:15:51,22.91
3,2,22,2026-04-07 03:25:51,22.91
3,2,22,2026-04-07 03:35:51,22.91
3,2,22,2026-04-07 03:45:51,22.95
3,2,22,2026-04-07 03:55:51,22.91
3,2,22,2026-04-07 04:05:51,22.95
3,2,22,2026-04-07 04:15:51,22.95
3,2,22,2026-04-07 04:25:51,22.95
3,2,22,2026-04-07 04:35:51,22.91
3,2,22,2026-04-07 04:45:51,22.91
3,2,22,2026-04-07 04:55:51,22.91
3,2,22,2026-04-07 05:05:51,22.95
3,2,22,2026-04-07 05:15:51,22.91
3,2,22,2026-04-07 05:25:51,22.91
3,2,22,2026-04-07 05:35:51,22.95
3,2,22,2026-04-07 05:45:51,22.95
3,2,22,2026-04-07 05:55:51,22.91
3,2,22,2026-04-07 06:05:51,22.95
3,2,22,2026-04-07 06:15:51,22.91
3,2,22,2026-04-07 06:25:51,22.91
3,2,22,2026-04-07 06:35:51,22.91
3,2,22,2026-04-07 06:45:51,22.95
3,2,22,2026-04-07 06:55:51,22.91
3,2,22,2026-04-07 07:05:51,22.95
3,2,22,2026-04-07 07:15:51,22.95
3,2,22,2026-04-07 07:25:51,22.95
3,2,22,2026-04-07 07:35:51,22.95
3,2,22,2026-04-07 07:45:51,22.91
3,2,22,2026-04-07 07:55:51,22.95
3,2,22,2026-04-07 08:05:51,22.91
3,2,22,2026-04-07 08:15:51,22.95
3,2,22,2026-04-07 08:25:51,22.99
3,2,22,2026-04-07 08:35:51,22.95
3,2,22,2026-04-07 08:45:51,22.95
3,2,22,2026-04-07 08:55:51,22.95
3,2,22,2026-04-07 09:05:51,22.99
3,2,22,2026-04-07 09:15:51,22.95
3,2,22,2026-04-07 09:25:51,22.95
3,2,22,2026-04-07 09:35:51,22.95
3,2,22,2026-04-07 09:45:51,22.95
3,2,22,2026-04-07 09:55:51,22.95
3,2,22,2026-04-07 10:05:51,22.95
3,2,22,2026-04-07 10:15:51,22.99
3,2,22,2026-04-07 10:25:51,22.95
3,2,22,2026-04-07 10:35:51,22.95
3,2,22,2026-04-07 10:45:51,22.95
3,2,22,2026-04-07 10:55:51,22.91
3,2,22,2026-04-07 11:05:51,22.95
3,2,22,2026-04-07 11:15:51,22.95
3,2,22,2026-04-07 11:25:51,22.95
3,2,22,2026-04-07 11:35:51,22.95
3,2,22,2026-04-07 11:45:51,22.95
3,2,22,2026-04-07 11:55:51,22.95
3,2,22,2026-04-07 12:05:51,22.95
3,2,22,2026-04-07 12:15:51,22.91
3,2,22,2026-04-07 12:25:51,22.95
3,2,22,2026-04-07 12:35:51,22.95
3,2,22,2026-04-07 12:45:51,22.91
3,2,22,2026-04-07 12:55:51,22.91
3,2,22,2026-04-07 13:05:51,22.95
3,2,22,2026-04-07 13:15:51,22.95
3,2,22,2026-04-07 13:25:51,22.99
3,2,22,2026-04-07 13:35:51,22.95
3,2,22,2026-04-07 13:45:51,22.95
3,2,22,2026-04-07 13:55:51,22.95
3,2,22,2026-04-07 14:05:51,22.99
3,2,22,2026-04-07 14:15:51,22.95
3,2,22,2026-04-07 14:25:51,22.95
3,2,22,2026-04-07 14:35:51,22.95
3,2,22,2026-04-07 14:45:51,22.95
3,2,22,2026-04-07 14:55:51,22.95
3,2,22,2026-04-07 15:05:51,22.91
3,2,22,2026-04-07 15:15:51,22.95
3,2,22,2026-04-07 15:25:51,22.95
3,2,22,2026-04-07 15:35:51,22.95
3,2,22,2026-04-07 15:45:51,22.95
3,2,22,2026-04-07 15:55:51,22.99
3,2,22,2026-04-07 16:05:51,22.95
3,2,22,2026-04-07 16:15:51,22.99
3,2,22,2026-04-07 16:25:51,22.95
3,2,22,2026-04-07 16:35:51,22.95
3,2,22,2026-04-07 16:45:51,22.99
3,2,22,2026-04-07 16:55:51,22.95
3,2,22,2026-04-07 17:05:51,22.99
3,2,22,2026-04-07 17:15:51,22.91
3,2,22,2026-04-07 17:25:51,22.91
3,2,22,2026-04-07 17:35:51,22.95
3,2,22,2026-04-07 17:45:51,22.95
3,2,22,2026-04-07 17:55:51,22.99
3,2,22,2026-04-07 18:05:51,22.95
3,2,22,2026-04-07 18:15:51,22.95
3,2,22,2026-04-07 18:25:51,22.95
3,2,22,2026-04-07 18:35:51,22.95
3,2,22,2026-04-07 18:45:51,22.95
3,2,22,2026-04-07 18:55:51,22.95
3,2,22,2026-04-07 19:05:51,22.95
3,2,22,2026-04-07 19:15:51,22.95
3,2,22,2026-04-07 19:25:51,22.95
3,2,22,2026-04-07 19:35:51,22.95
3,2,22,2026-04-07 19:45:51,22.95
3,2,22,2026-04-07 19:55:51,22.95
3,2,22,2026-04-07 20:05:51,22.95
3,2,22,2026-04-07 20:15:51,22.95
3,2,22,2026-04-07 20:25:51,22.91
3,2,22,2026-04-07 20:35:51,22.95
3,2,22,2026-04-07 20:45:51,22.91
3,2,22,2026-04-07 20:55:51,22.95
3,2,22,2026-04-07 21:05:51,22.95
3,2,22,2026-04-07 21:15:51,22.95
3,2,22,2026-04-07 21:25:51,22.91
3,2,22,2026-04-07 21:35:51,22.91
3,2,22,2026-04-07 21:45:51,22.91
3,2,22,2026-04-07 21:55:51,22.95
3,2,22,2026-04-07 22:05:51,22.91
3,2,22,2026-04-07 22:15:51,22.91
3,2,22,2026-04-07 22:25:51,22.95
3,2,22,2026-04-07 22:35:51,22.86
3,2,22,2026-04-07 22:45:51,22.95
3,2,22,2026-04-07 22:55:51,22.91
3,2,22,2026-04-07 23:05:51,22.91
3,2,22,2026-04-07 23:15:51,22.95
3,2,22,2026-04-07 23:25:51,22.95
3,2,22,2026-04-07 23:35:51,22.91
3,2,22,2026-04-07 23:45:51,22.95
3,2,22,2026-04-07 23:55:51,22.91
3,2,22,2026-04-08 00:05:51,22.91
3,2,22,2026-04-08 00:15:51,22.91
3,2,22,2026-04-08 00:25:51,22.95
3,2,22,2026-04-08 00:35:51,22.95
3,2,22,2026-04-08 00:45:51,22.86
3,2,22,2026-04-08 00:55:51,22.95
3,2,22,2026-04-08 01:05:51,22.91
3,2,22,2026-04-08 01:15:51,22.95
3,2,22,2026-04-08 01:25:51,22.95
3,2,22,2026-04-08 01:35:51,22.91
3,2,22,2026-04-08 01:45:51,22.95
3,2,22,2026-04-08 01:55:51,22.95
3,2,22,2026-04-08 02:05:51,22.95
3,2,22,2026-04-08 02:15:51,22.95
3,2,22,2026-04-08 02:25:51,22.95
3,2,22,2026-04-08 02:35:51,22.91
3,2,22,2026-04-08 02:45:51,22.91
3,2,22,2026-04-08 02:55:51,22.95
3,2,22,2026-04-08 03:05:51,22.91
3,2,22,2026-04-08 03:15:51,22.95
3,2,22,2026-04-08 03:25:51,22.91
3,2,22,2026-04-08 03:35:51,22.91
3,2,22,2026-04-08 03:45:51,22.95
3,2,22,2026-04-08 03:55:51,22.91
3,2,22,2026-04-08 04:05:51,22.95
3,2,22,2026-04-08 04:15:51,22.95
3,2,22,2026-04-08 04:25:51,22.95
3,2,22,2026-04-08 04:35:51,22.91
3,2,22,2026-04-08 04:45:51,22.91
3,2,22,2026-04-08 04:55:51,22.91
3,2,22,2026-04-08 05:05:51,22.95
3,2,22,2026-04-08 05:15:51,22.91
3,2,22,2026-04-08 05:25:51,22.91
3,2,22,2026-04-08 05:35:51,22.91
3,2,22,2026-04-08 05:45:51,22.91
3,2,22,2026-04-08 05:55:51,22.95
3,2,22,2026-04-08 06:05:51,22.95
3,2,22,2026-04-08 06:15:51,22.95
3,2,22,2026-04-08 06:25:51,22.99
3,2,22,2026-04-08 06:35:51,22.95
3,2,22,2026-04-08 06:45:51,22.95
3,2,22,2026-04-08 06:55:51,22.95
3,2,22,2026-04-08 07:05:51,22.95
3,2,22,2026-04-08 07:15:51,22.91
3,2,22,2026-04-08 07:25:51,22.95
3,2,22,2026-04-08 07:35:51,22.91
3,2,22,2026-04-08 07:45:51,22.95
3,2,22,2026-04-08 07:55:51,22.95
3,2,22,2026-04-08 08:05:51,22.91
3,2,22,2026-04-08 08:15:51,22.95
3,2,22,2026-04-08 08:25:51,22.95
3,2,22,2026-04-08 08:35:51,22.95
3,2,22,2026-04-08 08:45:51,22.95
3,2,22,2026-04-08 08:55:51,22.95
3,2,22,2026-04-08 09:05:51,22.95
3,2,22,2026-04-08 09:15:51,22.95
3,2,22,2026-04-08 09:25:51,22.95
3,2,22,2026-04-08 09:35:51,22.99
3,2,22,2026-04-08 09:45:51,22.95
3,2,22,2026-04-08 09:55:51,22.99
3,2,22,2026-04-08 10:05:51,22.95
3,2,22,2026-04-08 10:15:51,22.95
3,2,22,2026-04-08 10:25:51,22.95
3,2,22,2026-04-08 10:35:51,22.95
3,2,22,2026-04-08 10:45:51,22.91
3,2,22,2026-04-08 10:55:51,22.95
3,2,22,2026-04-08 11:05:51,22.95
3,2,22,2026-04-08 11:15:51,22.99
3,2,22,2026-04-08 11:25:51,22.99
3,2,22,2026-04-08 11:35:51,22.95
3,2,22,2026-04-08 11:45:51,22.99
3,2,22,2026-04-08 11:55:51,22.95
3,2,22,2026-04-08 12:05:51,22.99
3,2,22,2026-04-08 12:15:51,22.91
3,2,22,2026-04-08 12:25:51,22.95
3,2,22,2026-04-08 12:35:51,22.95
3,2,22,2026-04-08 12:45:51,22.99
3,2,22,2026-04-08 12:55:51,22.95
3,2,22,2026-04-08 13:05:51,22.95
3,2,22,2026-04-08 13:15:51,22.95
3,2,22,2026-04-08 13:25:51,22.95
3,2,22,2026-04-08 13:35:51,22.95
3,2,22,2026-04-08 13:45:51,22.99
3,2,22,2026-04-08 13:55:51,22.95
3,2,22,2026-04-08 14:05:51,22.95
3,2,22,2026-04-08 14:15:51,22.95
3,2,22,2026-04-08 14:25:51,22.95
3,2,22,2026-04-08 14:35:51,22.95
3,2,22,2026-04-08 14:45:51,22.95
3,2,22,2026-04-08 14:55:51,22.95
3,2,22,2026-04-08 15:05:51,22.95
3,2,22,2026-04-08 15:15:51,22.95
3,2,22,2026-04-08 15:25:51,22.95
3,2,22,2026-04-08 15:35:51,22.95
3,2,22,2026-04-08 15:45:51,22.95
3,2,22,2026-04-08 15:55:51,22.95
3,2,22,2026-04-08 16:05:51,22.95
3,2,22,2026-04-08 16:15:51,22.95
3,2,22,2026-04-08 16:25:51,22.95
3,2,22,2026-04-08 16:35:51,22.91
3,2,22,2026-04-08 16:45:51,22.95
3,2,22,2026-04-08 16:55:51,22.95
3,2,22,2026-04-08 17:05:51,22.95
3,2,22,2026-04-08 17:15:51,22.95
3,2,22,2026-04-08 17:25:51,22.95
3,2,22,2026-04-08 17:35:51,22.91
3,2,22,2026-04-08 17:45:51,22.95
3,2,22,2026-04-08 17:55:51,22.99
3,2,22,2026-04-08 18:05:51,22.95
3,2,22,2026-04-08 18:15:51,22.91
3,2,22,2026-04-08 18:25:51,22.95
3,2,22,2026-04-08 18:35:51,22.95
3,2,22,2026-04-08 18:45:51,22.99
3,2,22,2026-04-08 18:55:51,22.95
3,2,22,2026-04-08 19:05:51,22.95
3,2,22,2026-04-08 19:15:51,22.95
3,2,22,2026-04-08 19:25:51,22.99
3,2,22,2026-04-08 19:35:51,22.95
3,2,22,2026-04-08 19:45:51,22.91
3,2,22,2026-04-08 19:55:51,22.95
3,2,22,2026-04-08 20:05:51,22.95
3,2,22,2026-04-08 20:15:51,22.95
3,2,22,2026-04-08 20:25:51,22.95
3,2,22,2026-04-08 20:35:51,22.91
3,2,22,2026-04-08 20:45:51,22.91
3,2,22,2026-04-08 20:55:51,22.86
3,2,22,2026-04-08 21:05:51,22.95
3,2,22,2026-04-08 21:15:51,22.95
3,2,22,2026-04-08 21:25:51,22.95
3,2,22,2026-04-08 21:35:51,22.86
3,2,22,2026-04-08 21:45:51,22.91
3,2,22,2026-04-08 21:55:51,22.91
3,2,22,2026-04-08 22:05:51,22.91
3,2,22,2026-04-08 22:15:51,22.95
3,2,22,2026-04-08 22:25:51,22.86
3,2,22,2026-04-08 22:35:51,22.91
3,2,22,2026-04-08 22:45:51,22.91
3,2,22,2026-04-08 22:55:51,22.91
3,2,22,2026-04-08 23:05:51,22.91
3,2,22,2026-04-08 23:15:51,22.91
3,2,22,2026-04-08 23:25:51,22.91
3,2,22,2026-04-08 23:35:51,22.91
3,2,22,2026-04-08 23:45:51,22.95
3,2,22,2026-04-08 23:55:51,22.95
3,2,22,2026-04-09 00:05:51,22.95
3,2,22,2026-04-09 00:15:51,22.86
3,2,22,2026-04-09 00:25:51,22.91
3,2,22,2026-04-09 00:35:51,22.95
3,2,22,2026-04-09 00:45:51,22.95
3,2,22,2026-04-09 00:55:51,22.91
3,2,22,2026-04-09 01:05:51,22.91
3,2,22,2026-04-09 01:15:51,22.91
3,2,22,2026-04-09 01:25:51,22.95
3,2,22,2026-04-09 01:35:51,22.95
3,2,22,2026-04-09 01:45:51,22.95
3,2,22,2026-04-09 01:55:51,22.91
3,2,22,2026-04-09 02:05:51,22.91
3,2,22,2026-04-09 02:15:51,22.91
3,2,22,2026-04-09 02:25:51,22.91
3,2,22,2026-04-09 02:35:51,22.95
3,2,22,2026-04-09 02:45:51,22.91
3,2,22,2026-04-09 02:55:51,22.95
3,2,22,2026-04-09 03:05:51,22.95
3,2,22,2026-04-09 03:15:51,22.95
3,2,22,2026-04-09 03:25:51,22.95
3,2,22,2026-04-09 03:35:51,22.91
3,2,22,2026-04-09 03:45:51,22.95
3,2,22,2026-04-09 03:55:51,22.95
3,2,22,2026-04-09 04:05:51,22.95
3,2,22,2026-04-09 04:15:51,22.91
3,2,22,2026-04-09 04:25:51,22.95
3,2,22,2026-04-09 04:35:51,22.91
3,2,22,2026-04-09 04:45:51,22.95
3,2,22,2026-04-09 04:55:51,22.95
3,2,22,2026-04-09 05:05:51,22.95
3,2,22,2026-04-09 05:15:51,22.95
3,2,22,2026-04-09 05:25:51,22.95
3,2,22,2026-04-09 05:35:51,22.91
3,2,22,2026-04-09 05:45:51,22.91
3,2,22,2026-04-09 05:55:51,22.99
3,2,22,2026-04-09 06:05:51,22.95
3,2,22,2026-04-09 06:15:51,22.91
3,2,22,2026-04-09 06:25:51,22.95
3,2,22,2026-04-09 06:35:51,22.91
3,2,22,2026-04-09 06:45:51,22.91
3,2,22,2026-04-09 06:55:51,22.91
3,2,22,2026-04-09 07:05:51,22.91
3,2,22,2026-04-09 07:15:51,22.86
3,2,22,2026-04-09 07:25:51,22.95
3,2,22,2026-04-09 07:35:51,22.95
3,2,22,2026-04-09 07:45:51,22.95
3,2,22,2026-04-09 07:55:51,22.95
3,2,22,2026-04-09 08:05:51,22.95
3,2,22,2026-04-09 08:15:51,22.95
3,2,22,2026-04-09 08:25:51,22.95
3,2,22,2026-04-09 08:35:51,22.99
3,2,22,2026-04-09 08:45:51,22.95
3,2,22,2026-04-09 08:55:51,22.99
3,2,22,2026-04-09 09:05:51,22.95
3,2,22,2026-04-09 09:15:51,22.95
3,2,22,2026-04-09 09:25:51,22.95
3,2,22,2026-04-09 09:35:51,22.95
3,2,22,2026-04-09 09:45:51,22.95
3,2,22,2026-04-09 09:55:51,22.95
3,2,22,2026-04-09 10:05:51,22.95
3,2,22,2026-04-09 10:15:51,22.95
3,2,22,2026-04-09 10:25:51,22.91
3,2,22,2026-04-09 10:35:51,22.91
3,2,22,2026-04-09 10:45:51,22.86
3,2,22,2026-04-09 10:55:51,22.95
3,2,22,2026-04-09 11:05:51,22.91
3,2,22,2026-04-09 11:15:51,22.95
3,2,22,2026-04-09 11:25:51,22.91
3,2,22,2026-04-09 11:35:51,22.91
3,2,22,2026-04-09 11:45:51,22.95
3,2,22,2026-04-09 11:55:51,22.91
3,2,22,2026-04-09 12:05:51,22.91
3,2,22,2026-04-09 12:15:51,22.95
3,2,22,2026-04-09 12:25:51,22.91
3,2,22,2026-04-09 12:35:51,22.91
3,2,22,2026-04-09 12:45:51,22.95
3,2,22,2026-04-09 12:55:51,22.95
3,2,22,2026-04-09 13:05:51,22.91
3,2,22,2026-04-09 13:15:51,22.95
3,2,22,2026-04-09 13:25:51,22.91
3,2,22,2026-04-09 13:35:51,22.91
3,2,22,2026-04-09 13:45:51,22.95
3,2,22,2026-04-09 13:55:51,22.91
3,2,22,2026-04-09 14:05:51,22.95
3,2,22,2026-04-09 14:15:51,22.95
3,2,22,2026-04-09 14:25:51,22.95
3,2,22,2026-04-09 14:35:51,22.91
3,2,22,2026-04-09 14:45:51,22.95
3,2,22,2026-04-09 14:55:51,22.91
3,2,22,2026-04-09 15:05:51,22.91
3,2,22,2026-04-09 15:15:51,22.95
3,2,22,2026-04-09 15:25:51,22.95
3,2,22,2026-04-09 15:35:51,22.91
3,2,22,2026-04-09 15:45:51,22.91
3,2,22,2026-04-09 15:55:51,22.91
3,2,22,2026-04-09 16:05:51,22.95
3,2,22,2026-04-09 16:15:51,22.95
3,2,22,2026-04-09 16:25:51,22.91
3,2,22,2026-04-09 16:35:51,22.91
3,2,22,2026-04-09 16:45:51,22.95
3,2,22,2026-04-09 16:55:51,22.95
3,2,22,2026-04-09 17:05:51,22.95
3,2,22,2026-04-09 17:15:51,22.95
3,2,22,2026-04-09 17:25:51,22.91
3,2,22,2026-04-09 17:35:51,22.95
3,2,22,2026-04-09 17:45:51,22.95
3,2,22,2026-04-09 17:55:51,22.95
3,2,22,2026-04-09 18:05:51,22.95
3,2,22,2026-04-09 18:15:51,22.95
3,2,22,2026-04-09 18:25:51,22.91
3,2,22,2026-04-09 18:35:51,22.95
3,2,22,2026-04-09 18:45:51,22.91
3,2,22,2026-04-09 18:55:51,22.95
3,2,22,2026-04-09 19:05:51,22.95
3,2,22,2026-04-09 19:15:51,22.86
3,2,22,2026-04-09 19:25:51,22.91
3,2,22,2026-04-09 19:35:51,22.95
3,2,22,2026-04-09 19:45:51,22.91
3,2,22,2026-04-09 19:55:51,22.95
3,2,22,2026-04-09 20:05:51,22.95
3,2,22,2026-04-09 20:15:51,22.91
3,2,22,2026-04-09 20:25:51,22.91
3,2,22,2026-04-09 20:35:51,22.95
3,2,22,2026-04-09 20:45:51,22.91
3,2,22,2026-04-09 20:55:51,22.95
3,2,22,2026-04-09 21:05:51,22.91
3,2,22,2026-04-09 21:15:51,22.91
3,2,22,2026-04-09 21:25:51,22.91
3,2,22,2026-04-09 21:35:51,22.91
3,2,22,2026-04-09 21:45:51,22.91
3,2,22,2026-04-09 21:55:51,22.91
3,2,22,2026-04-09 22:05:51,22.95
3,2,22,2026-04-09 22:15:51,22.91
3,2,22,2026-04-09 22:25:51,22.91
3,2,22,2026-04-09 22:35:51,22.91
3,2,22,2026-04-09 22:45:51,22.86
3,2,22,2026-04-09 22:55:51,22.86
3,2,22,2026-04-09 23:05:51,22.86
3,2,22,2026-04-09 23:15:51,22.91
3,2,22,2026-04-09 23:25:51,22.95
3,2,22,2026-04-09 23:35:51,22.91
3,2,22,2026-04-09 23:45:51,22.91
3,2,22,2026-04-09 23:55:51,22.86
3,2,22,2026-04-10 00:05:51,22.91
3,2,22,2026-04-10 00:15:51,22.95
3,2,22,2026-04-10 00:25:51,22.91
3,2,22,2026-04-10 00:35:51,22.95
3,2,22,2026-04-10 00:45:51,22.91
3,2,22,2026-04-10 00:55:51,22.91
3,2,22,2026-04-10 01:05:51,22.91
3,2,22,2026-04-10 01:15:51,22.95
3,2,22,2026-04-10 01:25:51,22.91
3,2,22,2026-04-10 01:35:51,22.91
3,2,22,2026-04-10 01:45:51,22.91
3,2,22,2026-04-10 01:55:51,22.91
3,2,22,2026-04-10 02:05:51,22.91
3,2,22,2026-04-10 02:15:51,22.95
3,2,22,2026-04-10 02:25:51,22.91
3,2,22,2026-04-10 02:35:51,22.95
3,2,22,2026-04-10 02:45:51,22.91
3,2,22,2026-04-10 02:55:51,22.91
3,2,22,2026-04-10 03:05:51,22.91
3,2,22,2026-04-10 03:15:51,22.91
3,2,22,2026-04-10 03:25:51,22.91
3,2,22,2026-04-10 03:35:51,22.91
3,2,22,2026-04-10 03:45:51,22.86
3,2,22,2026-04-10 03:55:51,22.91
3,2,22,2026-04-10 04:05:51,22.95
3,2,22,2026-04-10 04:15:51,22.91
3,2,22,2026-04-10 04:25:51,22.86
3,2,22,2026-04-10 04:35:51,22.86
3,2,22,2026-04-10 04:45:51,22.91
3,2,22,2026-04-10 04:55:51,22.91
3,2,22,2026-04-10 05:05:51,22.91
3,2,22,2026-04-10 05:15:51,22.86
3,2,22,2026-04-10 05:25:51,22.91
3,2,22,2026-04-10 05:35:51,22.86
3,2,22,2026-04-10 05:45:51,22.91
3,2,22,2026-04-10 05:55:51,22.95
3,2,22,2026-04-10 06:05:51,22.91
3,2,22,2026-04-10 06:15:51,22.91
3,2,22,2026-04-10 06:25:51,22.91
3,2,22,2026-04-10 06:35:51,22.95
3,2,22,2026-04-10 06:45:51,22.95
3,2,22,2026-04-10 06:55:51,22.95
3,2,22,2026-04-10 07:05:51,22.95
3,2,22,2026-04-10 07:15:51,22.91
3,2,22,2026-04-10 07:25:51,22.91
3,2,22,2026-04-10 07:35:51,22.91
3,2,22,2026-04-10 07:45:51,22.91
3,2,22,2026-04-10 07:55:51,22.91
3,2,22,2026-04-10 08:05:51,22.91
3,2,22,2026-04-10 08:15:51,22.95
3,2,22,2026-04-10 08:25:51,22.95
3,2,22,2026-04-10 08:35:51,22.95
3,2,22,2026-04-10 08:45:51,22.95
3,2,22,2026-04-10 08:55:51,22.95
3,2,22,2026-04-10 09:05:51,22.95
3,2,22,2026-04-10 09:15:51,22.95
3,2,22,2026-04-10 09:25:51,22.95
3,2,22,2026-04-10 09:35:51,22.95
3,2,22,2026-04-10 09:45:51,22.91
3,2,22,2026-04-10 09:55:51,22.91
3,2,22,2026-04-10 10:05:51,22.95
3,2,22,2026-04-10 10:15:51,22.95
3,2,22,2026-04-10 10:25:51,22.95
3,2,22,2026-04-10 10:35:51,22.95
3,2,22,2026-04-10 10:45:51,22.91
3,2,22,2026-04-10 10:55:51,22.95
3,2,22,2026-04-10 11:05:51,22.91
3,2,22,2026-04-10 11:15:51,22.95
3,2,22,2026-04-10 11:25:51,22.95
3,2,22,2026-04-10 11:35:51,22.95
3,2,22,2026-04-10 11:45:51,22.91
3,2,22,2026-04-10 11:55:51,22.95
3,2,22,2026-04-10 12:05:51,22.91
3,2,22,2026-04-10 12:15:51,22.91
3,2,22,2026-04-10 12:25:51,22.95
3,2,22,2026-04-10 12:35:51,22.91
3,2,22,2026-04-10 12:45:51,22.91
3,2,22,2026-04-10 12:55:51,22.91
3,2,22,2026-04-10 13:05:51,22.95
3,2,22,2026-04-10 13:15:51,22.95
3,2,22,2026-04-10 13:25:51,22.95
3,2,22,2026-04-10 13:35:51,22.95
3,2,22,2026-04-10 13:45:51,22.95
3,2,22,2026-04-10 13:55:51,22.91
3,2,22,2026-04-10 14:05:51,22.91
3,2,22,2026-04-10 14:15:51,22.95
3,2,22,2026-04-10 14:25:51,22.95
3,2,22,2026-04-10 14:35:51,22.95
3,2,22,2026-04-10 14:45:51,22.95
3,2,22,2026-04-10 14:55:51,22.91
3,2,22,2026-04-10 15:05:51,22.91
3,2,22,2026-04-10 15:15:51,22.95
3,2,22,2026-04-10 15:25:51,22.91
3,2,22,2026-04-10 15:35:51,22.95
3,2,22,2026-04-10 15:45:51,22.91
3,2,22,2026-04-10 15:55:51,22.95
3,2,22,2026-04-10 16:05:51,22.95
4,1,22,2026-06-19 15:12:02,22.56
4,1,22,2026-06-19 15:22:02,22.56
4,1,22,2026-06-19 15:32:02,22.52
4,1,22,2026-06-19 15:42:02,22.52
4,1,22,2026-06-19 15:52:02,22.56
4,1,22,2026-06-19 16:02:02,22.48
4,1,22,2026-06-19 16:12:02,22.52
4,1,22,2026-06-19 16:22:02,22.52
4,1,22,2026-06-19 16:32:02,22.48
4,1,22,2026-06-19 16:42:02,22.52
4,1,22,2026-06-19 16:52:02,22.48
4,1,22,2026-06-19 17:02:02,22.52
4,1,22,2026-06-19 17:12:02,22.52
4,1,22,2026-06-19 17:22:02,22.52
4,1,22,2026-06-19 17:32:02,22.56
4,1,22,2026-06-19 17:42:02,22.52
4,1,22,2026-06-19 17:52:02,22.56
4,1,22,2026-06-19 18:02:02,22.56
4,1,22,2026-06-19 18:12:02,22.56
4,1,22,2026-06-19 18:22:02,22.52
4,1,22,2026-06-19 18:32:02,22.52
4,1,22,2026-06-19 18:42:02,22.52
4,1,22,2026-06-19 18:52:02,22.52
4,1,22,2026-06-19 19:02:02,22.52
4,1,22,2026-06-19 19:12:02,22.52
4,1,22,2026-06-19 19:22:02,22.52
4,1,22,2026-06-19 19:32:02,22.48
4,1,22,2026-06-19 19:42:02,22.52
4,1,22,2026-06-19 19:52:02,22.52
4,1,22,2026-06-19 20:02:02,22.52
4,1,22,2026-06-19 20:12:02,22.48
4,1,22,2026-06-19 20:22:02,22.48
4,1,22,2026-06-19 20:32:02,22.52
4,1,22,2026-06-19 20:42:02,22.48
4,1,22,2026-06-19 20:52:02,22.43
4,1,22,2026-06-19 21:02:02,22.52
4,1,22,2026-06-19 21:12:02,22.48
4,1,22,2026-06-19 21:22:02,22.52
4,1,22,2026-06-19 21:32:02,22.52
4,1,22,2026-06-19 21:42:02,22.43
4,1,22,2026-06-19 21:52:02,22.52
4,1,22,2026-06-19 22:02:02,22.52
4,1,22,2026-06-19 22:12:02,22.48
4,1,22,2026-06-19 22:22:02,22.48
4,1,22,2026-06-19 22:32:02,22.52
4,1,22,2026-06-19 22:42:02,22.52
4,1,22,2026-06-19 22:52:02,22.48
4,1,22,2026-06-19 23:02:02,22.52
4,1,22,2026-06-19 23:12:02,22.52
4,1,22,2026-06-19 23:22:02,22.48
4,1,22,2026-06-19 23:32:02,22.52
4,1,22,2026-06-19 23:42:02,22.52
4,1,22,2026-06-19 23:52:02,22.52
4,1,22,2026-06-20 00:02:02,22.52
4,1,22,2026-06-20 00:12:02,22.48
4,1,22,2026-06-20 00:22:02,22.48
4,1,22,2026-06-20 00:32:02,22.52
4,1,22,2026-06-20 00:42:02,22.48
4,1,22,2026-06-20 00:52:02,22.48
4,1,22,2026-06-20 01:02:02,22.52
4,1,22,2026-06-20 01:12:02,22.52
4,1,22,2026-06-20 01:22:02,22.48
4,1,22,2026-06-20 01:32:02,22.52
4,1,22,2026-06-20 01:42:02,22.48
4,1,22,2026-06-20 01:52:02,22.52
4,1,22,2026-06-20 02:02:02,22.52
4,1,22,2026-06-20 02:12:02,22.52
4,1,22,2026-06-20 02:22:02,22.48
4,1,22,2026-06-20 02:32:02,22.52
4,1,22,2026-06-20 02:42:02,22.52
4,1,22,2026-06-20 02:52:02,22.52
4,1,22,2026-06-20 03:02:02,22.52
4,1,22,2026-06-20 03:12:02,22.52
4,1,22,2026-06-20 03:22:02,22.48
4,1,22,2026-06-20 03:32:02,22.52
4,1,22,2026-06-20 03:42:02,22.48
4,1,22,2026-06-20 03:52:02,22.52
4,1,22,2026-06-20 04:02:02,22.52
4,1,22,2026-06-20 04:12:02,22.48
4,1,22,2026-06-20 04:22:02,22.52
4,1,22,2026-06-20 04:32:02,22.52
4,1,22,2026-06-20 04:42:02,22.52
4,1,22,2026-06-20 04:52:02,22.52
4,1,22,2026-06-20 05:02:02,22.52
4,1,22,2026-06-20 05:12:02,22.52
4,1,22,2026-06-20 05:22:02,22.52
4,1,22,2026-06-20 05:32:02,22.48
4,1,22,2026-06-20 05:42:02,22.52
4,1,22,2026-06-20 05:52:02,22.56
4,1,22,2026-06-20 06:02:02,22.52
4,1,22,2026-06-20 06:12:02,22.48
4,1,22,2026-06-20 06:22:02,22.56
4,1,22,2026-06-20 06:32:02,22.48
4,1,22,2026-06-20 06:42:02,22.48
4,1,22,2026-06-20 06:52:02,22.52
4,1,22,2026-06-20 07:02:02,22.48
4,1,22,2026-06-20 07:12:02,22.48
4,1,22,2026-06-20 07:22:02,22.48
4,1,22,2026-06-20 07:32:02,22.52
4,1,22,2026-06-20 07:42:02,22.52
4,1,22,2026-06-20 07:52:02,22.52
4,1,22,2026-06-20 08:02:02,22.52
4,1,22,2026-06-20 08:12:02,22.52
4,1,22,2026-06-20 08:22:02,22.52
4,1,22,2026-06-20 08:32:02,22.56
4,1,22,2026-06-20 08:42:02,22.52
4,1,22,2026-06-20 08:52:02,22.52
4,1,22,2026-06-20 09:02:02,22.56
4,1,22,2026-06-20 09:12:02,22.52
4,1,22,2026-06-20 09:22:02,22.56
4,1,22,2026-06-20 09:32:02,22.52
4,1,22,2026-06-20 09:42:02,22.52
4,1,22,2026-06-20 09:52:02,22.56
4,1,22,2026-06-20 10:02:02,22.52
4,1,22,2026-06-20 10:12:02,22.52
4,1,22,2026-06-20 10:22:02,22.48
4,1,22,2026-06-20 10:32:02,22.56
4,1,22,2026-06-20 10:42:02,22.52
4,1,22,2026-06-20 10:52:02,22.61
4,1,22,2026-06-20 11:02:02,22.48
4,1,22,2026-06-20 11:12:02,22.56
4,1,22,2026-06-20 11:22:02,22.48
4,1,22,2026-06-20 11:32:02,22.52
4,1,22,2026-06-20 11:42:02,22.52
4,1,22,2026-06-20 11:52:02,22.52
4,1,22,2026-06-20 12:02:02,22.56
4,1,22,2026-06-20 12:12:02,22.52
4,1,22,2026-06-20 12:22:02,22.52
4,1,22,2026-06-20 12:32:02,22.52
4,1,22,2026-06-20 12:42:02,22.52
4,1,22,2026-06-20 12:52:02,22.52
4,1,22,2026-06-20 13:02:02,22.48
4,1,22,2026-06-20 13:12:02,22.56
4,1,22,2026-06-20 13:22:02,22.56
4,1,22,2026-06-20 13:32:02,22.48
4,1,22,2026-06-20 13:42:02,22.52
4,1,22,2026-06-20 13:52:02,22.56
4,1,22,2026-06-20 14:02:02,22.56
4,1,22,2026-06-20 14:12:02,22.39
4,1,22,2026-06-20 14:22:02,22.39
4,1,22,2026-06-20 14:32:02,22.26
4,1,22,2026-06-20 14:42:02,22.18
4,1,22,2026-06-20 14:52:02,22.18
4,1,22,2026-06-20 15:02:02,22.18
4,1,22,2026-06-20 15:12:02,22.22
4,1,22,2026-06-20 15:22:02,22.26
4,1,22,2026-06-20 15:32:02,22.31
4,1,22,2026-06-20 15:42:02,22.26
4,1,22,2026-06-20 15:52:02,22.26
4,1,22,2026-06-20 16:02:02,22.26
4,1,22,2026-06-20 16:12:02,22.35
4,1,22,2026-06-20 16:22:02,22.31
4,1,22,2026-06-20 16:32:02,22.35
4,1,22,2026-06-20 16:42:02,22.31
4,1,22,2026-06-20 16:52:02,22.35
4,1,22,2026-06-20 17:02:02,22.31
4,1,22,2026-06-20 17:12:02,22.31
4,1,22,2026-06-20 17:22:02,22.26
4,1,22,2026-06-20 17:32:02,22.31
4,1,22,2026-06-20 17:42:02,22.31
4,1,22,2026-06-20 17:52:02,22.35
4,1,22,2026-06-20 18:02:02,22.35
4,1,22,2026-06-20 18:12:02,22.35
4,1,22,2026-06-20 18:22:02,22.35
4,1,22,2026-06-20 18:32:02,22.35
4,1,22,2026-06-20 18:42:02,22.35
4,1,22,2026-06-20 18:52:02,22.31
4,1,22,2026-06-20 19:02:02,22.31
4,1,22,2026-06-20 19:12:02,22.35
4,1,22,2026-06-20 19:22:02,22.39
4,1,22,2026-06-20 19:32:02,22.35
4,1,22,2026-06-20 19:42:02,22.39
4,1,22,2026-06-20 19:52:02,22.35
4,1,22,2026-06-20 20:02:02,22.35
4,1,22,2026-06-20 20:12:02,22.35
4,1,22,2026-06-20 20:22:02,22.26
4,1,22,2026-06-20 20:32:02,22.35
4,1,22,2026-06-20 20:42:02,22.31
4,1,22,2026-06-20 20:52:02,22.31
4,1,22,2026-06-20 21:02:02,22.35
4,1,22,2026-06-20 21:12:02,22.31
4,1,22,2026-06-20 21:22:02,22.39
4,1,22,2026-06-20 21:32:02,22.26
4,1,22,2026-06-20 21:42:02,22.35
4,1,22,2026-06-20 21:52:02,22.35
4,1,22,2026-06-20 22:02:02,22.31
4,1,22,2026-06-20 22:12:02,22.31
4,1,22,2026-06-20 22:22:02,22.31
4,1,22,2026-06-20 22:32:02,22.35
4,1,22,2026-06-20 22:42:02,22.35
4,1,22,2026-06-20 22:52:02,22.31
4,1,22,2026-06-20 23:02:02,22.31
4,1,22,2026-06-20 23:12:02,22.31
4,1,22,2026-06-20 23:22:02,22.26
4,1,22,2026-06-20 23:32:02,22.31
4,1,22,2026-06-20 23:42:02,22.26
4,1,22,2026-06-20 23:52:02,22.26
4,1,22,2026-06-21 00:02:02,22.31
4,1,22,2026-06-21 00:12:02,22.35
4,1,22,2026-06-21 00:22:02,22.31
4,1,22,2026-06-21 00:32:02,22.31
4,1,22,2026-06-21 00:42:02,22.35
4,1,22,2026-06-21 00:52:02,22.31
4,1,22,2026-06-21 01:02:02,22.31
4,1,22,2026-06-21 01:12:02,22.26
4,1,22,2026-06-21 01:22:02,22.31
4,1,22,2026-06-21 01:32:02,22.31
4,1,22,2026-06-21 01:42:02,22.31
4,1,22,2026-06-21 01:52:02,22.31
4,1,22,2026-06-21 02:02:02,22.35
4,1,22,2026-06-21 02:12:02,22.26
4,1,22,2026-06-21 02:22:02,22.26
4,1,22,2026-06-21 02:32:02,22.31
4,1,22,2026-06-21 02:42:02,22.31
4,1,22,2026-06-21 02:52:02,22.35
4,1,22,2026-06-21 03:02:02,22.31
4,1,22,2026-06-21 03:12:02,22.35
4,1,22,2026-06-21 03:22:02,22.31
4,1,22,2026-06-21 03:32:02,22.31
4,1,22,2026-06-21 03:42:02,22.35
4,1,22,2026-06-21 03:52:02,22.31
4,1,22,2026-06-21 04:02:02,22.31
4,1,22,2026-06-21 04:12:02,22.35
4,1,22,2026-06-21 04:22:02,22.31
4,1,22,2026-06-21 04:32:02,22.35
4,1,22,2026-06-21 04:42:02,22.31
4,1,22,2026-06-21 04:52:02,22.35
4,1,22,2026-06-21 05:02:02,22.31
4,1,22,2026-06-21 05:12:02,22.31
4,1,22,2026-06-21 05:22:02,22.35
4,1,22,2026-06-21 05:32:02,22.26
4,1,22,2026-06-21 05:42:02,22.35
4,1,22,2026-06-21 05:52:02,22.31
4,1,22,2026-06-21 06:02:02,22.35
4,1,22,2026-06-21 06:12:02,22.35
4,1,22,2026-06-21 06:22:02,22.31
4,1,22,2026-06-21 06:32:02,22.31
4,1,22,2026-06-21 06:42:02,22.31
4,1,22,2026-06-21 06:52:02,22.31
4,1,22,2026-06-21 07:02:02,22.31
4,1,22,2026-06-21 07:12:02,22.31
4,1,22,2026-06-21 07:22:02,22.31
4,1,22,2026-06-21 07:32:02,22.31
4,1,22,2026-06-21 07:42:02,22.35
4,1,22,2026-06-21 07:52:02,22.31
4,1,22,2026-06-21 08:02:02,22.31
4,1,22,2026-06-21 08:12:02,22.35
4,1,22,2026-06-21 08:22:02,22.35
4,1,22,2026-06-21 08:32:02,22.31
4,1,22,2026-06-21 08:42:02,22.31
4,1,22,2026-06-21 08:52:02,22.35
4,1,22,2026-06-21 09:02:02,22.35
4,1,22,2026-06-21 09:12:02,22.35
4,1,22,2026-06-21 09:22:02,22.35
4,1,22,2026-06-21 09:32:02,22.39
4,1,22,2026-06-21 09:42:02,22.35
4,1,22,2026-06-21 09:52:02,22.35
4,1,22,2026-06-21 10:02:02,22.35
4,1,22,2026-06-21 10:12:02,22.35
4,1,22,2026-06-21 10:22:02,22.35
4,1,22,2026-06-21 10:32:02,22.35
4,1,22,2026-06-21 10:42:02,22.39
4,1,22,2026-06-21 10:52:02,22.35
4,1,22,2026-06-21 11:02:02,22.35
4,1,22,2026-06-21 11:12:02,22.39
4,1,22,2026-06-21 11:22:02,22.39
4,1,22,2026-06-21 11:32:02,22.39
4,1,22,2026-06-21 11:42:02,22.31
4,1,22,2026-06-21 11:52:02,22.35
4,1,22,2026-06-21 12:02:02,22.35
4,1,22,2026-06-21 12:12:02,22.31
4,1,22,2026-06-21 12:22:02,22.35
4,1,22,2026-06-21 12:32:02,22.39
4,1,22,2026-06-21 12:42:02,22.35
4,1,22,2026-06-21 12:52:02,22.35
4,1,22,2026-06-21 13:02:02,22.31
4,1,22,2026-06-21 13:12:02,22.39
4,1,22,2026-06-21 13:22:02,22.31
4,1,22,2026-06-21 13:32:02,22.39
4,1,22,2026-06-21 13:42:02,22.31
4,1,22,2026-06-21 13:52:02,22.31
4,1,22,2026-06-21 14:02:02,22.31
4,1,22,2026-06-21 14:12:02,22.39
4,1,22,2026-06-21 14:22:02,22.39
4,1,22,2026-06-21 14:32:02,22.35
4,1,22,2026-06-21 14:42:02,22.39
4,1,22,2026-06-21 14:52:02,22.35
4,1,22,2026-06-21 15:02:02,22.35
4,1,22,2026-06-21 15:12:02,22.31
4,1,22,2026-06-21 15:22:02,22.35
4,1,22,2026-06-21 15:32:02,22.39
4,1,22,2026-06-21 15:42:02,22.31
4,1,22,2026-06-21 15:52:02,22.31
4,1,22,2026-06-21 16:02:02,22.39
4,1,22,2026-06-21 16:12:02,22.35
4,1,22,2026-06-21 16:22:02,22.35
4,1,22,2026-06-21 16:32:02,22.35
4,1,22,2026-06-21 16:42:02,22.31
4,1,22,2026-06-21 16:52:02,22.31
4,1,22,2026-06-21 17:02:02,22.31
4,1,22,2026-06-21 17:12:02,22.31
4,1,22,2026-06-21 17:22:02,22.35
4,1,22,2026-06-21 17:32:02,22.35
4,1,22,2026-06-21 17:42:02,22.35
4,1,22,2026-06-21 17:52:02,22.35
4,1,22,2026-06-21 18:02:02,22.35
4,1,22,2026-06-21 18:12:02,22.35
4,1,22,2026-06-21 18:22:02,22.39
4,1,22,2026-06-21 18:32:02,22.35
4,1,22,2026-06-21 18:42:02,22.35
4,1,22,2026-06-21 18:52:02,22.35
4,1,22,2026-06-21 19:02:02,22.35
4,1,22,2026-06-21 19:12:02,22.35
4,1,22,2026-06-21 19:22:02,22.35
4,1,22,2026-06-21 19:32:02,22.39
4,1,22,2026-06-21 19:42:02,22.35
4,1,22,2026-06-21 19:52:02,22.35
4,1,22,2026-06-21 20:02:02,22.35
4,1,22,2026-06-21 20:12:02,22.35
4,1,22,2026-06-21 20:22:02,22.35
4,1,22,2026-06-21 20:32:02,22.31
4,1,22,2026-06-21 20:42:02,22.31
4,1,22,2026-06-21 20:52:02,22.31
4,1,22,2026-06-21 21:02:02,22.31
4,1,22,2026-06-21 21:12:02,22.35
4,1,22,2026-06-21 21:22:02,22.31
4,1,22,2026-06-21 21:32:02,22.35
4,1,22,2026-06-21 21:42:02,22.31
4,1,22,2026-06-21 21:52:02,22.35
4,1,22,2026-06-21 22:02:02,22.35
4,1,22,2026-06-21 22:12:02,22.35
4,1,22,2026-06-21 22:22:02,22.31
4,1,22,2026-06-21 22:32:02,22.31
4,1,22,2026-06-21 22:42:02,22.31
4,1,22,2026-06-21 22:52:02,22.31
4,1,22,2026-06-21 23:02:02,22.35
4,1,22,2026-06-21 23:12:02,22.35
4,1,22,2026-06-21 23:22:02,22.31
4,1,22,2026-06-21 23:32:02,22.39
4,1,22,2026-06-21 23:42:02,22.35
4,1,22,2026-06-21 23:52:02,22.31
4,1,22,2026-06-22 00:02:02,22.31
4,1,22,2026-06-22 00:12:02,22.31
4,1,22,2026-06-22 00:22:02,22.35
4,1,22,2026-06-22 00:32:02,22.35
4,1,22,2026-06-22 00:42:02,22.35
4,1,22,2026-06-22 00:52:02,22.31
4,1,22,2026-06-22 01:02:02,22.35
4,1,22,2026-06-22 01:12:02,22.31
4,1,22,2026-06-22 01:22:02,22.35
4,1,22,2026-06-22 01:32:02,22.31
4,1,22,2026-06-22 01:42:02,22.35
4,1,22,2026-06-22 01:52:02,22.31
4,1,22,2026-06-22 02:02:02,22.31
4,1,22,2026-06-22 02:12:02,22.26
4,1,22,2026-06-22 02:22:02,22.31
4,1,22,2026-06-22 02:32:02,22.35
4,1,22,2026-06-22 02:42:02,22.35
4,1,22,2026-06-22 02:52:02,22.35
4,1,22,2026-06-22 03:02:02,22.35
4,1,22,2026-06-22 03:12:02,22.31
4,1,22,2026-06-22 03:22:02,22.31
4,1,22,2026-06-22 03:32:02,22.31
4,1,22,2026-06-22 03:42:02,22.31
4,1,22,2026-06-22 03:52:02,22.31
4,1,22,2026-06-22 04:02:02,22.35
4,1,22,2026-06-22 04:12:02,22.31
4,1,22,2026-06-22 04:22:02,22.31
4,1,22,2026-06-22 04:32:02,22.31
4,1,22,2026-06-22 04:42:02,22.35
4,1,22,2026-06-22 04:52:02,22.31
4,1,22,2026-06-22 05:02:02,22.35
4,1,22,2026-06-22 05:12:02,22.31
4,1,22,2026-06-22 05:22:02,22.31
4,1,22,2026-06-22 05:32:02,22.31
4,1,22,2026-06-22 05:42:02,22.31
4,1,22,2026-06-22 05:52:02,22.35
4,1,22,2026-06-22 06:02:02,22.31
4,1,22,2026-06-22 06:12:02,22.35
4,1,22,2026-06-22 06:22:02,22.31
4,1,22,2026-06-22 06:32:02,22.31
4,1,22,2026-06-22 06:42:02,22.31
4,1,22,2026-06-22 06:52:02,22.35
4,1,22,2026-06-22 07:02:02,22.35
4,1,22,2026-06-22 07:12:02,22.31
4,1,22,2026-06-22 07:22:02,22.35
4,1,22,2026-06-22 07:32:02,22.35
4,1,22,2026-06-22 07:42:02,22.31
4,1,22,2026-06-22 07:52:02,22.31
4,1,22,2026-06-22 08:02:02,22.31
4,1,22,2026-06-22 08:12:02,22.35
4,1,22,2026-06-22 08:22:02,22.31
4,1,22,2026-06-22 08:32:02,22.35
4,1,22,2026-06-22 08:42:02,22.39
4,1,22,2026-06-22 08:52:02,22.35
4,1,22,2026-06-22 09:02:02,22.35
4,1,22,2026-06-22 09:12:02,22.35
4,1,22,2026-06-22 09:22:02,22.39
4,1,22,2026-06-22 09:32:02,22.31
4,1,22,2026-06-22 09:42:02,22.35
4,1,22,2026-06-22 09:52:02,22.31
4,1,22,2026-06-22 10:02:02,22.39
4,1,22,2026-06-22 10:12:02,22.39
4,1,22,2026-06-22 10:22:02,22.39
4,1,22,2026-06-22 10:32:02,22.35
4,1,22,2026-06-22 10:42:02,22.39
4,1,22,2026-06-22 10:52:02,22.35
4,1,22,2026-06-22 11:02:02,22.39
4,1,22,2026-06-22 11:12:02,22.35
4,1,22,2026-06-22 11:22:02,22.35
4,1,22,2026-06-22 11:32:02,22.35
4,1,22,2026-06-22 11:42:02,22.35
4,1,22,2026-06-22 11:52:02,22.31
4,1,22,2026-06-22 12:02:02,22.35
4,1,22,2026-06-22 12:12:02,22.31
4,1,22,2026-06-22 12:22:02,22.39
4,1,22,2026-06-22 12:32:02,22.35
4,1,22,2026-06-22 12:42:02,22.31
4,1,22,2026-06-22 12:52:02,22.39
4,1,22,2026-06-22 13:02:02,22.31
4,1,22,2026-06-22 13:12:02,22.35
4,1,22,2026-06-22 13:22:02,22.35
4,1,22,2026-06-22 13:32:02,22.35
4,1,22,2026-06-22 13:42:02,22.35
4,1,22,2026-06-22 13:52:02,22.35
4,1,22,2026-06-22 14:02:02,22.35
4,1,22,2026-06-22 14:12:02,22.39
4,1,22,2026-06-22 14:22:02,22.35
4,1,22,2026-06-22 14:32:02,22.31
4,1,22,2026-06-22 14:42:02,22.35
4,1,22,2026-06-22 14:52:02,22.39
4,1,22,2026-06-22 15:02:02,22.39
4,1,22,2026-06-22 15:12:02,22.31
4,1,22,2026-06-22 15:22:02,22.35
4,1,22,2026-06-22 15:32:02,22.35
4,1,22,2026-06-22 15:42:02,22.35
4,1,22,2026-06-22 15:52:02,22.31
4,1,22,2026-06-22 16:02:02,22.35
4,1,22,2026-06-22 16:12:02,22.35
4,1,22,2026-06-22 16:22:02,22.39
4,1,22,2026-06-22 16:32:02,22.39
4,1,22,2026-06-22 16:42:02,22.39
4,1,22,2026-06-22 16:52:02,22.31
4,1,22,2026-06-22 17:02:02,22.39
4,1,22,2026-06-22 17:12:02,22.39
4,1,22,2026-06-22 17:22:02,22.39
4,1,22,2026-06-22 17:32:02,22.39
4,1,22,2026-06-22 17:42:02,22.39
4,1,22,2026-06-22 17:52:02,22.35
4,1,22,2026-06-22 18:02:02,22.35
4,1,22,2026-06-22 18:12:02,22.31
4,1,22,2026-06-22 18:22:02,22.31
4,1,22,2026-06-22 18:32:02,22.35
4,1,22,2026-06-22 18:42:02,22.39
4,1,22,2026-06-22 18:52:02,22.35
4,1,22,2026-06-22 19:02:02,22.35
4,1,22,2026-06-22 19:12:02,22.39
4,1,22,2026-06-22 19:22:02,22.35
4,1,22,2026-06-22 19:32:02,22.35
4,1,22,2026-06-22 19:42:02,22.31
4,1,22,2026-06-22 19:52:02,22.31
4,1,22,2026-06-22 20:02:02,22.35
4,1,22,2026-06-22 20:12:02,22.31
4,1,22,2026-06-22 20:22:02,22.35
4,1,22,2026-06-22 20:32:02,22.35
4,1,22,2026-06-22 20:42:02,22.35
4,1,22,2026-06-22 20:52:02,22.35
4,1,22,2026-06-22 21:02:02,22.35
4,1,22,2026-06-22 21:12:02,22.39
4,1,22,2026-06-22 21:22:02,22.35
4,1,22,2026-06-22 21:32:02,22.35
4,1,22,2026-06-22 21:42:02,22.31
4,1,22,2026-06-22 21:52:02,22.31
4,1,22,2026-06-22 22:02:02,22.35
4,1,22,2026-06-22 22:12:02,22.31
4,1,22,2026-06-22 22:22:02,22.31
4,1,22,2026-06-22 22:32:02,22.35
4,1,22,2026-06-22 22:42:02,22.35
4,1,22,2026-06-22 22:52:02,22.35
4,1,22,2026-06-22 23:02:02,22.35
4,1,22,2026-06-22 23:12:02,22.35
4,1,22,2026-06-22 23:22:02,22.35
4,1,22,2026-06-22 23:32:02,22.31
4,1,22,2026-06-22 23:42:02,22.35
4,1,22,2026-06-22 23:52:02,22.35
4,1,22,2026-06-23 00:02:02,22.31
4,1,22,2026-06-23 00:12:02,22.35
4,1,22,2026-06-23 00:22:02,22.31
4,1,22,2026-06-23 00:32:02,22.26
4,1,22,2026-06-23 00:42:02,22.31
4,1,22,2026-06-23 00:52:02,22.31
4,1,22,2026-06-23 01:02:02,22.31
4,1,22,2026-06-23 01:12:02,22.35
4,1,22,2026-06-23 01:22:02,22.31
4,1,22,2026-06-23 01:32:02,22.35
4,1,22,2026-06-23 01:42:02,22.31
4,1,22,2026-06-23 01:52:02,22.35
4,1,22,2026-06-23 02:02:02,22.35
4,1,22,2026-06-23 02:12:02,22.31
4,1,22,2026-06-23 02:22:02,22.39
4,1,22,2026-06-23 02:32:02,22.31
4,1,22,2026-06-23 02:42:02,22.35
4,1,22,2026-06-23 02:52:02,22.31
4,1,22,2026-06-23 03:02:02,22.35
4,1,22,2026-06-23 03:12:02,22.31
4,1,22,2026-06-23 03:22:02,22.35
4,1,22,2026-06-23 03:32:02,22.35
4,1,22,2026-06-23 03:42:02,22.35
4,1,22,2026-06-23 03:52:02,22.35
4,1,22,2026-06-23 04:02:02,22.31
4,1,22,2026-06-23 04:12:02,22.31
4,1,22,2026-06-23 04:22:02,22.31
4,1,22,2026-06-23 04:32:02,22.35
4,1,22,2026-06-23 04:42:02,22.26
4,1,22,2026-06-23 04:52:02,22.31
4,1,22,2026-06-23 05:02:02,22.31
4,1,22,2026-06-23 05:12:02,22.35
4,1,22,2026-06-23 05:22:02,22.31
4,1,22,2026-06-23 05:32:02,22.31
4,1,22,2026-06-23 05:42:02,22.31
4,1,22,2026-06-23 05:52:02,22.31
4,1,22,2026-06-23 06:02:02,22.39
4,1,22,2026-06-23 06:12:02,22.31
4,1,22,2026-06-23 06:22:02,22.31
4,1,22,2026-06-23 06:32:02,22.35
4,1,22,2026-06-23 06:42:02,22.31
4,1,22,2026-06-23 06:52:02,22.35
4,1,22,2026-06-23 07:02:02,22.31
4,1,22,2026-06-23 07:12:02,22.35
4,1,22,2026-06-23 07:22:02,22.31
4,1,22,2026-06-23 07:32:02,22.26
4,1,22,2026-06-23 07:42:02,22.31
4,1,22,2026-06-23 07:52:02,22.31
4,1,22,2026-06-23 08:02:02,22.35
4,1,22,2026-06-23 08:12:02,22.35
4,1,22,2026-06-23 08:22:02,22.39
4,1,22,2026-06-23 08:32:02,22.39
4,1,22,2026-06-23 08:42:02,22.35
4,1,22,2026-06-23 08:52:02,22.31
4,1,22,2026-06-23 09:02:02,22.35
4,1,22,2026-06-23 09:12:02,22.35
4,1,22,2026-06-23 09:22:02,22.31
4,1,22,2026-06-23 09:32:02,22.35
4,1,22,2026-06-23 09:42:02,22.31
4,1,22,2026-06-23 09:52:02,22.35
4,1,22,2026-06-23 10:02:02,22.35
4,1,22,2026-06-23 10:12:02,22.35
4,1,22,2026-06-23 10:22:02,22.35
4,1,22,2026-06-23 10:32:02,22.31
4,1,22,2026-06-23 10:42:02,22.35
4,1,22,2026-06-23 10:52:02,22.39
4,1,22,2026-06-23 11:02:02,22.31
4,1,22,2026-06-23 11:12:02,22.35
4,1,22,2026-06-23 11:22:02,22.31
4,1,22,2026-06-23 11:32:02,22.31
4,1,22,2026-06-23 11:42:02,22.26
4,1,22,2026-06-23 11:52:02,22.18
4,1,22,2026-06-23 12:02:02,22.18
4,1,22,2026-06-23 12:12:02,22.22
4,1,22,2026-06-23 12:22:02,22.22
4,1,22,2026-06-23 12:32:02,22.26
4,1,22,2026-06-23 12:42:02,22.26
4,1,22,2026-06-23 12:52:02,22.26
4,1,22,2026-06-23 13:02:02,22.26
4,1,22,2026-06-23 13:12:02,22.26
4,1,22,2026-06-23 13:22:02,22.31
4,1,22,2026-06-23 13:32:02,22.31
4,1,22,2026-06-23 13:42:02,22.26
4,1,22,2026-06-23 13:52:02,22.31
4,1,22,2026-06-23 14:02:02,22.31
4,1,22,2026-06-23 14:12:02,22.31
4,1,22,2026-06-23 14:22:02,22.31
4,1,22,2026-06-23 14:32:02,22.35
4,1,22,2026-06-23 14:42:02,22.31
4,1,22,2026-06-23 14:52:02,22.31
4,1,22,2026-06-23 15:02:02,22.26
4,1,22,2026-06-23 15:12:02,22.31
4,1,22,2026-06-23 15:22:02,22.31
4,1,22,2026-06-23 15:32:02,22.35
4,1,22,2026-06-23 15:42:02,22.35
4,1,22,2026-06-23 15:52:02,22.35
4,1,22,2026-06-23 16:02:02,22.35
4,1,22,2026-06-23 16:12:02,22.35
4,1,22,2026-06-23 16:22:02,22.31
4,1,22,2026-06-23 16:32:02,22.26
4,1,22,2026-06-23 16:42:02,22.31
4,1,22,2026-06-23 16:52:02,22.35
4,1,22,2026-06-23 17:02:02,22.31
4,1,22,2026-06-23 17:12:02,22.35
4,1,22,2026-06-23 17:22:02,22.35
4,1,22,2026-06-23 17:32:02,22.31
4,1,22,2026-06-23 17:42:02,22.31
4,1,22,2026-06-23 17:52:02,22.35
4,1,22,2026-06-23 18:02:02,22.31
4,1,22,2026-06-23 18:12:02,22.31
4,1,22,2026-06-23 18:22:02,22.31
4,1,22,2026-06-23 18:32:02,22.26
4,1,22,2026-06-23 18:42:02,22.35
4,1,22,2026-06-23 18:52:02,22.35
4,1,22,2026-06-23 19:02:02,22.31
4,1,22,2026-06-23 19:12:02,22.35
4,1,22,2026-06-23 19:22:02,22.35
4,1,22,2026-06-23 19:32:02,22.35
4,1,22,2026-06-23 19:42:02,22.35
4,1,22,2026-06-23 19:52:02,22.35
4,1,22,2026-06-23 20:02:02,22.35
4,1,22,2026-06-23 20:12:02,22.35
4,1,22,2026-06-23 20:22:02,22.26
4,1,22,2026-06-23 20:32:02,22.31
4,1,22,2026-06-23 20:42:02,22.31
4,1,22,2026-06-23 20:52:02,22.26
4,1,22,2026-06-23 21:02:02,22.31
4,1,22,2026-06-23 21:12:02,22.31
4,1,22,2026-06-23 21:22:02,22.31
4,1,22,2026-06-23 21:32:02,22.31
4,1,22,2026-06-23 21:42:02,22.35
4,1,22,2026-06-23 21:52:02,22.31
4,1,22,2026-06-23 22:02:02,22.31
4,1,22,2026-06-23 22:12:02,22.31
4,1,22,2026-06-23 22:22:02,22.31
4,1,22,2026-06-23 22:32:02,22.39
4,1,22,2026-06-23 22:42:02,22.26
4,1,22,2026-06-23 22:52:02,22.31
4,1,22,2026-06-23 23:02:02,22.35
4,1,22,2026-06-23 23:12:02,22.31
4,1,22,2026-06-23 23:22:02,22.31
4,1,22,2026-06-23 23:32:02,22.31
4,1,22,2026-06-23 23:42:02,22.26
4,1,22,2026-06-23 23:52:02,22.26
4,1,22,2026-06-24 00:02:02,22.26
4,1,22,2026-06-24 00:12:02,22.31
4,1,22,2026-06-24 00:22:02,22.31
4,1,22,2026-06-24 00:32:02,22.31
4,1,22,2026-06-24 00:42:02,22.26
4,1,22,2026-06-24 00:52:02,22.31
4,1,22,2026-06-24 01:02:02,22.31
4,1,22,2026-06-24 01:12:02,22.31
4,1,22,2026-06-24 01:22:02,22.31
4,1,22,2026-06-24 01:32:02,22.31
4,1,22,2026-06-24 01:42:02,22.26
4,1,22,2026-06-24 01:52:02,22.31
4,1,22,2026-06-24 02:02:02,22.31
4,1,22,2026-06-24 02:12:02,22.26
4,1,22,2026-06-24 02:22:02,22.26
4,1,22,2026-06-24 02:32:02,22.26
4,1,22,2026-06-24 02:42:02,22.31
4,1,22,2026-06-24 02:52:02,22.22
4,1,22,2026-06-24 03:02:02,22.31
4,1,22,2026-06-24 03:12:02,22.31
4,1,22,2026-06-24 03:22:02,22.26
4,1,22,2026-06-24 03:32:02,22.31
4,1,22,2026-06-24 03:42:02,22.26
4,1,22,2026-06-24 03:52:02,22.26
4,1,22,2026-06-24 04:02:02,22.26
4,1,22,2026-06-24 04:12:02,22.35
4,1,22,2026-06-24 04:22:02,22.31
4,1,22,2026-06-24 04:32:02,22.31
4,1,22,2026-06-24 04:42:02,22.35
4,1,22,2026-06-24 04:52:02,22.26
4,1,22,2026-06-24 05:02:02,22.26
4,1,22,2026-06-24 05:12:02,22.35
4,1,22,2026-06-24 05:22:02,22.31
4,1,22,2026-06-24 05:32:02,22.31
4,1,22,2026-06-24 05:42:02,22.31
4,1,22,2026-06-24 05:52:02,22.31
4,1,22,2026-06-24 06:02:02,22.31
4,1,22,2026-06-24 06:12:02,22.31
4,1,22,2026-06-24 06:22:02,22.31
4,1,22,2026-06-24 06:32:02,22.31
4,1,22,2026-06-24 06:42:02,22.31
4,1,22,2026-06-24 06:52:02,22.26
4,1,22,2026-06-24 07:02:02,22.31
4,1,22,2026-06-24 07:12:02,22.31
4,1,22,2026-06-24 07:22:02,22.31
4,1,22,2026-06-24 07:32:02,22.31
4,1,22,2026-06-24 07:42:02,22.26
4,1,22,2026-06-24 07:52:02,22.31
4,1,22,2026-06-24 08:02:02,22.31
4,1,22,2026-06-24 08:12:02,22.31
4,1,22,2026-06-24 08:22:02,22.31
4,1,22,2026-06-24 08:32:02,22.35
4,1,22,2026-06-24 08:42:02,22.35
4,1,22,2026-06-24 08:52:02,22.39
4,1,22,2026-06-24 09:02:02,22.31
4,1,22,2026-06-24 09:12:02,22.35
4,1,22,2026-06-24 09:22:02,22.31
4,1,22,2026-06-24 09:32:02,22.35
4,1,22,2026-06-24 09:42:02,22.31
4,1,22,2026-06-24 09:52:02,22.35
4,1,22,2026-06-24 10:02:02,22.31
4,1,22,2026-06-24 10:12:02,22.31
4,1,22,2026-06-24 10:22:02,22.31
4,1,22,2026-06-24 10:32:02,22.31
4,1,22,2026-06-24 10:42:02,22.26
4,1,22,2026-06-24 10:52:02,22.31
4,1,22,2026-06-24 11:02:02,22.31
4,1,22,2026-06-24 11:12:02,22.35
4,1,22,2026-06-24 11:22:02,22.31
4,1,22,2026-06-24 11:32:02,22.31
4,1,22,2026-06-24 11:42:02,22.31
4,1,22,2026-06-24 11:52:02,22.31
4,1,22,2026-06-24 12:02:02,22.31
4,1,22,2026-06-24 12:12:02,22.31
4,1,22,2026-06-24 12:22:02,22.35
4,1,22,2026-06-24 12:32:02,22.35
4,1,22,2026-06-24 12:42:02,22.31
4,1,22,2026-06-24 12:52:02,22.31
4,1,22,2026-06-24 13:02:02,22.35
4,1,22,2026-06-24 13:12:02,22.31
4,1,22,2026-06-24 13:22:02,22.31
4,1,22,2026-06-24 13:32:02,22.31
4,1,22,2026-06-24 13:42:02,22.35
4,1,22,2026-06-24 13:52:02,22.31
4,1,22,2026-06-24 14:02:02,22.39
4,1,22,2026-06-24 14:12:02,22.35
4,1,22,2026-06-24 14:22:02,22.31
4,1,22,2026-06-24 14:32:02,22.31
4,1,22,2026-06-24 14:42:02,22.35
4,1,22,2026-06-24 14:52:02,22.31
4,1,22,2026-06-24 15:02:02,22.35
4,1,22,2026-06-24 15:12:02,22.31
4,1,22,2026-06-24 15:22:02,22.31
4,1,22,2026-06-24 15:32:02,22.31
4,1,22,2026-06-24 15:42:02,22.31
4,1,22,2026-06-24 15:52:02,22.31
4,1,22,2026-06-24 16:02:02,22.31
4,1,22,2026-06-24 16:12:02,22.31
4,1,22,2026-06-24 16:22:02,22.31
4,1,22,2026-06-24 16:32:02,22.31
4,1,22,2026-06-24 16:42:02,22.35
4,1,22,2026-06-24 16:52:02,22.35
4,1,22,2026-06-24 17:02:02,22.31
4,1,22,2026-06-24 17:12:02,22.31
4,1,22,2026-06-24 17:22:02,22.31
4,1,22,2026-06-24 17:32:02,22.35
4,1,22,2026-06-24 17:42:02,22.31
4,1,22,2026-06-24 17:52:02,22.26
4,1,22,2026-06-24 18:02:02,22.31
4,1,22,2026-06-24 18:12:02,22.26
4,1,22,2026-06-24 18:22:02,22.31
4,1,22,2026-06-24 18:32:02,22.31
4,1,22,2026-06-24 18:42:02,22.35
4,1,22,2026-06-24 18:52:02,22.31
4,1,22,2026-06-24 19:02:02,22.31
4,1,22,2026-06-24 19:12:02,22.31
4,1,22,2026-06-24 19:22:02,22.31
4,1,22,2026-06-24 19:32:02,22.31
4,1,22,2026-06-24 19:42:02,22.31
4,1,22,2026-06-24 19:52:02,22.35
4,1,22,2026-06-24 20:02:02,22.31
4,1,22,2026-06-24 20:12:02,22.31
4,1,22,2026-06-24 20:22:02,22.31
4,1,22,2026-06-24 20:32:02,22.35
4,1,22,2026-06-24 20:42:02,22.31
4,1,22,2026-06-24 20:52:02,22.35
4,1,22,2026-06-24 21:02:02,22.31
4,1,22,2026-06-24 21:12:02,22.31
4,1,22,2026-06-24 21:22:02,22.31
4,1,22,2026-06-24 21:32:02,22.26
4,1,22,2026-06-24 21:42:02,22.31
4,1,22,2026-06-24 21:52:02,22.35
4,1,22,2026-06-24 22:02:02,22.26
4,1,22,2026-06-24 22:12:02,22.26
4,1,22,2026-06-24 22:22:02,22.31
4,1,22,2026-06-24 22:32:02,22.31
4,1,22,2026-06-24 22:42:02,22.31
4,1,22,2026-06-24 22:52:02,22.26
4,1,22,2026-06-24 23:02:02,22.31
4,1,22,2026-06-24 23:12:02,22.26
4,1,22,2026-06-24 23:22:02,22.31
4,1,22,2026-06-24 23:32:02,22.31
4,1,22,2026-06-24 23:42:02,22.31
4,1,22,2026-06-24 23:52:02,22.31
4,1,22,2026-06-25 00:02:02,22.31
4,1,22,2026-06-25 00:12:02,22.31
4,1,22,2026-06-25 00:22:02,22.35
4,1,22,2026-06-25 00:32:02,22.31
4,1,22,2026-06-25 00:42:02,22.31
4,1,22,2026-06-25 00:52:02,22.31
4,1,22,2026-06-25 01:02:02,22.26
4,1,22,2026-06-25 01:12:02,22.26
4,1,22,2026-06-25 01:22:02,22.31
4,1,22,2026-06-25 01:32:02,22.31
4,1,22,2026-06-25 01:42:02,22.31
4,1,22,2026-06-25 01:52:02,22.26
4,1,22,2026-06-25 02:02:02,22.31
4,1,22,2026-06-25 02:12:02,22.31
4,1,22,2026-06-25 02:22:02,22.31
4,1,22,2026-06-25 02:32:02,22.31
4,1,22,2026-06-25 02:42:02,22.26
4,1,22,2026-06-25 02:52:02,22.35
4,1,22,2026-06-25 03:02:02,22.35
4,1,22,2026-06-25 03:12:02,22.31
4,1,22,2026-06-25 03:22:02,22.31
4,1,22,2026-06-25 03:32:02,22.31
4,1,22,2026-06-25 03:42:02,22.31
4,1,22,2026-06-25 03:52:02,22.31
4,1,22,2026-06-25 04:02:02,22.26
4,1,22,2026-06-25 04:12:02,22.31
4,1,22,2026-06-25 04:22:02,22.26
4,1,22,2026-06-25 04:32:02,22.31
4,1,22,2026-06-25 04:42:02,22.31
4,1,22,2026-06-25 04:52:02,22.26
4,1,22,2026-06-25 05:02:02,22.31
4,1,22,2026-06-25 05:12:02,22.31
4,1,22,2026-06-25 05:22:02,22.31
4,1,22,2026-06-25 05:32:02,22.31
4,1,22,2026-06-25 05:42:02,22.31
4,1,22,2026-06-25 05:52:02,22.31
4,1,22,2026-06-25 06:02:02,22.31
4,1,22,2026-06-25 06:12:02,22.35
4,1,22,2026-06-25 06:22:02,22.31
4,1,22,2026-06-25 06:32:02,22.35
4,1,22,2026-06-25 06:42:02,22.31
4,1,22,2026-06-25 06:52:02,22.31
4,1,22,2026-06-25 07:02:02,22.31
4,1,22,2026-06-25 07:12:02,22.31
4,1,22,2026-06-25 07:22:02,22.26
4,1,22,2026-06-25 07:32:02,22.26
4,1,22,2026-06-25 07:42:02,22.26
4,1,22,2026-06-25 07:52:02,22.26
4,1,22,2026-06-25 08:02:02,22.26
4,1,22,2026-06-25 08:12:02,22.31
4,1,22,2026-06-25 08:22:02,22.31
4,1,22,2026-06-25 08:32:02,22.35
4,1,22,2026-06-25 08:42:02,22.31
4,1,22,2026-06-25 08:52:02,22.31
4,1,22,2026-06-25 09:02:02,22.35
4,1,22,2026-06-25 09:12:02,22.35
4,1,22,2026-06-25 09:22:02,22.35
4,1,22,2026-06-25 09:32:02,22.31
4,1,22,2026-06-25 09:42:02,22.31
4,1,22,2026-06-25 09:52:02,22.31
4,1,22,2026-06-25 10:02:02,22.31
4,1,22,2026-06-25 10:12:02,22.31
4,1,22,2026-06-25 10:22:02,22.31
4,1,22,2026-06-25 10:32:02,22.31
4,1,22,2026-06-25 10:42:02,22.31
4,1,22,2026-06-25 10:52:02,22.31
4,1,22,2026-06-25 11:02:02,22.31
4,1,22,2026-06-25 11:12:02,22.35
4,1,22,2026-06-25 11:22:02,22.31
4,1,22,2026-06-25 11:32:02,22.31
4,1,22,2026-06-25 11:42:02,22.31
4,1,22,2026-06-25 11:52:02,22.35
4,1,22,2026-06-25 12:02:02,22.31
4,1,22,2026-06-25 12:12:02,22.31
4,1,22,2026-06-25 12:22:02,22.31
4,1,22,2026-06-25 12:32:02,22.31
4,1,22,2026-06-25 12:42:02,22.35
4,1,22,2026-06-25 12:52:02,22.31
4,1,22,2026-06-25 13:02:02,22.26
4,1,22,2026-06-25 13:12:02,22.31
4,1,22,2026-06-25 13:22:02,22.35
4,1,22,2026-06-25 13:32:02,22.35
4,1,22,2026-06-25 13:42:02,22.35
4,1,22,2026-06-25 13:52:02,22.35
4,1,22,2026-06-25 14:02:02,22.35
4,1,22,2026-06-25 14:12:02,22.35
4,1,22,2026-06-25 14:22:02,22.26
4,1,22,2026-06-25 14:32:02,22.35
4,1,22,2026-06-25 14:42:02,22.35
4,1,22,2026-06-25 14:52:02,22.31
4,1,22,2026-06-25 15:02:02,22.31
4,1,22,2026-06-25 15:12:02,22.35
4,1,22,2026-06-25 15:22:02,22.35
4,1,22,2026-06-25 15:32:02,22.26
4,1,22,2026-06-25 15:42:02,22.31
4,1,22,2026-06-25 15:52:02,22.35
4,1,22,2026-06-25 16:02:02,22.31
4,1,22,2026-06-25 16:12:02,22.35
4,1,22,2026-06-25 16:22:02,22.35
4,1,22,2026-06-25 16:32:02,22.26
4,1,22,2026-06-25 16:42:02,22.31
4,1,22,2026-06-25 16:52:02,22.31
4,1,22,2026-06-25 17:02:02,22.35
4,1,22,2026-06-25 17:12:02,22.35
4,1,22,2026-06-25 17:22:02,22.31
4,1,22,2026-06-25 17:32:02,22.31
4,1,22,2026-06-25 17:42:02,22.31
4,1,22,2026-06-25 17:52:02,22.31
4,1,22,2026-06-25 18:02:02,22.31
4,1,22,2026-06-25 18:12:02,22.31
4,1,22,2026-06-25 18:22:02,22.31
4,1,22,2026-06-25 18:32:02,22.31
4,1,22,2026-06-25 18:42:02,22.26
4,1,22,2026-06-25 18:52:02,22.35
4,1,22,2026-06-25 19:02:02,22.35
4,1,22,2026-06-25 19:12:02,22.35
4,1,22,2026-06-25 19:22:02,22.35
4,1,22,2026-06-25 19:32:02,22.35
4,1,22,2026-06-25 19:42:02,22.35
4,1,22,2026-06-25 19:52:02,22.35
4,1,22,2026-06-25 20:02:02,22.35
4,1,22,2026-06-25 20:12:02,22.31
4,1,22,2026-06-25 20:22:02,22.31
4,1,22,2026-06-25 20:32:02,22.26
4,1,22,2026-06-25 20:42:02,22.35
4,1,22,2026-06-25 20:52:02,22.31
4,1,22,2026-06-25 21:02:02,22.31
4,1,22,2026-06-25 21:12:02,22.31
4,1,22,2026-06-25 21:22:02,22.31
4,1,22,2026-06-25 21:32:02,22.31
4,1,22,2026-06-25 21:42:02,22.35
4,1,22,2026-06-25 21:52:02,22.31
4,1,22,2026-06-25 22:02:02,22.26
4,1,22,2026-06-25 22:12:02,22.26
4,1,22,2026-06-25 22:22:02,22.26
4,1,22,2026-06-25 22:32:02,22.31
4,1,22,2026-06-25 22:42:02,22.31
4,1,22,2026-06-25 22:52:02,22.31
4,1,22,2026-06-25 23:02:02,22.31
4,1,22,2026-06-25 23:12:02,22.31
4,1,22,2026-06-25 23:22:02,22.26
4,1,22,2026-06-25 23:32:02,22.31
4,1,22,2026-06-25 23:42:02,22.31
4,1,22,2026-06-25 23:52:02,22.31
4,1,22,2026-06-26 00:02:02,22.31
4,1,22,2026-06-26 00:12:02,22.31
4,1,22,2026-06-26 00:22:02,22.35
4,1,22,2026-06-26 00:32:02,22.26
4,1,22,2026-06-26 00:42:02,22.35
4,1,22,2026-06-26 00:52:02,22.31
4,1,22,2026-06-26 01:02:02,22.31
4,1,22,2026-06-26 01:12:02,22.31
4,1,22,2026-06-26 01:22:02,22.31
4,1,22,2026-06-26 01:32:02,22.31
4,1,22,2026-06-26 01:42:02,22.31
4,1,22,2026-06-26 01:52:02,22.26
4,1,22,2026-06-26 02:02:02,22.26
4,1,22,2026-06-26 02:12:02,22.31
4,1,22,2026-06-26 02:22:02,22.35
4,1,22,2026-06-26 02:32:02,22.31
4,1,22,2026-06-26 02:42:02,22.26
4,1,22,2026-06-26 02:52:02,22.31
4,1,22,2026-06-26 03:02:02,22.31
4,1,22,2026-06-26 03:12:02,22.31
4,1,22,2026-06-26 03:22:02,22.26
4,1,22,2026-06-26 03:32:02,22.26
4,1,22,2026-06-26 03:42:02,22.31
4,1,22,2026-06-26 03:52:02,22.31
4,1,22,2026-06-26 04:02:02,22.26
4,1,22,2026-06-26 04:12:02,22.26
4,1,22,2026-06-26 04:22:02,22.31
4,1,22,2026-06-26 04:32:02,22.26
4,1,22,2026-06-26 04:42:02,22.31
4,1,22,2026-06-26 04:52:02,22.31
4,1,22,2026-06-26 05:02:02,22.26
4,1,22,2026-06-26 05:12:02,22.31
4,1,22,2026-06-26 05:22:02,22.26
4,1,22,2026-06-26 05:32:02,22.31
4,1,22,2026-06-26 05:42:02,22.31
4,1,22,2026-06-26 05:52:02,22.35
4,1,22,2026-06-26 06:02:02,22.35
4,1,22,2026-06-26 06:12:02,22.31
4,1,22,2026-06-26 06:22:02,22.31
4,1,22,2026-06-26 06:32:02,22.31
4,1,22,2026-06-26 06:42:02,22.31
4,1,22,2026-06-26 06:52:02,22.31
4,1,22,2026-06-26 07:02:02,22.26
4,1,22,2026-06-26 07:12:02,22.31
4,1,22,2026-06-26 07:22:02,22.26
4,1,22,2026-06-26 07:32:02,22.31
4,1,22,2026-06-26 07:42:02,22.31
4,1,22,2026-06-26 07:52:02,22.26
4,1,22,2026-06-26 08:02:02,22.31
4,1,22,2026-06-26 08:12:02,22.31
4,1,22,2026-06-26 08:22:02,22.31
4,1,22,2026-06-26 08:32:02,22.31
4,1,22,2026-06-26 08:42:02,22.35
4,1,22,2026-06-26 08:52:02,22.35
4,1,22,2026-06-26 09:02:02,22.31
4,1,22,2026-06-26 09:12:02,22.35
4,1,22,2026-06-26 09:22:02,22.35
4,1,22,2026-06-26 09:32:02,22.31
4,1,22,2026-06-26 09:42:02,22.31
4,1,22,2026-06-26 09:52:02,22.31
4,1,22,2026-06-26 10:02:02,22.35
4,1,22,2026-06-26 10:12:02,22.35
4,1,22,2026-06-26 10:22:02,22.35
4,1,22,2026-06-26 10:32:02,22.35
4,1,22,2026-06-26 10:42:02,22.31
4,1,22,2026-06-26 10:52:02,22.31
4,1,22,2026-06-26 11:02:02,22.31
4,1,22,2026-06-26 11:12:02,22.35
4,1,22,2026-06-26 11:22:02,22.35
4,1,22,2026-06-26 11:32:02,22.31
4,1,22,2026-06-26 11:42:02,22.26
4,1,22,2026-06-26 11:52:02,22.31
4,1,22,2026-06-26 12:02:02,22.22
4,1,22,2026-06-26 12:12:02,22.31
4,1,22,2026-06-26 12:22:02,22.26
4,1,22,2026-06-26 12:32:02,22.26
4,1,22,2026-06-26 12:42:02,22.31
4,1,22,2026-06-26 12:52:02,22.26
4,1,22,2026-06-26 13:02:02,22.31
4,1,22,2026-06-26 13:12:02,22.26
4,1,22,2026-06-26 13:22:02,22.31
4,2,16,2026-06-19 15:13:14,16.3
4,2,16,2026-06-19 15:23:14,16.3
4,2,16,2026-06-19 15:33:14,16.26
4,2,16,2026-06-19 15:43:14,16.3
4,2,16,2026-06-19 15:53:14,16.3
4,2,16,2026-06-19 16:03:14,16.26
4,2,16,2026-06-19 16:13:14,16.26
4,2,16,2026-06-19 16:23:14,16.3
4,2,16,2026-06-19 16:33:14,16.3
4,2,16,2026-06-19 16:43:14,16.3
4,2,16,2026-06-19 16:53:14,16.3
4,2,16,2026-06-19 17:03:14,16.3
4,2,16,2026-06-19 17:13:14,16.3
4,2,16,2026-06-19 17:23:14,16.21
4,2,16,2026-06-19 17:33:14,16.26
4,2,16,2026-06-19 17:43:14,16.26
4,2,16,2026-06-19 17:53:14,16.26
4,2,16,2026-06-19 18:03:14,16.26
4,2,16,2026-06-19 18:13:14,16.21
4,2,16,2026-06-19 18:23:14,16.26
4,2,16,2026-06-19 18:33:14,16.21
4,2,16,2026-06-19 18:43:14,16.21
4,2,16,2026-06-19 18:53:14,16.26
4,2,16,2026-06-19 19:03:14,16.26
4,2,16,2026-06-19 19:13:14,16.3
4,2,16,2026-06-19 19:23:14,16.21
4,2,16,2026-06-19 19:33:14,16.26
4,2,16,2026-06-19 19:43:14,16.21
4,2,16,2026-06-19 19:53:14,16.21
4,2,16,2026-06-19 20:03:14,16.26
4,2,16,2026-06-19 20:13:14,16.21
4,2,16,2026-06-19 20:23:14,16.21
4,2,16,2026-06-19 20:33:14,16.21
4,2,16,2026-06-19 20:43:14,16.21
4,2,16,2026-06-19 20:53:14,16.21
4,2,16,2026-06-19 21:03:14,16.17
4,2,16,2026-06-19 21:13:14,16.21
4,2,16,2026-06-19 21:23:14,16.17
4,2,16,2026-06-19 21:33:14,16.21
4,2,16,2026-06-19 21:43:14,16.17
4,2,16,2026-06-19 21:53:14,16.17
4,2,16,2026-06-19 22:03:14,16.17
4,2,16,2026-06-19 22:13:14,16.17
4,2,16,2026-06-19 22:23:14,16.13
4,2,16,2026-06-19 22:33:14,16.13
4,2,16,2026-06-19 22:43:14,16.13
4,2,16,2026-06-19 22:53:14,16.13
4,2,16,2026-06-19 23:03:14,16.08
4,2,16,2026-06-19 23:13:14,16.13
4,2,16,2026-06-19 23:23:14,16.13
4,2,16,2026-06-19 23:33:14,16.13
4,2,16,2026-06-19 23:43:14,16.08
4,2,16,2026-06-19 23:53:14,16.08
4,2,16,2026-06-20 00:03:14,16.08
4,2,16,2026-06-20 00:13:14,16.04
4,2,16,2026-06-20 00:23:14,16.13
4,2,16,2026-06-20 00:33:14,16.08
4,2,16,2026-06-20 00:43:14,16.04
4,2,16,2026-06-20 00:53:14,16.08
4,2,16,2026-06-20 01:03:14,16.08
4,2,16,2026-06-20 01:13:14,16.04
4,2,16,2026-06-20 01:23:14,16
4,2,16,2026-06-20 01:33:14,16.04
4,2,16,2026-06-20 01:43:14,16.04
4,2,16,2026-06-20 01:53:14,16.04
4,2,16,2026-06-20 02:03:14,16.04
4,2,16,2026-06-20 02:13:14,16.04
4,2,16,2026-06-20 02:23:14,16.04
4,2,16,2026-06-20 02:33:14,16.04
4,2,16,2026-06-20 02:43:14,16
4,2,16,2026-06-20 02:53:14,16
4,2,16,2026-06-20 03:03:14,16
4,2,16,2026-06-20 03:13:14,16
4,2,16,2026-06-20 03:23:14,16
4,2,16,2026-06-20 03:33:14,16
4,2,16,2026-06-20 03:43:14,16
4,2,16,2026-06-20 03:53:14,16
4,2,16,2026-06-20 04:03:14,16
4,2,16,2026-06-20 04:13:14,16
4,2,16,2026-06-20 04:23:14,16
4,2,16,2026-06-20 04:33:14,16.04
4,2,16,2026-06-20 04:43:14,16
4,2,16,2026-06-20 04:53:14,16
4,2,16,2026-06-20 05:03:14,16
4,2,16,2026-06-20 05:13:14,15.96
4,2,16,2026-06-20 05:23:14,15.96
4,2,16,2026-06-20 05:33:14,15.96
4,2,16,2026-06-20 05:43:14,16
4,2,16,2026-06-20 05:53:14,15.96
4,2,16,2026-06-20 06:03:14,16
4,2,16,2026-06-20 06:13:14,16
4,2,16,2026-06-20 06:23:14,15.96
4,2,16,2026-06-20 06:33:14,16
4,2,16,2026-06-20 06:43:14,15.96
4,2,16,2026-06-20 06:53:14,16
4,2,16,2026-06-20 07:03:14,16
4,2,16,2026-06-20 07:13:14,16
4,2,16,2026-06-20 07:23:14,15.96
4,2,16,2026-06-20 07:33:14,15.96
4,2,16,2026-06-20 07:43:14,15.91
4,2,16,2026-06-20 07:53:14,15.96
4,2,16,2026-06-20 08:03:14,15.96
4,2,16,2026-06-20 08:13:14,15.96
4,2,16,2026-06-20 08:23:14,16
4,2,16,2026-06-20 08:33:14,16
4,2,16,2026-06-20 08:43:14,16
4,2,16,2026-06-20 08:53:14,16.04
4,2,16,2026-06-20 09:03:14,16
4,2,16,2026-06-20 09:13:14,16
4,2,16,2026-06-20 09:23:14,16
4,2,16,2026-06-20 09:33:14,16.04
4,2,16,2026-06-20 09:43:14,16.04
4,2,16,2026-06-20 09:53:14,16.04
4,2,16,2026-06-20 10:03:14,16.04
4,2,16,2026-06-20 10:13:14,16.04
4,2,16,2026-06-20 10:23:14,16.04
4,2,16,2026-06-20 10:33:14,16.04
4,2,16,2026-06-20 10:43:14,16.04
4,2,16,2026-06-20 10:53:14,16.04
4,2,16,2026-06-20 11:03:14,16.08
4,2,16,2026-06-20 11:13:14,16.08
4,2,16,2026-06-20 11:23:14,16.08
4,2,16,2026-06-20 11:33:14,16.04
4,2,16,2026-06-20 11:43:14,16.04
4,2,16,2026-06-20 11:53:14,16.08
4,2,16,2026-06-20 12:03:14,16.08
4,2,16,2026-06-20 12:13:14,16.04
4,2,16,2026-06-20 12:23:14,16.08
4,2,16,2026-06-20 12:33:14,16.08
4,2,16,2026-06-20 12:43:14,16.08
4,2,16,2026-06-20 12:53:14,16.13
4,2,16,2026-06-20 13:03:14,16.13
4,2,16,2026-06-20 13:13:14,16.13
4,2,16,2026-06-20 13:23:14,16.08
4,2,16,2026-06-20 13:33:14,16.13
4,2,16,2026-06-20 13:43:14,16.08
4,2,16,2026-06-20 13:53:14,16.08
4,2,16,2026-06-20 14:03:14,16.08
4,2,16,2026-06-20 14:13:14,16.17
4,2,16,2026-06-20 14:23:14,16.13
4,2,16,2026-06-20 14:33:14,16.21
4,2,16,2026-06-20 14:43:14,16.17
4,2,16,2026-06-20 14:53:14,16.21
4,2,16,2026-06-20 15:03:14,16.21
4,2,16,2026-06-20 15:13:14,16.26
4,2,16,2026-06-20 15:23:14,16.3
4,2,16,2026-06-20 15:33:14,16.34
4,2,16,2026-06-20 15:43:14,16.3
4,2,16,2026-06-20 15:53:14,16.3
4,2,16,2026-06-20 16:03:14,16.3
4,2,16,2026-06-20 16:13:14,16.34
4,2,16,2026-06-20 16:23:14,16.34
4,2,16,2026-06-20 16:33:14,16.34
4,2,16,2026-06-20 16:43:14,16.34
4,2,16,2026-06-20 16:53:14,16.34
4,2,16,2026-06-20 17:03:14,16.34
4,2,16,2026-06-20 17:13:14,16.34
4,2,16,2026-06-20 17:23:14,16.3
4,2,16,2026-06-20 17:33:14,16.26
4,2,16,2026-06-20 17:43:14,16.34
4,2,16,2026-06-20 17:53:14,16.34
4,2,16,2026-06-20 18:03:14,16.34
4,2,16,2026-06-20 18:13:14,16.34
4,2,16,2026-06-20 18:23:14,16.3
4,2,16,2026-06-20 18:33:14,16.3
4,2,16,2026-06-20 18:43:14,16.34
4,2,16,2026-06-20 18:53:14,16.3
4,2,16,2026-06-20 19:03:14,16.34
4,2,16,2026-06-20 19:13:14,16.26
4,2,16,2026-06-20 19:23:14,16.3
4,2,16,2026-06-20 19:33:14,16.3
4,2,16,2026-06-20 19:43:14,16.3
4,2,16,2026-06-20 19:53:14,16.3
4,2,16,2026-06-20 20:03:14,16.3
4,2,16,2026-06-20 20:13:14,16.3
4,2,16,2026-06-20 20:23:14,16.26
4,2,16,2026-06-20 20:33:14,16.26
4,2,16,2026-06-20 20:43:14,16.21
4,2,16,2026-06-20 20:53:14,16.21
4,2,16,2026-06-20 21:03:14,16.26
4,2,16,2026-06-20 21:13:14,16.21
4,2,16,2026-06-20 21:23:14,16.21
4,2,16,2026-06-20 21:33:14,16.21
4,2,16,2026-06-20 21:43:14,16.21
4,2,16,2026-06-20 21:53:14,16.21
4,2,16,2026-06-20 22:03:14,16.21
4,2,16,2026-06-20 22:13:14,16.17
4,2,16,2026-06-20 22:23:14,16.17
4,2,16,2026-06-20 22:33:14,16.17
4,2,16,2026-06-20 22:43:14,16.13
4,2,16,2026-06-20 22:53:14,16.17
4,2,16,2026-06-20 23:03:14,16.17
4,2,16,2026-06-20 23:13:14,16.13
4,2,16,2026-06-20 23:23:14,16.13
4,2,16,2026-06-20 23:33:14,16.13
4,2,16,2026-06-20 23:43:14,16.08
4,2,16,2026-06-20 23:53:14,16.08
4,2,16,2026-06-21 00:03:14,16.13
4,2,16,2026-06-21 00:13:14,16.08
4,2,16,2026-06-21 00:23:14,16.08
4,2,16,2026-06-21 00:33:14,16.04
4,2,16,2026-06-21 00:43:14,16.08
4,2,16,2026-06-21 00:53:14,16.04
4,2,16,2026-06-21 01:03:14,16.13
4,2,16,2026-06-21 01:13:14,16
4,2,16,2026-06-21 01:23:14,16.04
4,2,16,2026-06-21 01:33:14,16.08
4,2,16,2026-06-21 01:43:14,16.04
4,2,16,2026-06-21 01:53:14,16.04
4,2,16,2026-06-21 02:03:14,16.04
4,2,16,2026-06-21 02:13:14,16.04
4,2,16,2026-06-21 02:23:14,16.04
4,2,16,2026-06-21 02:33:14,16.04
4,2,16,2026-06-21 02:43:14,16.04
4,2,16,2026-06-21 02:53:14,16
4,2,16,2026-06-21 03:03:14,16
4,2,16,2026-06-21 03:13:14,16
4,2,16,2026-06-21 03:23:14,16
4,2,16,2026-06-21 03:33:14,16.04
4,2,16,2026-06-21 03:43:14,16
4,2,16,2026-06-21 03:53:14,16.04
4,2,16,2026-06-21 04:03:14,15.96
4,2,16,2026-06-21 04:13:14,15.96
4,2,16,2026-06-21 04:23:14,16
4,2,16,2026-06-21 04:33:14,16
4,2,16,2026-06-21 04:43:14,16
4,2,16,2026-06-21 04:53:14,15.96
4,2,16,2026-06-21 05:03:14,16.04
4,2,16,2026-06-21 05:13:14,16
4,2,16,2026-06-21 05:23:14,16
4,2,16,2026-06-21 05:33:14,15.96
4,2,16,2026-06-21 05:43:14,15.96
4,2,16,2026-06-21 05:53:14,15.96
4,2,16,2026-06-21 06:03:14,15.91
4,2,16,2026-06-21 06:13:14,15.91
4,2,16,2026-06-21 06:23:14,15.96
4,2,16,2026-06-21 06:33:14,15.96
4,2,16,2026-06-21 06:43:14,16
4,2,16,2026-06-21 06:53:14,15.96
4,2,16,2026-06-21 07:03:14,15.96
4,2,16,2026-06-21 07:13:14,15.96
4,2,16,2026-06-21 07:23:14,15.96
4,2,16,2026-06-21 07:33:14,15.96
4,2,16,2026-06-21 07:43:14,15.96
4,2,16,2026-06-21 07:53:14,15.96
4,2,16,2026-06-21 08:03:14,16
4,2,16,2026-06-21 08:13:14,15.96
4,2,16,2026-06-21 08:23:14,16
4,2,16,2026-06-21 08:33:14,16
4,2,16,2026-06-21 08:43:14,15.96
4,2,16,2026-06-21 08:53:14,15.96
4,2,16,2026-06-21 09:03:14,16
4,2,16,2026-06-21 09:13:14,16.04
4,2,16,2026-06-21 09:23:14,15.96
4,2,16,2026-06-21 09:33:14,16
4,2,16,2026-06-21 09:43:14,16
4,2,16,2026-06-21 09:53:14,16
4,2,16,2026-06-21 10:03:14,16
4,2,16,2026-06-21 10:13:14,16
4,2,16,2026-06-21 10:23:14,16.04
4,2,16,2026-06-21 10:33:14,16.08
4,2,16,2026-06-21 10:43:14,16
4,2,16,2026-06-21 10:53:14,16.08
4,2,16,2026-06-21 11:03:14,16.13
4,2,16,2026-06-21 11:13:14,16.08
4,2,16,2026-06-21 11:23:14,16.04
4,2,16,2026-06-21 11:33:14,16.08
4,2,16,2026-06-21 11:43:14,16.04
4,2,16,2026-06-21 11:53:14,16.08
4,2,16,2026-06-21 12:03:14,16.08
4,2,16,2026-06-21 12:13:14,16.08
4,2,16,2026-06-21 12:23:14,16.13
4,2,16,2026-06-21 12:33:14,16.13
4,2,16,2026-06-21 12:43:14,16.13
4,2,16,2026-06-21 12:53:14,16.04
4,2,16,2026-06-21 13:03:14,16.13
4,2,16,2026-06-21 13:13:14,16.08
4,2,16,2026-06-21 13:23:14,16.13
4,2,16,2026-06-21 13:33:14,16.08
4,2,16,2026-06-21 13:43:14,16.13
4,2,16,2026-06-21 13:53:14,16.13
4,2,16,2026-06-21 14:03:14,16.13
4,2,16,2026-06-21 14:13:14,16.13
4,2,16,2026-06-21 14:23:14,16.17
4,2,16,2026-06-21 14:33:14,16.13
4,2,16,2026-06-21 14:43:14,16.13
4,2,16,2026-06-21 14:53:14,16.13
4,2,16,2026-06-21 15:03:14,16.13
4,2,16,2026-06-21 15:13:14,16.17
4,2,16,2026-06-21 15:23:14,16.17
4,2,16,2026-06-21 15:33:14,16.21
4,2,16,2026-06-21 15:43:14,16.13
4,2,16,2026-06-21 15:53:14,16.21
4,2,16,2026-06-21 16:03:14,16.13
4,2,16,2026-06-21 16:13:14,16.17
4,2,16,2026-06-21 16:23:14,16.17
4,2,16,2026-06-21 16:33:14,16.17
4,2,16,2026-06-21 16:43:14,16.17
4,2,16,2026-06-21 16:53:14,16.17
4,2,16,2026-06-21 17:03:14,16.17
4,2,16,2026-06-21 17:13:14,16.17
4,2,16,2026-06-21 17:23:14,16.17
4,2,16,2026-06-21 17:33:14,16.17
4,2,16,2026-06-21 17:43:14,16.17
4,2,16,2026-06-21 17:53:14,16.17
4,2,16,2026-06-21 18:03:14,16.13
4,2,16,2026-06-21 18:13:14,16.17
4,2,16,2026-06-21 18:23:14,16.17
4,2,16,2026-06-21 18:33:14,16.17
4,2,16,2026-06-21 18:43:14,16.21
4,2,16,2026-06-21 18:53:14,16.21
4,2,16,2026-06-21 19:03:14,16.17
4,2,16,2026-06-21 19:13:14,16.21
4,2,16,2026-06-21 19:23:14,16.17
4,2,16,2026-06-21 19:33:14,16.21
4,2,16,2026-06-21 19:43:14,16.17
4,2,16,2026-06-21 19:53:14,16.17
4,2,16,2026-06-21 20:03:14,16.17
4,2,16,2026-06-21 20:13:14,16.21
4,2,16,2026-06-21 20:23:14,16.17
4,2,16,2026-06-21 20:33:14,16.13
4,2,16,2026-06-21 20:43:14,16.21
4,2,16,2026-06-21 20:53:14,16.13
4,2,16,2026-06-21 21:03:14,16.17
4,2,16,2026-06-21 21:13:14,16.13
4,2,16,2026-06-21 21:23:14,16.17
4,2,16,2026-06-21 21:33:14,16.13
4,2,16,2026-06-21 21:43:14,16.08
4,2,16,2026-06-21 21:53:14,16.08
4,2,16,2026-06-21 22:03:14,16.08
4,2,16,2026-06-21 22:13:14,16.13
4,2,16,2026-06-21 22:23:14,16.13
4,2,16,2026-06-21 22:33:14,16.08
4,2,16,2026-06-21 22:43:14,16.08
4,2,16,2026-06-21 22:53:14,16.08
4,2,16,2026-06-21 23:03:14,16.08
4,2,16,2026-06-21 23:13:14,16.08
4,2,16,2026-06-21 23:23:14,16.08
4,2,16,2026-06-21 23:33:14,16
4,2,16,2026-06-21 23:43:14,16.04
4,2,16,2026-06-21 23:53:14,16.04
4,2,16,2026-06-22 00:03:14,16.04
4,2,16,2026-06-22 00:13:14,16.04
4,2,16,2026-06-22 00:23:14,16.04
4,2,16,2026-06-22 00:33:14,16.04
4,2,16,2026-06-22 00:43:14,16.04
4,2,16,2026-06-22 00:53:14,16
4,2,16,2026-06-22 01:03:14,16
4,2,16,2026-06-22 01:13:14,16.04
4,2,16,2026-06-22 01:23:14,16
4,2,16,2026-06-22 01:33:14,15.96
4,2,16,2026-06-22 01:43:14,15.96
4,2,16,2026-06-22 01:53:14,16
4,2,16,2026-06-22 02:03:14,15.96
4,2,16,2026-06-22 02:13:14,16
4,2,16,2026-06-22 02:23:14,15.96
4,2,16,2026-06-22 02:33:14,15.96
4,2,16,2026-06-22 02:43:14,15.96
4,2,16,2026-06-22 02:53:14,15.96
4,2,16,2026-06-22 03:03:14,15.91
4,2,16,2026-06-22 03:13:14,15.96
4,2,16,2026-06-22 03:23:14,16
4,2,16,2026-06-22 03:33:14,15.96
4,2,16,2026-06-22 03:43:14,16
4,2,16,2026-06-22 03:53:14,15.96
4,2,16,2026-06-22 04:03:14,15.96
4,2,16,2026-06-22 04:13:14,15.96
4,2,16,2026-06-22 04:23:14,15.96
4,2,16,2026-06-22 04:33:14,16
4,2,16,2026-06-22 04:43:14,15.96
4,2,16,2026-06-22 04:53:14,15.96
4,2,16,2026-06-22 05:03:14,15.96
4,2,16,2026-06-22 05:13:14,15.96
4,2,16,2026-06-22 05:23:14,16
4,2,16,2026-06-22 05:33:14,15.96
4,2,16,2026-06-22 05:43:14,15.96
4,2,16,2026-06-22 05:53:14,15.96
4,2,16,2026-06-22 06:03:14,15.91
4,2,16,2026-06-22 06:13:14,15.96
4,2,16,2026-06-22 06:23:14,15.91
4,2,16,2026-06-22 06:33:14,15.96
4,2,16,2026-06-22 06:43:14,15.91
4,2,16,2026-06-22 06:53:14,15.91
4,2,16,2026-06-22 07:03:14,15.91
4,2,16,2026-06-22 07:13:14,15.96
4,2,16,2026-06-22 07:23:14,15.96
4,2,16,2026-06-22 07:33:14,15.91
4,2,16,2026-06-22 07:43:14,15.91
4,2,16,2026-06-22 07:53:14,15.91
4,2,16,2026-06-22 08:03:14,15.91
4,2,16,2026-06-22 08:13:14,15.96
4,2,16,2026-06-22 08:23:14,15.96
4,2,16,2026-06-22 08:33:14,15.96
4,2,16,2026-06-22 08:43:14,15.96
4,2,16,2026-06-22 08:53:14,16
4,2,16,2026-06-22 09:03:14,16
4,2,16,2026-06-22 09:13:14,16
4,2,16,2026-06-22 09:23:14,16
4,2,16,2026-06-22 09:33:14,16.04
4,2,16,2026-06-22 09:43:14,16.04
4,2,16,2026-06-22 09:53:14,16
4,2,16,2026-06-22 10:03:14,16.04
4,2,16,2026-06-22 10:13:14,16
4,2,16,2026-06-22 10:23:14,16
4,2,16,2026-06-22 10:33:14,16.04
4,2,16,2026-06-22 10:43:14,16.04
4,2,16,2026-06-22 10:53:14,16.08
4,2,16,2026-06-22 11:03:14,16.08
4,2,16,2026-06-22 11:13:14,16.08
4,2,16,2026-06-22 11:23:14,16.04
4,2,16,2026-06-22 11:33:14,16.08
4,2,16,2026-06-22 11:43:14,16.08
4,2,16,2026-06-22 11:53:14,16.13
4,2,16,2026-06-22 12:03:14,16.08
4,2,16,2026-06-22 12:13:14,16.08
4,2,16,2026-06-22 12:23:14,16.08
4,2,16,2026-06-22 12:33:14,16.08
4,2,16,2026-06-22 12:43:14,16.08
4,2,16,2026-06-22 12:53:14,16.08
4,2,16,2026-06-22 13:03:14,16.13
4,2,16,2026-06-22 13:13:14,16.13
4,2,16,2026-06-22 13:23:14,16.13
4,2,16,2026-06-22 13:33:14,16.13
4,2,16,2026-06-22 13:43:14,16.13
4,2,16,2026-06-22 13:53:14,16.17
4,2,16,2026-06-22 14:03:14,16.13
4,2,16,2026-06-22 14:13:14,16.17
4,2,16,2026-06-22 14:23:14,16.17
4,2,16,2026-06-22 14:33:14,16.13
4,2,16,2026-06-22 14:43:14,16.17
4,2,16,2026-06-22 14:53:14,16.13
4,2,16,2026-06-22 15:03:14,16.17
4,2,16,2026-06-22 15:13:14,16.17
4,2,16,2026-06-22 15:23:14,16.17
4,2,16,2026-06-22 15:33:14,16.17
4,2,16,2026-06-22 15:43:14,16.17
4,2,16,2026-06-22 15:53:14,16.17
4,2,16,2026-06-22 16:03:14,16.21
4,2,16,2026-06-22 16:13:14,16.21
4,2,16,2026-06-22 16:23:14,16.21
4,2,16,2026-06-22 16:33:14,16.21
4,2,16,2026-06-22 16:43:14,16.21
4,2,16,2026-06-22 16:53:14,16.21
4,2,16,2026-06-22 17:03:14,16.17
4,2,16,2026-06-22 17:13:14,16.21
4,2,16,2026-06-22 17:23:14,16.13
4,2,16,2026-06-22 17:33:14,16.17
4,2,16,2026-06-22 17:43:14,16.21
4,2,16,2026-06-22 17:53:14,16.17
4,2,16,2026-06-22 18:03:14,16.17
4,2,16,2026-06-22 18:13:14,16.21
4,2,16,2026-06-22 18:23:14,16.21
4,2,16,2026-06-22 18:33:14,16.21
4,2,16,2026-06-22 18:43:14,16.17
4,2,16,2026-06-22 18:53:14,16.21
4,2,16,2026-06-22 19:03:14,16.21
4,2,16,2026-06-22 19:13:14,16.21
4,2,16,2026-06-22 19:23:14,16.21
4,2,16,2026-06-22 19:33:14,16.21
4,2,16,2026-06-22 19:43:14,16.21
4,2,16,2026-06-22 19:53:14,16.26
4,2,16,2026-06-22 20:03:14,16.17
4,2,16,2026-06-22 20:13:14,16.17
4,2,16,2026-06-22 20:23:14,16.21
4,2,16,2026-06-22 20:33:14,16.17
4,2,16,2026-06-22 20:43:14,16.17
4,2,16,2026-06-22 20:53:14,16.13
4,2,16,2026-06-22 21:03:14,16.13
4,2,16,2026-06-22 21:13:14,16.17
4,2,16,2026-06-22 21:23:14,16.17
4,2,16,2026-06-22 21:33:14,16.13
4,2,16,2026-06-22 21:43:14,16.17
4,2,16,2026-06-22 21:53:14,16.17
4,2,16,2026-06-22 22:03:14,16.13
4,2,16,2026-06-22 22:13:14,16.08
4,2,16,2026-06-22 22:23:14,16.13
4,2,16,2026-06-22 22:33:14,16.13
4,2,16,2026-06-22 22:43:14,16.13
4,2,16,2026-06-22 22:53:14,16.13
4,2,16,2026-06-22 23:03:14,16.13
4,2,16,2026-06-22 23:13:14,16.08
4,2,16,2026-06-22 23:23:14,16.08
4,2,16,2026-06-22 23:33:14,16.04
4,2,16,2026-06-22 23:43:14,16.13
4,2,16,2026-06-22 23:53:14,16.04
4,2,16,2026-06-23 00:03:14,16.04
4,2,16,2026-06-23 00:13:14,16.08
4,2,16,2026-06-23 00:23:14,16.04
4,2,16,2026-06-23 00:33:14,16.08
4,2,16,2026-06-23 00:43:14,16.04
4,2,16,2026-06-23 00:53:14,16.04
4,2,16,2026-06-23 01:03:14,16.04
4,2,16,2026-06-23 01:13:14,16.04
4,2,16,2026-06-23 01:23:14,16
4,2,16,2026-06-23 01:33:14,16.04
4,2,16,2026-06-23 01:43:14,16.04
4,2,16,2026-06-23 01:53:14,16.04
4,2,16,2026-06-23 02:03:14,16.04
4,2,16,2026-06-23 02:13:14,16
4,2,16,2026-06-23 02:23:14,15.96
4,2,16,2026-06-23 02:33:14,16
4,2,16,2026-06-23 02:43:14,16
4,2,16,2026-06-23 02:53:14,16
4,2,16,2026-06-23 03:03:14,15.96
4,2,16,2026-06-23 03:13:14,16
4,2,16,2026-06-23 03:23:14,16
4,2,16,2026-06-23 03:33:14,16
4,2,16,2026-06-23 03:43:14,16
4,2,16,2026-06-23 03:53:14,15.96
4,2,16,2026-06-23 04:03:14,15.96
4,2,16,2026-06-23 04:13:14,15.96
4,2,16,2026-06-23 04:23:14,15.96
4,2,16,2026-06-23 04:33:14,15.91
4,2,16,2026-06-23 04:43:14,15.96
4,2,16,2026-06-23 04:53:14,16
4,2,16,2026-06-23 05:03:14,16
4,2,16,2026-06-23 05:13:14,15.96
4,2,16,2026-06-23 05:23:14,15.96
4,2,16,2026-06-23 05:33:14,15.96
4,2,16,2026-06-23 05:43:14,15.96
4,2,16,2026-06-23 05:53:14,15.91
4,2,16,2026-06-23 06:03:14,15.96
4,2,16,2026-06-23 06:13:14,15.96
4,2,16,2026-06-23 06:23:14,15.91
4,2,16,2026-06-23 06:33:14,15.91
4,2,16,2026-06-23 06:43:14,15.96
4,2,16,2026-06-23 06:53:14,15.91
4,2,16,2026-06-23 07:03:14,15.96
4,2,16,2026-06-23 07:13:14,15.91
4,2,16,2026-06-23 07:23:14,15.96
4,2,16,2026-06-23 07:33:14,15.91
4,2,16,2026-06-23 07:43:14,15.91
4,2,16,2026-06-23 07:53:14,15.91
4,2,16,2026-06-23 08:03:14,15.96
4,2,16,2026-06-23 08:13:14,15.91
4,2,16,2026-06-23 08:23:14,15.91
4,2,16,2026-06-23 08:33:14,16
4,2,16,2026-06-23 08:43:14,16
4,2,16,2026-06-23 08:53:14,15.96
4,2,16,2026-06-23 09:03:14,16
4,2,16,2026-06-23 09:13:14,16
4,2,16,2026-06-23 09:23:14,16
4,2,16,2026-06-23 09:33:14,16
4,2,16,2026-06-23 09:43:14,16.04
4,2,16,2026-06-23 09:53:14,16
4,2,16,2026-06-23 10:03:14,16.04
4,2,16,2026-06-23 10:13:14,16
4,2,16,2026-06-23 10:23:14,16
4,2,16,2026-06-23 10:33:14,16.08
4,2,16,2026-06-23 10:43:14,16.04
4,2,16,2026-06-23 10:53:14,16.04
4,2,16,2026-06-23 11:03:14,16.08
4,2,16,2026-06-23 11:13:14,16.04
4,2,16,2026-06-23 11:23:14,16.04
4,2,16,2026-06-23 11:33:14,16.08
4,2,16,2026-06-23 11:43:14,16.08
4,2,16,2026-06-23 11:53:14,16.13
4,2,16,2026-06-23 12:03:14,16.13
4,2,16,2026-06-23 12:13:14,16.17
4,2,16,2026-06-23 12:23:14,16.21
4,2,16,2026-06-23 12:33:14,16.21
4,2,16,2026-06-23 12:43:14,16.21
4,2,16,2026-06-23 12:53:14,16.26
4,2,16,2026-06-23 13:03:14,16.26
4,2,16,2026-06-23 13:13:14,16.26
4,2,16,2026-06-23 13:23:14,16.21
4,2,16,2026-06-23 13:33:14,16.26
4,2,16,2026-06-23 13:43:14,16.26
4,2,16,2026-06-23 13:53:14,16.26
4,2,16,2026-06-23 14:03:14,16.26
4,2,16,2026-06-23 14:13:14,16.21
4,2,16,2026-06-23 14:23:14,16.26
4,2,16,2026-06-23 14:33:14,16.3
4,2,16,2026-06-23 14:43:14,16.26
4,2,16,2026-06-23 14:53:14,16.26
4,2,16,2026-06-23 15:03:14,16.3
4,2,16,2026-06-23 15:13:14,16.26
4,2,16,2026-06-23 15:23:14,16.26
4,2,16,2026-06-23 15:33:14,16.26
4,2,16,2026-06-23 15:43:14,16.26
4,2,16,2026-06-23 15:53:14,16.3
4,2,16,2026-06-23 16:03:14,16.26
4,2,16,2026-06-23 16:13:14,16.26
4,2,16,2026-06-23 16:23:14,16.26
4,2,16,2026-06-23 16:33:14,16.26
4,2,16,2026-06-23 16:43:14,16.34
4,2,16,2026-06-23 16:53:14,16.26
4,2,16,2026-06-23 17:03:14,16.26
4,2,16,2026-06-23 17:13:14,16.3
4,2,16,2026-06-23 17:23:14,16.26
4,2,16,2026-06-23 17:33:14,16.26
4,2,16,2026-06-23 17:43:14,16.3
4,2,16,2026-06-23 17:53:14,16.26
4,2,16,2026-06-23 18:03:14,16.3
4,2,16,2026-06-23 18:13:14,16.3
4,2,16,2026-06-23 18:23:14,16.26
4,2,16,2026-06-23 18:33:14,16.26
4,2,16,2026-06-23 18:43:14,16.21
4,2,16,2026-06-23 18:53:14,16.26
4,2,16,2026-06-23 19:03:14,16.3
4,2,16,2026-06-23 19:13:14,16.26
4,2,16,2026-06-23 19:23:14,16.21
4,2,16,2026-06-23 19:33:14,16.26
4,2,16,2026-06-23 19:43:14,16.26
4,2,16,2026-06-23 19:53:14,16.26
4,2,16,2026-06-23 20:03:14,16.21
4,2,16,2026-06-23 20:13:14,16.26
4,2,16,2026-06-23 20:23:14,16.26
4,2,16,2026-06-23 20:33:14,16.21
4,2,16,2026-06-23 20:43:14,16.26
4,2,16,2026-06-23 20:53:14,16.17
4,2,16,2026-06-23 21:03:14,16.21
4,2,16,2026-06-23 21:13:14,16.21
4,2,16,2026-06-23 21:23:14,16.21
4,2,16,2026-06-23 21:33:14,16.21
4,2,16,2026-06-23 21:43:14,16.21
4,2,16,2026-06-23 21:53:14,16.17
4,2,16,2026-06-23 22:03:14,16.17
4,2,16,2026-06-23 22:13:14,16.13
4,2,16,2026-06-23 22:23:14,16.21
4,2,16,2026-06-23 22:33:14,16.13
4,2,16,2026-06-23 22:43:14,16.08
4,2,16,2026-06-23 22:53:14,16.17
4,2,16,2026-06-23 23:03:14,16.08
4,2,16,2026-06-23 23:13:14,16.13
4,2,16,2026-06-23 23:23:14,16.08
4,2,16,2026-06-23 23:33:14,16.04
4,2,16,2026-06-23 23:43:14,16.08
4,2,16,2026-06-23 23:53:14,16.13
4,2,16,2026-06-24 00:03:14,16.13
4,2,16,2026-06-24 00:13:14,16.04
4,2,16,2026-06-24 00:23:14,16.08
4,2,16,2026-06-24 00:33:14,16.08
4,2,16,2026-06-24 00:43:14,16.08
4,2,16,2026-06-24 00:53:14,16
4,2,16,2026-06-24 01:03:14,16.08
4,2,16,2026-06-24 01:13:14,16.04
4,2,16,2026-06-24 01:23:14,16.04
4,2,16,2026-06-24 01:33:14,16.04
4,2,16,2026-06-24 01:43:14,16
4,2,16,2026-06-24 01:53:14,15.96
4,2,16,2026-06-24 02:03:14,16.04
4,2,16,2026-06-24 02:13:14,15.96
4,2,16,2026-06-24 02:23:14,16
4,2,16,2026-06-24 02:33:14,16
4,2,16,2026-06-24 02:43:14,15.96
4,2,16,2026-06-24 02:53:14,15.96
4,2,16,2026-06-24 03:03:14,16
4,2,16,2026-06-24 03:13:14,15.96
4,2,16,2026-06-24 03:23:14,16
4,2,16,2026-06-24 03:33:14,16
4,2,16,2026-06-24 03:43:14,16
4,2,16,2026-06-24 03:53:14,16
4,2,16,2026-06-24 04:03:14,15.96
4,2,16,2026-06-24 04:13:14,16.04
4,2,16,2026-06-24 04:23:14,16
4,2,16,2026-06-24 04:33:14,16
4,2,16,2026-06-24 04:43:14,16
4,2,16,2026-06-24 04:53:14,16
4,2,16,2026-06-24 05:03:14,15.96
4,2,16,2026-06-24 05:13:14,16
4,2,16,2026-06-24 05:23:14,16
4,2,16,2026-06-24 05:33:14,15.96
4,2,16,2026-06-24 05:43:14,15.96
4,2,16,2026-06-24 05:53:14,16
4,2,16,2026-06-24 06:03:14,16
4,2,16,2026-06-24 06:13:14,16
4,2,16,2026-06-24 06:23:14,15.91
4,2,16,2026-06-24 06:33:14,15.96
4,2,16,2026-06-24 06:43:14,15.96
4,2,16,2026-06-24 06:53:14,16
4,2,16,2026-06-24 07:03:14,15.91
4,2,16,2026-06-24 07:13:14,15.96
4,2,16,2026-06-24 07:23:14,16
4,2,16,2026-06-24 07:33:14,15.96
4,2,16,2026-06-24 07:43:14,15.96
4,2,16,2026-06-24 07:53:14,15.96
4,2,16,2026-06-24 08:03:14,15.96
4,2,16,2026-06-24 08:13:14,15.96
4,2,16,2026-06-24 08:23:14,15.96
4,2,16,2026-06-24 08:33:14,16
4,2,16,2026-06-24 08:43:14,16
4,2,16,2026-06-24 08:53:14,15.96
4,2,16,2026-06-24 09:03:14,15.96
4,2,16,2026-06-24 09:13:14,16
4,2,16,2026-06-24 09:23:14,16
4,2,16,2026-06-24 09:33:14,16.04
4,2,16,2026-06-24 09:43:14,16.04
4,2,16,2026-06-24 09:53:14,16.04
4,2,16,2026-06-24 10:03:14,16.04
4,2,16,2026-06-24 10:13:14,16.04
4,2,16,2026-06-24 10:23:14,16.04
4,2,16,2026-06-24 10:33:14,16.04
4,2,16,2026-06-24 10:43:14,16.08
4,2,16,2026-06-24 10:53:14,16
4,2,16,2026-06-24 11:03:14,16.04
4,2,16,2026-06-24 11:13:14,16.04
4,2,16,2026-06-24 11:23:14,16.04
4,2,16,2026-06-24 11:33:14,16.08
4,2,16,2026-06-24 11:43:14,16.08
4,2,16,2026-06-24 11:53:14,16.04
4,2,16,2026-06-24 12:03:14,16.08
4,2,16,2026-06-24 12:13:14,16.13
4,2,16,2026-06-24 12:23:14,16.13
4,2,16,2026-06-24 12:33:14,16.13
4,2,16,2026-06-24 12:43:14,16.13
4,2,16,2026-06-24 12:53:14,16.13
4,2,16,2026-06-24 13:03:14,16.13
4,2,16,2026-06-24 13:13:14,16.08
4,2,16,2026-06-24 13:23:14,16.13
4,2,16,2026-06-24 13:33:14,16.13
4,2,16,2026-06-24 13:43:14,16.17
4,2,16,2026-06-24 13:53:14,16.13
4,2,16,2026-06-24 14:03:14,16.17
4,2,16,2026-06-24 14:13:14,16.13
4,2,16,2026-06-24 14:23:14,16.17
4,2,16,2026-06-24 14:33:14,16.13
4,2,16,2026-06-24 14:43:14,16.17
4,2,16,2026-06-24 14:53:14,16.13
4,2,16,2026-06-24 15:03:14,16.17
4,2,16,2026-06-24 15:13:14,16.17
4,2,16,2026-06-24 15:23:14,16.17
4,2,16,2026-06-24 15:33:14,16.21
4,2,16,2026-06-24 15:43:14,16.17
4,2,16,2026-06-24 15:53:14,16.17
4,2,16,2026-06-24 16:03:14,16.17
4,2,16,2026-06-24 16:13:14,16.21
4,2,16,2026-06-24 16:23:14,16.21
4,2,16,2026-06-24 16:33:14,16.21
4,2,16,2026-06-24 16:43:14,16.21
4,2,16,2026-06-24 16:53:14,16.17
4,2,16,2026-06-24 17:03:14,16.13
4,2,16,2026-06-24 17:13:14,16.17
4,2,16,2026-06-24 17:23:14,16.17
4,2,16,2026-06-24 17:33:14,16.21
4,2,16,2026-06-24 17:43:14,16.17
4,2,16,2026-06-24 17:53:14,16.21
4,2,16,2026-06-24 18:03:14,16.21
4,2,16,2026-06-24 18:13:14,16.21
4,2,16,2026-06-24 18:23:14,16.21
4,2,16,2026-06-24 18:33:14,16.21
4,2,16,2026-06-24 18:43:14,16.17
4,2,16,2026-06-24 18:53:14,16.21
4,2,16,2026-06-24 19:03:14,16.21
4,2,16,2026-06-24 19:13:14,16.21
4,2,16,2026-06-24 19:23:14,16.17
4,2,16,2026-06-24 19:33:14,16.21
4,2,16,2026-06-24 19:43:14,16.17
4,2,16,2026-06-24 19:53:14,16.21
4,2,16,2026-06-24 20:03:14,16.17
4,2,16,2026-06-24 20:13:14,16.21
4,2,16,2026-06-24 20:23:14,16.17
4,2,16,2026-06-24 20:33:14,16.17
4,2,16,2026-06-24 20:43:14,16.17
4,2,16,2026-06-24 20:53:14,16.17
4,2,16,2026-06-24 21:03:14,16.21
4,2,16,2026-06-24 21:13:14,16.21
4,2,16,2026-06-24 21:23:14,16.13
4,2,16,2026-06-24 21:33:14,16.17
4,2,16,2026-06-24 21:43:14,16.13
4,2,16,2026-06-24 21:53:14,16.13
4,2,16,2026-06-24 22:03:14,16.13
4,2,16,2026-06-24 22:13:14,16.08
4,2,16,2026-06-24 22:23:14,16.13
4,2,16,2026-06-24 22:33:14,16.08
4,2,16,2026-06-24 22:43:14,16.13
4,2,16,2026-06-24 22:53:14,16.08
4,2,16,2026-06-24 23:03:14,16.13
4,2,16,2026-06-24 23:13:14,16.13
4,2,16,2026-06-24 23:23:14,16.08
4,2,16,2026-06-24 23:33:14,16.08
4,2,16,2026-06-24 23:43:14,16.04
4,2,16,2026-06-24 23:53:14,16.04
4,2,16,2026-06-25 00:03:14,16.08
4,2,16,2026-06-25 00:13:14,16.08
4,2,16,2026-06-25 00:23:14,16.04
4,2,16,2026-06-25 00:33:14,16.04
4,2,16,2026-06-25 00:43:14,16.04
4,2,16,2026-06-25 00:53:14,16
4,2,16,2026-06-25 01:03:14,16.08
4,2,16,2026-06-25 01:13:14,16.08
4,2,16,2026-06-25 01:23:14,16
4,2,16,2026-06-25 01:33:14,16.04
4,2,16,2026-06-25 01:43:14,16.04
4,2,16,2026-06-25 01:53:14,16
4,2,16,2026-06-25 02:03:14,16
4,2,16,2026-06-25 02:13:14,16.04
4,2,16,2026-06-25 02:23:14,16
4,2,16,2026-06-25 02:33:14,16
4,2,16,2026-06-25 02:43:14,16
4,2,16,2026-06-25 02:53:14,16.04
4,2,16,2026-06-25 03:03:14,16
4,2,16,2026-06-25 03:13:14,15.96
4,2,16,2026-06-25 03:23:14,16
4,2,16,2026-06-25 03:33:14,15.96
4,2,16,2026-06-25 03:43:14,16
4,2,16,2026-06-25 03:53:14,16
4,2,16,2026-06-25 04:03:14,15.96
4,2,16,2026-06-25 04:13:14,16
4,2,16,2026-06-25 04:23:14,15.96
4,2,16,2026-06-25 04:33:14,16
4,2,16,2026-06-25 04:43:14,15.96
4,2,16,2026-06-25 04:53:14,15.96
4,2,16,2026-06-25 05:03:14,15.91
4,2,16,2026-06-25 05:13:14,15.96
4,2,16,2026-06-25 05:23:14,16
4,2,16,2026-06-25 05:33:14,15.96
4,2,16,2026-06-25 05:43:14,15.96
4,2,16,2026-06-25 05:53:14,15.96
4,2,16,2026-06-25 06:03:14,15.96
4,2,16,2026-06-25 06:13:14,15.96
4,2,16,2026-06-25 06:23:14,15.91
4,2,16,2026-06-25 06:33:14,15.96
4,2,16,2026-06-25 06:43:14,15.96
4,2,16,2026-06-25 06:53:14,16
4,2,16,2026-06-25 07:03:14,15.91
4,2,16,2026-06-25 07:13:14,15.96
4,2,16,2026-06-25 07:23:14,15.96
4,2,16,2026-06-25 07:33:14,15.96
4,2,16,2026-06-25 07:43:14,16
4,2,16,2026-06-25 07:53:14,15.91
4,2,16,2026-06-25 08:03:14,15.96
4,2,16,2026-06-25 08:13:14,15.96
4,2,16,2026-06-25 08:23:14,15.96
4,2,16,2026-06-25 08:33:14,15.96
4,2,16,2026-06-25 08:43:14,15.96
4,2,16,2026-06-25 08:53:14,16
4,2,16,2026-06-25 09:03:14,16
4,2,16,2026-06-25 09:13:14,16.04
4,2,16,2026-06-25 09:23:14,16
4,2,16,2026-06-25 09:33:14,16
4,2,16,2026-06-25 09:43:14,16.04
4,2,16,2026-06-25 09:53:14,16.04
4,2,16,2026-06-25 10:03:14,16.08
4,2,16,2026-06-25 10:13:14,16.04
4,2,16,2026-06-25 10:23:14,16.04
4,2,16,2026-06-25 10:33:14,16.08
4,2,16,2026-06-25 10:43:14,16
4,2,16,2026-06-25 10:53:14,16
4,2,16,2026-06-25 11:03:14,16.04
4,2,16,2026-06-25 11:13:14,16.08
4,2,16,2026-06-25 11:23:14,16.08
4,2,16,2026-06-25 11:33:14,16.04
4,2,16,2026-06-25 11:43:14,16.08
4,2,16,2026-06-25 11:53:14,16.13
4,2,16,2026-06-25 12:03:14,16.04
4,2,16,2026-06-25 12:13:14,16.08
4,2,16,2026-06-25 12:23:14,16.13
4,2,16,2026-06-25 12:33:14,16.08
4,2,16,2026-06-25 12:43:14,16.13
4,2,16,2026-06-25 12:53:14,16.13
4,2,16,2026-06-25 13:03:14,16.13
4,2,16,2026-06-25 13:13:14,16.04
4,2,16,2026-06-25 13:23:14,16.13
4,2,16,2026-06-25 13:33:14,16.13
4,2,16,2026-06-25 13:43:14,16.13
4,2,16,2026-06-25 13:53:14,16.13
4,2,16,2026-06-25 14:03:14,16.08
4,2,16,2026-06-25 14:13:14,16.13
4,2,16,2026-06-25 14:23:14,16.08
4,2,16,2026-06-25 14:33:14,16.08
4,2,16,2026-06-25 14:43:14,16.13
4,2,16,2026-06-25 14:53:14,16.13
4,2,16,2026-06-25 15:03:14,16.13
4,2,16,2026-06-25 15:13:14,16.17
4,2,16,2026-06-25 15:23:14,16.17
4,2,16,2026-06-25 15:33:14,16.13
4,2,16,2026-06-25 15:43:14,16.17
4,2,16,2026-06-25 15:53:14,16.17
4,2,16,2026-06-25 16:03:14,16.17
4,2,16,2026-06-25 16:13:14,16.13
4,2,16,2026-06-25 16:23:14,16.13
4,2,16,2026-06-25 16:33:14,16.17
4,2,16,2026-06-25 16:43:14,16.13
4,2,16,2026-06-25 16:53:14,16.13
4,2,16,2026-06-25 17:03:14,16.17
4,2,16,2026-06-25 17:13:14,16.13
4,2,16,2026-06-25 17:23:14,16.17
4,2,16,2026-06-25 17:33:14,16.17
4,2,16,2026-06-25 17:43:14,16.13
4,2,16,2026-06-25 17:53:14,16.17
4,2,16,2026-06-25 18:03:14,16.13
4,2,16,2026-06-25 18:13:14,16.17
4,2,16,2026-06-25 18:23:14,16.21
4,2,16,2026-06-25 18:33:14,16.17
4,2,16,2026-06-25 18:43:14,16.21
4,2,16,2026-06-25 18:53:14,16.17
4,2,16,2026-06-25 19:03:14,16.17
4,2,16,2026-06-25 19:13:14,16.17
4,2,16,2026-06-25 19:23:14,16.17
4,2,16,2026-06-25 19:33:14,16.13
4,2,16,2026-06-25 19:43:14,16.21
4,2,16,2026-06-25 19:53:14,16.17
4,2,16,2026-06-25 20:03:14,16.21
4,2,16,2026-06-25 20:13:14,16.21
4,2,16,2026-06-25 20:23:14,16.17
4,2,16,2026-06-25 20:33:14,16.13
4,2,16,2026-06-25 20:43:14,16.17
4,2,16,2026-06-25 20:53:14,16.13
4,2,16,2026-06-25 21:03:14,16.17
4,2,16,2026-06-25 21:13:14,16.13
4,2,16,2026-06-25 21:23:14,16.13
4,2,16,2026-06-25 21:33:14,16.13
4,2,16,2026-06-25 21:43:14,16.17
4,2,16,2026-06-25 21:53:14,16.13
4,2,16,2026-06-25 22:03:14,16.13
4,2,16,2026-06-25 22:13:14,16.13
4,2,16,2026-06-25 22:23:14,16.13
4,2,16,2026-06-25 22:33:14,16.13
4,2,16,2026-06-25 22:43:14,16.17
4,2,16,2026-06-25 22:53:14,16.08
4,2,16,2026-06-25 23:03:14,16.08
4,2,16,2026-06-25 23:13:14,16.13
4,2,16,2026-06-25 23:23:14,16.13
4,2,16,2026-06-25 23:33:14,16.13
4,2,16,2026-06-25 23:43:14,16.08
4,2,16,2026-06-25 23:53:14,16.08
4,2,16,2026-06-26 00:03:14,16.08
4,2,16,2026-06-26 00:13:14,16.08
4,2,16,2026-06-26 00:23:14,16.04
4,2,16,2026-06-26 00:33:14,16.08
4,2,16,2026-06-26 00:43:14,16.04
4,2,16,2026-06-26 00:53:14,16.04
4,2,16,2026-06-26 01:03:14,16.08
4,2,16,2026-06-26 01:13:14,16.04
4,2,16,2026-06-26 01:23:14,16.04
4,2,16,2026-06-26 01:33:14,16.08
4,2,16,2026-06-26 01:43:14,16.04
4,2,16,2026-06-26 01:53:14,16.04
4,2,16,2026-06-26 02:03:14,16.04
4,2,16,2026-06-26 02:13:14,16.04
4,2,16,2026-06-26 02:23:14,16.04
4,2,16,2026-06-26 02:33:14,16.04
4,2,16,2026-06-26 02:43:14,16.04
4,2,16,2026-06-26 02:53:14,16
4,2,16,2026-06-26 03:03:14,16.04
4,2,16,2026-06-26 03:13:14,16
4,2,16,2026-06-26 03:23:14,16
4,2,16,2026-06-26 03:33:14,15.96
4,2,16,2026-06-26 03:43:14,16
4,2,16,2026-06-26 03:53:14,16.04
4,2,16,2026-06-26 04:03:14,16
4,2,16,2026-06-26 04:13:14,16
4,2,16,2026-06-26 04:23:14,16
4,2,16,2026-06-26 04:33:14,15.96
4,2,16,2026-06-26 04:43:14,16
4,2,16,2026-06-26 04:53:14,15.96
4,2,16,2026-06-26 05:03:14,16
4,2,16,2026-06-26 05:13:14,15.96
4,2,16,2026-06-26 05:23:14,16
4,2,16,2026-06-26 05:33:14,16
4,2,16,2026-06-26 05:43:14,15.96
4,2,16,2026-06-26 05:53:14,15.96
4,2,16,2026-06-26 06:03:14,16
4,2,16,2026-06-26 06:13:14,15.91
4,2,16,2026-06-26 06:23:14,16
4,2,16,2026-06-26 06:33:14,15.96
4,2,16,2026-06-26 06:43:14,15.96
4,2,16,2026-06-26 06:53:14,15.96
4,2,16,2026-06-26 07:03:14,16
4,2,16,2026-06-26 07:13:14,15.91
4,2,16,2026-06-26 07:23:14,15.96
4,2,16,2026-06-26 07:33:14,15.96
4,2,16,2026-06-26 07:43:14,15.96
4,2,16,2026-06-26 07:53:14,15.96
4,2,16,2026-06-26 08:03:14,16
4,2,16,2026-06-26 08:13:14,15.96
4,2,16,2026-06-26 08:23:14,16
4,2,16,2026-06-26 08:33:14,16
4,2,16,2026-06-26 08:43:14,16
4,2,16,2026-06-26 08:53:14,16
4,2,16,2026-06-26 09:03:14,16
4,2,16,2026-06-26 09:13:14,16
4,2,16,2026-06-26 09:23:14,16
4,2,16,2026-06-26 09:33:14,16
4,2,16,2026-06-26 09:43:14,16
4,2,16,2026-06-26 09:53:14,16.04
4,2,16,2026-06-26 10:03:14,16
4,2,16,2026-06-26 10:13:14,16.04
4,2,16,2026-06-26 10:23:14,16.08
4,2,16,2026-06-26 10:33:14,16
4,2,16,2026-06-26 10:43:14,16
4,2,16,2026-06-26 10:53:14,16.04
4,2,16,2026-06-26 11:03:14,16.04
4,2,16,2026-06-26 11:13:14,16.08
4,2,16,2026-06-26 11:23:14,16.04
4,2,16,2026-06-26 11:33:14,16.04
4,2,16,2026-06-26 11:43:14,16.08
4,2,16,2026-06-26 11:53:14,16.08
4,2,16,2026-06-26 12:03:14,16.04
4,2,16,2026-06-26 12:13:14,16.04
4,2,16,2026-06-26 12:23:14,16.08
4,2,16,2026-06-26 12:33:14,16.08
4,2,16,2026-06-26 12:43:14,16.04
4,2,16,2026-06-26 12:53:14,16.13
4,2,16,2026-06-26 13:03:14,16.08
4,2,16,2026-06-26 13:13:14,16.08
